partition,chunk_id,source_id,chunk_type,source_title,char_count,token_count,over_limit
__shared__,00645c3e-cad2-574b-bd7e-7ec2b917fb8b,lecture:19200516b,book,Entsprechungen zwischen Mikrokosmos und Makrokosmos. Der Mensch — eine Hieroglyphe des Weltenalls.,2762,640,True
__shared__,00871b36-d2b0-58f1-acf7-68b8886daac2,lecture:19220803b,book,Nationalökonomischer Kurs.,2535,528,True
__shared__,00d8ea45-1a8e-5847-8218-23991fa27df7,lecture:19211125,book,Die Wirklichkeit der höheren Welten,2428,571,True
__shared__,01b21260-1090-5d9c-885e-6645197d7f99,908fc041-096e-4440-8593-b3267b712bf5,book,Die Wahrheit als Gesamtumfang aller Weltansichten,2308,575,True
__shared__,01b8492f-70dc-551e-972d-6b8f56077713,lecture:19200827,book,Geisteswissenschaft als Erkenntnis der Grundimpulse sozialer Gestaltung,2386,559,True
__shared__,020a9e53-3395-508d-9815-f8b7f7dadd24,lecture:19211128,book,Die Wirklichkeit der höheren Welten,2317,523,True
__shared__,0224ab18-f833-5e20-99ac-e06291219e81,d64fa532-6040-4fc2-9c43-ed4e5368bb92,book,Die Rätsel der Philosophie,2214,520,True
__shared__,03777b10-0094-5ca0-beb0-f29e272f9e79,f78a79d5-8e8f-435e-bb58-ef6577312f57,book,Lucifer-Gnosis. Grundlegende Aufsätze zur Anthroposophie und Berichte aus,2249,562,True
__shared__,039678ea-82aa-567b-ae87-71c416a4d16d,d64fa532-6040-4fc2-9c43-ed4e5368bb92,book,Die Rätsel der Philosophie,2278,585,True
__shared__,03cfdd70-7eae-5001-9667-9fcb242a3aee,lecture:19190711,book,Neugestaltung des sozialen Organismus,2105,521,True
__shared__,04d904d4-52cc-5e75-bbcd-6874cdae0d55,908fc041-096e-4440-8593-b3267b712bf5,book,Die Wahrheit als Gesamtumfang aller Weltansichten,2109,556,True
__shared__,04e4861a-f30a-5abe-a2a5-57fb6878771c,c2a4e407-cdf7-4802-be84-010cc485ef00,book,Methodische Grundlagen der Anthroposophie,2273,559,True
__shared__,04fc6d2f-ddf6-5445-82dd-384c55ee75e3,e58f6369-f7a7-4213-845f-c5b9bf82ffe5,book,Wahrheit und Wissenschaft,2094,519,True
__shared__,050b928e-2845-56eb-bd48-46c23152be96,lecture:19200303b,book,Soziale Ideen.,2332,532,True
__shared__,058f3a10-3b7d-5add-bf5a-3a52db79e3eb,c2a4e407-cdf7-4802-be84-010cc485ef00,book,Methodische Grundlagen der Anthroposophie,2085,544,True
__shared__,05a327b6-e60f-572c-84b6-42bf6e85f5ad,47b137d3-f414-406f-b142-ed72c7e8989c,book,Einleitungen zu Goethes Naturwissenschaftlichen Schriften,2862,699,True
__shared__,066141be-4abc-5683-97cc-ed32d2732a37,64e881df-0501-4815-9b0c-6cf545c383b6,book,Goethes Weltanschauung,2124,540,True
__shared__,06dc12a3-4c56-582f-a943-9ebe6b3c0366,lecture:19200915b,book,Soziale Ideen.,2581,585,True
__shared__,06ee04a6-de5a-54f4-953a-ab3ccef836f5,lecture:19190826a,book,Allgemeine Menschenkunde als Grundlage der Pädagogik,2194,515,True
__shared__,06feea00-778a-5e82-a33f-d5e68c95721d,d64fa532-6040-4fc2-9c43-ed4e5368bb92,book,Die Rätsel der Philosophie,2631,620,True
__shared__,0746b6b3-4a94-54cb-9eb1-3ecc9ee24580,47b137d3-f414-406f-b142-ed72c7e8989c,book,Einleitungen zu Goethes Naturwissenschaftlichen Schriften,2269,588,True
__shared__,0746c148-a69d-5060-9090-f586aabdc1df,d64fa532-6040-4fc2-9c43-ed4e5368bb92,book,Die Rätsel der Philosophie,2743,746,True
__shared__,080ecd64-68f6-5323-aea0-b9fda23e951f,lecture:19200608,book,Die Krisis der Gegenwart und der Weg zu gesundem Denken,2264,547,True
__shared__,0867ec56-527a-5789-837b-89531fb164b9,908fc041-096e-4440-8593-b3267b712bf5,book,Die Wahrheit als Gesamtumfang aller Weltansichten,1976,517,True
__shared__,0870d04b-3565-5130-9d9f-c83da210165e,lecture:19200511b,book,Fachwissenschaften und Anthroposophie,2210,516,True
__shared__,08de83f3-6dc7-5cdd-b811-8e7745b6d083,lecture:19210407a,book,Die befruchtende Wirkung der Anthroposophie auf die Fachwissenschaften,2259,545,True
__shared__,08fcf875-0494-5d14-bfac-4f4b4dbe051a,3b38df84-e9bc-4e70-9032-d3fa65517cfd,book,Aufsätze über die Dreigliederung des sozialen Organismus und zur Zeitlage,2682,625,True
__shared__,093a8ea9-820d-5376-aa07-d3c55c955a48,4b8e4c2a-3f1b-4d2e-9c4a-8e4f4b2c3a1d,book,Die Philosophie der Freiheit,2344,574,True
__shared__,09a1027a-ef2c-58ef-ad4e-ca7a14aa6d98,lecture:19201004,book,Fachwissenschaften und Anthroposophie,2388,563,True
__shared__,0a481848-375c-5232-8640-105e447f2afd,f78a79d5-8e8f-435e-bb58-ef6577312f57,book,Lucifer-Gnosis. Grundlegende Aufsätze zur Anthroposophie und Berichte aus,2321,536,True
__shared__,0a85487f-5926-5316-a6b2-889140f67782,47b137d3-f414-406f-b142-ed72c7e8989c,book,Einleitungen zu Goethes Naturwissenschaftlichen Schriften,2081,540,True
__shared__,0a8ee880-2198-548e-a88a-9019d3864b1d,lecture:19211202,book,Die Wirklichkeit der höheren Welten,2792,621,True
__shared__,0b2691de-a65b-5b4a-ba1b-67c04e96c85e,lecture:19190901a,book,Allgemeine Menschenkunde als Grundlage der Pädagogik,2381,571,True
__shared__,0b9c3188-a4c2-543e-8c4a-1663ace71187,lecture:19200410b,book,Entsprechungen zwischen Mikrokosmos und Makrokosmos. Der Mensch — eine Hieroglyphe des Weltenalls.,2588,570,True
__shared__,0c7212c5-8de4-57c3-a763-79e28b7ad1a1,lecture:19200424b,book,Entsprechungen zwischen Mikrokosmos und Makrokosmos. Der Mensch — eine Hieroglyphe des Weltenalls.,2067,522,True
__shared__,0d0b3eed-8df5-56e2-bcd2-b8987b8d2cd3,f78a79d5-8e8f-435e-bb58-ef6577312f57,book,Lucifer-Gnosis. Grundlegende Aufsätze zur Anthroposophie und Berichte aus,2076,531,True
__shared__,0d178159-6d6e-52c2-88c1-415dd5ec4433,908fc041-096e-4440-8593-b3267b712bf5,book,Die Wahrheit als Gesamtumfang aller Weltansichten,2271,552,True
__shared__,0d9b23d3-7a12-56e6-ab34-1613ec3e2cae,f78a79d5-8e8f-435e-bb58-ef6577312f57,book,Lucifer-Gnosis. Grundlegende Aufsätze zur Anthroposophie und Berichte aus,2284,550,True
__shared__,0dab04d9-562a-5dae-ae9e-d4fe5bc3c81d,lecture:19191106,book,Die Befreiung des Menschenwesens als Grundlage für eine soziale Neugestaltung.,2332,523,True
__shared__,0db0556b-62db-5d24-93a3-a48af39abdb6,lecture:19190619,book,Neugestaltung des sozialen Organismus,2607,569,True
__shared__,0de1df86-32c1-5ee5-9c3e-8525f3874f02,lecture:19190503,book,Neugestaltung des sozialen Organismus,2549,554,True
__shared__,0e204b57-f2ef-5ede-af7a-c497dd04cbb7,lecture:19200407b,book,Fachwissenschaften und Anthroposophie,2285,517,True
__shared__,0e96cd30-5143-51e6-836f-5d133d249490,lecture:19200913,book,Soziale Ideen.,2280,525,True
__shared__,0efe6715-9692-5dca-a703-2ad393c2be68,lecture:19190730,book,Soziale Ideen.,2192,535,True
__shared__,0f61c9bf-5519-50b2-a417-0db488b54cf1,c2a4e407-cdf7-4802-be84-010cc485ef00,book,Methodische Grundlagen der Anthroposophie,2152,542,True
__shared__,0f63a041-45d4-5706-aebe-84b6bbb49216,44217040-65bf-4150-9fa8-bac9c57cd1b1,book,Grundlinien einer Erkenntnistheorie der Goetheschen Weltanschauung,2582,598,True
__shared__,0f63a6c4-652e-5131-bb42-44d249e1e414,64e881df-0501-4815-9b0c-6cf545c383b6,book,Goethes Weltanschauung,1981,519,True
__shared__,0f7b24ef-9477-5636-b8ab-aea707aee9af,lecture:19200714,book,Soziale Ideen.,2553,566,True
__shared__,0f946aa0-a474-5c56-b9a2-02941ba2bf04,lecture:19140120b,book,Der menschliche und der kosmische Gedanke,2227,555,True
__shared__,0fc77faa-9195-5a67-bd0a-40caed4bd219,3b38df84-e9bc-4e70-9032-d3fa65517cfd,book,Aufsätze über die Dreigliederung des sozialen Organismus und zur Zeitlage,2390,562,True
__shared__,0fd3b533-c9e4-56cc-84cf-43ee5383da2b,f78a79d5-8e8f-435e-bb58-ef6577312f57,book,Lucifer-Gnosis. Grundlegende Aufsätze zur Anthroposophie und Berichte aus,2320,520,True
__shared__,0ff9b679-bd61-5604-9cbb-c5fc3e7b6b1c,lecture:19190827a,book,Allgemeine Menschenkunde als Grundlage der Pädagogik,2078,531,True
__shared__,1061afe4-20d6-5724-9ad5-04decee72662,lecture:19211129a,book,Die Wirklichkeit der höheren Welten,2344,522,True
__shared__,10b0459b-ff32-5bcf-b3e2-0a58be6ece99,lecture:19190902a,book,Allgemeine Menschenkunde als Grundlage der Pädagogik,2353,560,True
__shared__,10b7f453-c068-5e86-adba-a57bcd7efa94,lecture:19220805d,book,Nationalökonomisches Seminar.,2935,644,True
__shared__,1136bf0d-d552-58ce-94cf-c0282d4f130f,lecture:19220409,book,Damit der Mensch ganz Mensch werde,2183,516,True
__shared__,1178f147-0412-5538-9275-d5b09976b617,f3b36ec2-031d-4715-ad66-dfc7f43cc491,book,Cypherpunks,2519,608,True
__shared__,1178f3e8-9980-5798-90d9-531f17537d37,4c09f3d5-3f5c-42b7-beba-f12fc46594bc,book,Free Software Free Society,2508,572,True
__shared__,11bc55a7-8c92-54dd-b33c-8d458c3db32d,f287d43a-5108-4e0c-baa8-5e7d3badfef7,book,Gesammelte Aufsätze zur Kultur- und Zeitgeschichte,2199,575,True
__shared__,11c8cb49-649a-5def-9950-6f90108faeac,lecture:19190905a,book,Allgemeine Menschenkunde als Grundlage der Pädagogik,2448,617,True
__shared__,11fe1886-968a-5507-b664-870077b3e930,lecture:19211128,book,Die Wirklichkeit der höheren Welten,2246,521,True
__shared__,1270a6d4-75ba-5a90-88f9-a7dfad4d99ec,lecture:19220802c,book,Nationalökonomischer Kurs.,2223,522,True
__shared__,12c4c92d-e4b3-5ca1-9cf8-350400e6f8ae,lecture:19220407,book,Damit der Mensch ganz Mensch werde,2314,526,True
__shared__,134aeed4-ce90-5fb8-9903-10b2f7dd5cfb,908fc041-096e-4440-8593-b3267b712bf5,book,Die Wahrheit als Gesamtumfang aller Weltansichten,2089,518,True
__shared__,13a62b6f-11cd-5fe2-9879-3514b472e15a,lecture:19190709,book,Neugestaltung des sozialen Organismus,2257,549,True
__shared__,13b6cc06-4545-58a9-8bd9-13b558e4361d,f3b36ec2-031d-4715-ad66-dfc7f43cc491,book,Cypherpunks,2215,548,True
__shared__,13d5bef3-7f76-501a-bb8d-444c88387a20,lecture:19211129a,book,Die Wirklichkeit der höheren Welten,2216,532,True
__shared__,13f6508b-1132-5339-b434-f5b5fb839668,908fc041-096e-4440-8593-b3267b712bf5,book,Die Wahrheit als Gesamtumfang aller Weltansichten,2657,634,True
__shared__,148117f6-0d1f-5e68-898a-bf73a840a182,lecture:19220724,book,Nationalökonomischer Kurs.,2529,588,True
__shared__,14a0b770-86dd-504a-b8fa-ce47ba62541d,lecture:19190225,book,Die soziale Frage,2601,575,True
__shared__,14e0714b-3480-5d5e-bb85-b27a86071cae,lecture:19200423b,book,Entsprechungen zwischen Mikrokosmos und Makrokosmos. Der Mensch — eine Hieroglyphe des Weltenalls.,2251,518,True
__shared__,154f0aef-bff7-51ad-ab8f-bb4ff7392392,lecture:19220411,book,Damit der Mensch ganz Mensch werde,2619,627,True
__shared__,1570b03c-8c3c-5b98-8adb-c2645c59bded,lecture:19190905c,book,Erziehungskunst. Seminarbesprechungen und Lehrplanvorträge,2594,621,True
__shared__,15b4e362-dde7-55b0-a5d4-1cad3ce880d4,d64fa532-6040-4fc2-9c43-ed4e5368bb92,book,Die Rätsel der Philosophie,2150,518,True
__shared__,15bdc98e-9f1c-55eb-982b-1e3cae2ee93c,c2a4e407-cdf7-4802-be84-010cc485ef00,book,Methodische Grundlagen der Anthroposophie,2330,547,True
__shared__,1699b4e3-93a0-564e-8d49-3f99c8d07dc0,36371313-0400-4c90-9656-67d54052cf89,book,Julian Assange in his own words,1493,524,True
__shared__,16aba127-dae9-57bc-be1d-80c571cc81f0,f287d43a-5108-4e0c-baa8-5e7d3badfef7,book,Gesammelte Aufsätze zur Kultur- und Zeitgeschichte,2412,536,True
__shared__,16c8f185-945f-5867-a871-8b5f68d144a0,lecture:19191110,book,Die Befreiung des Menschenwesens als Grundlage für eine soziale Neugestaltung.,2129,527,True
__shared__,16d2adce-4190-55fe-8cfc-20f96409febc,lecture:19200409b,book,Entsprechungen zwischen Mikrokosmos und Makrokosmos. Der Mensch — eine Hieroglyphe des Weltenalls.,2300,541,True
__shared__,1709a8ae-f50a-5eea-b189-2e626a9624f5,f287d43a-5108-4e0c-baa8-5e7d3badfef7,book,Gesammelte Aufsätze zur Kultur- und Zeitgeschichte,2157,597,True
__shared__,177826f8-3e0a-563a-a579-cf2d968d60d8,lecture:19201010a,book,Soziale Ideen.,2444,535,True
__shared__,1812113e-032a-583e-a1b0-b098da8f29bd,lecture:19190905a,book,Allgemeine Menschenkunde als Grundlage der Pädagogik,2199,545,True
__shared__,19148343-b073-5cc6-824a-85334eee9495,lecture:19220411,book,Damit der Mensch ganz Mensch werde,2418,573,True
__shared__,1931a559-1093-5d47-a751-0d163d83477d,c2a4e407-cdf7-4802-be84-010cc485ef00,book,Methodische Grundlagen der Anthroposophie,1885,525,True
__shared__,195a34c5-5c7d-522e-b600-abb632ec6299,lecture:19220802c,book,Nationalökonomischer Kurs.,2169,531,True
__shared__,195a36c6-5118-5e92-a00c-6d644ac41b2f,lecture:19190614,book,Betriebsräte und Sozialisierung,2539,585,True
__shared__,1993e5c3-4d7b-55df-9c50-0e9d7fa9ac74,f287d43a-5108-4e0c-baa8-5e7d3badfef7,book,Gesammelte Aufsätze zur Kultur- und Zeitgeschichte,2943,668,True
__shared__,1999e395-8018-5cda-8cc2-c126df4f626c,4b8e4c2a-3f1b-4d2e-9c4a-8e4f4b2c3a1d,book,Die Philosophie der Freiheit,2131,529,True
__shared__,1a0d31bb-3fc2-5200-a824-03dbfd410a4c,lecture:19191014,book,Die Befreiung des Menschenwesens als Grundlage für eine soziale Neugestaltung.,2469,563,True
__shared__,1a123e58-1272-5d13-a498-87b871569453,lecture:19200910,book,Geisteswissenschaft als Erkenntnis der Grundimpulse sozialer Gestaltung,2389,545,True
__shared__,1a9759a7-c092-5e33-8974-312528861ff8,lecture:19210112b,book,Fachwissenschaften und Anthroposophie,2471,561,True
__shared__,1abd8b84-7c88-5b5f-8907-4056dea59516,lecture:19190709,book,Neugestaltung des sozialen Organismus,2300,538,True
__shared__,1b499e87-c789-5631-a7c7-389a1147c3b5,c2a4e407-cdf7-4802-be84-010cc485ef00,book,Methodische Grundlagen der Anthroposophie,2315,569,True
__shared__,1b8649bc-bd4d-5afe-b646-1527b4e25f77,4b8e4c2a-3f1b-4d2e-9c4a-8e4f4b2c3a1d,book,Die Philosophie der Freiheit,2769,638,True
__shared__,1be58c08-02c3-5dac-80ae-19760510786a,c2a4e407-cdf7-4802-be84-010cc485ef00,book,Methodische Grundlagen der Anthroposophie,2206,533,True
__shared__,1c052679-7e1a-5e49-bda2-5fac9f1a3520,f78a79d5-8e8f-435e-bb58-ef6577312f57,book,Lucifer-Gnosis. Grundlegende Aufsätze zur Anthroposophie und Berichte aus,2112,515,True
__shared__,1c081750-06f9-5b58-a4e8-0347ffc24199,lecture:19200904a,book,Geisteswissenschaft als Erkenntnis der Grundimpulse sozialer Gestaltung,2629,613,True
__shared__,1ca00ae6-3dee-580f-95af-9fd2f711251f,lecture:19190730,book,Soziale Ideen.,2292,527,True
__shared__,1d75a8bc-263e-5d65-b753-d2c7c284a54f,lecture:19220805c,book,Nationalökonomischer Kurs.,2214,532,True
__shared__,1da8f880-ba72-513a-b204-1273b6c3e467,f78a79d5-8e8f-435e-bb58-ef6577312f57,book,Lucifer-Gnosis. Grundlegende Aufsätze zur Anthroposophie und Berichte aus,2406,607,True
__shared__,1da966c5-ba4c-5455-bee7-7feaa132c218,lecture:19211126,book,Die Wirklichkeit der höheren Welten,2313,595,True
__shared__,1ec1f7dd-d05a-5c3e-b6df-4c23ad2a2cc6,d64fa532-6040-4fc2-9c43-ed4e5368bb92,book,Die Rätsel der Philosophie,1967,515,True
__shared__,1f8a1ed8-04b1-5fe5-b2f9-b0495510cbb0,47b137d3-f414-406f-b142-ed72c7e8989c,book,Einleitungen zu Goethes Naturwissenschaftlichen Schriften,2132,519,True
__shared__,202d674e-d198-575b-ac97-ec4e19d66b1b,lecture:19211129a,book,Die Wirklichkeit der höheren Welten,2368,587,True
__shared__,2031a54c-1fdd-5891-8e10-b471de255d55,908fc041-096e-4440-8593-b3267b712bf5,book,Die Wahrheit als Gesamtumfang aller Weltansichten,2559,641,True
__shared__,20c91a68-f949-5b9b-ae74-c17da60af612,908fc041-096e-4440-8593-b3267b712bf5,book,Die Wahrheit als Gesamtumfang aller Weltansichten,2210,519,True
__shared__,216458b6-a84c-522c-b83e-29d31d546dc4,lecture:19140121a,book,Der menschliche und der kosmische Gedanke,2412,594,True
__shared__,21da81d7-b937-55d8-9605-e50a9ee61539,lecture:19190311,book,Die Befreiung des Menschenwesens als Grundlage für eine soziale Neugestaltung.,2260,527,True
__shared__,22a1ac7d-f698-5803-a0ff-963cceca395b,lecture:19200911,book,Geisteswissenschaft als Erkenntnis der Grundimpulse sozialer Gestaltung,2761,644,True
__shared__,22a82b2e-9a9b-5e3f-8bf7-b00ad64187ae,f3b36ec2-031d-4715-ad66-dfc7f43cc491,book,Cypherpunks,2232,543,True
__shared__,22cd40e8-f20d-5d9f-b42b-a843f97a5be0,lecture:19190531,book,Neugestaltung des sozialen Organismus,2598,580,True
__shared__,22e6649d-6f43-5cdc-888e-d1bc687c1594,908fc041-096e-4440-8593-b3267b712bf5,book,Die Wahrheit als Gesamtumfang aller Weltansichten,2557,650,True
__shared__,22fddca4-de15-5f6b-99fa-0233e95d594b,908fc041-096e-4440-8593-b3267b712bf5,book,Die Wahrheit als Gesamtumfang aller Weltansichten,2484,605,True
__shared__,232d09f3-c8f5-544c-a069-7b9afe6b2ebd,lecture:19200918,book,Geisteswissenschaft als Erkenntnis der Grundimpulse sozialer Gestaltung,2268,522,True
__shared__,23adfaf7-2186-597c-9ea4-864f6d801977,f78a79d5-8e8f-435e-bb58-ef6577312f57,book,Lucifer-Gnosis. Grundlegende Aufsätze zur Anthroposophie und Berichte aus,2505,577,True
__shared__,23c8ae51-a697-59bb-b43f-22788e659929,f78a79d5-8e8f-435e-bb58-ef6577312f57,book,Lucifer-Gnosis. Grundlegende Aufsätze zur Anthroposophie und Berichte aus,2461,557,True
__shared__,2402e978-9870-547d-bdc7-b063cf2a87a0,f78a79d5-8e8f-435e-bb58-ef6577312f57,book,Lucifer-Gnosis. Grundlegende Aufsätze zur Anthroposophie und Berichte aus,2259,529,True
__shared__,24c57a3a-a02c-5c54-8b3c-b79e3267ef6a,908fc041-096e-4440-8593-b3267b712bf5,book,Die Wahrheit als Gesamtumfang aller Weltansichten,2376,581,True
__shared__,2570c3f7-4dc7-5342-8200-62b6f32f085e,3b38df84-e9bc-4e70-9032-d3fa65517cfd,book,Aufsätze über die Dreigliederung des sozialen Organismus und zur Zeitlage,2261,563,True
__shared__,25b9d9fb-9ef8-5947-b5fa-e5457301966d,lecture:19220410,book,Damit der Mensch ganz Mensch werde,2375,564,True
__shared__,2657b653-e81d-5178-9db4-4262adac5927,47b137d3-f414-406f-b142-ed72c7e8989c,book,Einleitungen zu Goethes Naturwissenschaftlichen Schriften,2159,526,True
__shared__,2675e2f7-eeb0-56dd-8073-96ace3c21ef0,47b137d3-f414-406f-b142-ed72c7e8989c,book,Einleitungen zu Goethes Naturwissenschaftlichen Schriften,2879,750,True
__shared__,2710bf21-196a-540a-8af9-d4252193171a,f78a79d5-8e8f-435e-bb58-ef6577312f57,book,Lucifer-Gnosis. Grundlegende Aufsätze zur Anthroposophie und Berichte aus,2361,563,True
__shared__,27144d5a-1dc8-5eca-baf9-11c98100cc4c,47b137d3-f414-406f-b142-ed72c7e8989c,book,Einleitungen zu Goethes Naturwissenschaftlichen Schriften,2252,526,True
__shared__,277f989b-f419-59ea-be45-93e03ad7c04a,c2a4e407-cdf7-4802-be84-010cc485ef00,book,Methodische Grundlagen der Anthroposophie,1982,521,True
__shared__,278bf11b-5ae4-5945-89de-3a9068d91d50,c2a4e407-cdf7-4802-be84-010cc485ef00,book,Methodische Grundlagen der Anthroposophie,2175,522,True
__shared__,27e4b748-2682-5e5d-b2d7-ed83f23878d4,c2a4e407-cdf7-4802-be84-010cc485ef00,book,Methodische Grundlagen der Anthroposophie,2502,608,True
__shared__,282d1eef-62ca-5831-8f3e-9d1d763670e3,908fc041-096e-4440-8593-b3267b712bf5,book,Die Wahrheit als Gesamtumfang aller Weltansichten,2495,662,True
__shared__,28aea311-890d-587f-bb23-037d7b9026c2,908fc041-096e-4440-8593-b3267b712bf5,book,Die Wahrheit als Gesamtumfang aller Weltansichten,2153,581,True
__shared__,2972e467-22b1-55b7-91a2-a3dd3c46735d,64e881df-0501-4815-9b0c-6cf545c383b6,book,Goethes Weltanschauung,2091,632,True
__shared__,29a69553-7e71-5e8f-9e3a-89e44037431e,f78a79d5-8e8f-435e-bb58-ef6577312f57,book,Lucifer-Gnosis. Grundlegende Aufsätze zur Anthroposophie und Berichte aus,2365,577,True
__shared__,29e62588-a98d-59a9-a3c2-f097cd562cec,lecture:19191110,book,Die Befreiung des Menschenwesens als Grundlage für eine soziale Neugestaltung.,2281,522,True
__shared__,2a14e614-9589-5780-9b2f-9b5b696f5c24,lecture:19200610b,book,Die Krisis der Gegenwart und der Weg zu gesundem Denken,2321,549,True
__shared__,2a2d250d-4372-5342-9a50-4a8e1ce33cb0,lecture:19211014a,book,Anthroposophie soziale Dreigliederung und Redekunst.,2431,523,True
__shared__,2a2e1843-8c9c-5f21-9369-62d606aa94ed,lecture:19200411b,book,Entsprechungen zwischen Mikrokosmos und Makrokosmos. Der Mensch — eine Hieroglyphe des Weltenalls.,2477,564,True
__shared__,2a629831-d1c6-5ced-b897-34491cdf6d22,lecture:19220730a,book,Nationalökonomischer Kurs.,2308,519,True
__shared__,2a669b7d-635d-563f-9b83-087b3f7fd221,lecture:19200330b,book,Fachwissenschaften und Anthroposophie,2379,574,True
__shared__,2af15215-9e09-5fa4-8e40-fc88898c12b0,c2a4e407-cdf7-4802-be84-010cc485ef00,book,Methodische Grundlagen der Anthroposophie,1855,548,True
__shared__,2afaf34b-e953-5900-94be-813ab6f97e67,908fc041-096e-4440-8593-b3267b712bf5,book,Die Wahrheit als Gesamtumfang aller Weltansichten,2176,564,True
__shared__,2b010364-4962-5ad1-9e22-8ae2f52bfe69,lecture:19200808b,book,Geisteswissenschaft als Erkenntnis der Grundimpulse sozialer Gestaltung,2376,592,True
__shared__,2b23fbbc-0086-5d4f-a504-94ceec6570fe,lecture:19200303b,book,Soziale Ideen.,2480,533,True
__shared__,2b4025dc-0c51-5c11-b56f-954608526e86,lecture:19200827,book,Geisteswissenschaft als Erkenntnis der Grundimpulse sozialer Gestaltung,2205,545,True
__shared__,2b658d58-e848-5afa-8309-ced81e31b486,lecture:19200903,book,Geisteswissenschaft als Erkenntnis der Grundimpulse sozialer Gestaltung,2230,527,True
__shared__,2b71fc92-ead8-5a88-9af7-87e4324bbfad,lecture:19190528,book,Betriebsräte und Sozialisierung,2367,522,True
__shared__,2ba408e6-7951-5585-bf70-a9eb5b128ce3,908fc041-096e-4440-8593-b3267b712bf5,book,Die Wahrheit als Gesamtumfang aller Weltansichten,2036,522,True
__shared__,2baceda5-ef03-51a4-abc9-abe945a67d51,47b137d3-f414-406f-b142-ed72c7e8989c,book,Einleitungen zu Goethes Naturwissenschaftlichen Schriften,2204,554,True
__shared__,2c247b9c-ee33-54e9-a607-fee2b7058690,lecture:19200302b,book,Die Krisis der Gegenwart und der Weg zu gesundem Denken,2344,570,True
__shared__,2c523ac8-ed74-5d50-9f9b-7684c5cb52b7,lecture:19200808b,book,Geisteswissenschaft als Erkenntnis der Grundimpulse sozialer Gestaltung,2316,580,True
__shared__,2d55fd83-3bea-52e1-bfd3-fc65d92d6be7,908fc041-096e-4440-8593-b3267b712bf5,book,Die Wahrheit als Gesamtumfang aller Weltansichten,2082,540,True
__shared__,2d89ad77-bd81-5f4b-b714-6716a1863351,d64fa532-6040-4fc2-9c43-ed4e5368bb92,book,Die Rätsel der Philosophie,2382,583,True
__shared__,2d8b6faf-31c3-533a-9872-0613a8b91faa,908fc041-096e-4440-8593-b3267b712bf5,book,Die Wahrheit als Gesamtumfang aller Weltansichten,2317,578,True
__shared__,2de53d89-bea6-5dcd-8541-ca9b83ec2863,c2a4e407-cdf7-4802-be84-010cc485ef00,book,Methodische Grundlagen der Anthroposophie,2114,526,True
__shared__,2e98c75c-e249-5ae8-9da7-46ee248d928e,lecture:19190709,book,Neugestaltung des sozialen Organismus,2420,533,True
__shared__,2ef1a1b9-8a33-587b-881f-f4667df7acd7,7758c53c-72bd-41f1-ae51-843eb2a0f718,book,Various Interviews and Articles,2251,525,True
__shared__,2ef1fdc2-24cf-59a4-b00d-fa04a606c5e7,64e881df-0501-4815-9b0c-6cf545c383b6,book,Goethes Weltanschauung,2279,534,True
__shared__,2f3d346d-9b7a-5b8a-b988-b4e44851b727,lecture:19190709,book,Neugestaltung des sozialen Organismus,2411,548,True
__shared__,2f3ff539-50e9-554b-9952-ded198815759,lecture:19200426b,book,Vom Einheitsstaat zum dreigliedrigen sozialen Organismus,2642,594,True
__shared__,2f6b3b8d-9932-570a-a1a9-4aacb08b206c,64e881df-0501-4815-9b0c-6cf545c383b6,book,Goethes Weltanschauung,2169,534,True
__shared__,2fb17326-d3e8-5310-a5c0-2a783af14cb3,d64fa532-6040-4fc2-9c43-ed4e5368bb92,book,Die Rätsel der Philosophie,2188,526,True
__shared__,2fbca8be-5878-5da4-98af-364de235ed9b,7758c53c-72bd-41f1-ae51-843eb2a0f718,book,Various Interviews and Articles,2575,818,True
__shared__,300cda77-88d1-5ba1-9c11-bf1ea1d7e8b9,lecture:19220804c,book,Nationalökonomisches Seminar.,2231,519,True
__shared__,3030956b-272b-5461-955c-9b8f0a885fff,f78a79d5-8e8f-435e-bb58-ef6577312f57,book,Lucifer-Gnosis. Grundlegende Aufsätze zur Anthroposophie und Berichte aus,2256,598,True
__shared__,30e1d9a0-0558-5ce0-80c3-cdcdf41ace36,f287d43a-5108-4e0c-baa8-5e7d3badfef7,book,Gesammelte Aufsätze zur Kultur- und Zeitgeschichte,2066,525,True
__shared__,30eab2ee-2a97-57d9-a0cc-04458587444d,lecture:19211012,book,Anthroposophie soziale Dreigliederung und Redekunst.,2647,616,True
__shared__,30ed3178-6731-5f83-a893-ca1350e25ae3,lecture:19190605,book,Betriebsräte und Sozialisierung,2405,524,True
__shared__,30f5b868-2805-51e7-b949-5eaa7d758fa6,d64fa532-6040-4fc2-9c43-ed4e5368bb92,book,Die Rätsel der Philosophie,2621,623,True
__shared__,32883345-4454-5770-9a19-34d4b38f48fa,lecture:19140123c,book,Der menschliche und der kosmische Gedanke,2210,516,True
__shared__,32f9cca1-7727-5d4c-8e0d-73a806b39ab8,4b8e4c2a-3f1b-4d2e-9c4a-8e4f4b2c3a1d,book,Die Philosophie der Freiheit,2221,524,True
__shared__,332c38d2-9d43-5bea-9c6e-0338e53507c0,64e881df-0501-4815-9b0c-6cf545c383b6,book,Goethes Weltanschauung,2318,557,True
__shared__,3349a265-f85a-5341-b905-e16fcaf44604,3b38df84-e9bc-4e70-9032-d3fa65517cfd,book,Aufsätze über die Dreigliederung des sozialen Organismus und zur Zeitlage,2415,599,True
__shared__,33d7443b-767e-53fb-9d9a-9b3e838ada0c,f287d43a-5108-4e0c-baa8-5e7d3badfef7,book,Gesammelte Aufsätze zur Kultur- und Zeitgeschichte,2199,527,True
__shared__,34fad2f6-8543-5a82-8050-d1bfdcc1128f,47b137d3-f414-406f-b142-ed72c7e8989c,book,Einleitungen zu Goethes Naturwissenschaftlichen Schriften,2184,564,True
__shared__,34fea27f-2ecf-5edf-a876-62bfa9f489bb,c2a4e407-cdf7-4802-be84-010cc485ef00,book,Methodische Grundlagen der Anthroposophie,2322,583,True
__shared__,350b390f-59b5-5d33-bd4e-c0ca58b30dca,47b137d3-f414-406f-b142-ed72c7e8989c,book,Einleitungen zu Goethes Naturwissenschaftlichen Schriften,2318,544,True
__shared__,3525a079-56d1-51fd-b2be-9455895a48cd,lecture:19200304b,book,Die Krisis der Gegenwart und der Weg zu gesundem Denken,2375,537,True
__shared__,3546ecd8-f197-5fa8-9101-f2dbee06021c,908fc041-096e-4440-8593-b3267b712bf5,book,Die Wahrheit als Gesamtumfang aller Weltansichten,2019,550,True
__shared__,3555295e-65eb-5b2f-8fb8-f96709efa3a7,7758c53c-72bd-41f1-ae51-843eb2a0f718,book,Various Interviews and Articles,2350,622,True
__shared__,35dc45d9-87f0-5390-9116-8c74ece895c3,lecture:19210115b,book,Fachwissenschaften und Anthroposophie,2457,575,True
__shared__,3677583f-e8ab-5b7c-b6a0-4b31e1e0b88f,lecture:19220411,book,Damit der Mensch ganz Mensch werde,2181,561,True
__shared__,370ff735-4e99-53d4-8d78-d70030ca5991,lecture:19200816,book,Soziale Ideen.,2293,525,True
__shared__,37a89d25-dcb4-5f41-ba37-8515797c994b,3b38df84-e9bc-4e70-9032-d3fa65517cfd,book,Aufsätze über die Dreigliederung des sozialen Organismus und zur Zeitlage,2469,583,True
__shared__,37c20476-e462-5c57-a674-3622b12530a5,44217040-65bf-4150-9fa8-bac9c57cd1b1,book,Grundlinien einer Erkenntnistheorie der Goetheschen Weltanschauung,2154,518,True
__shared__,3806debb-7f08-5cdd-8b4f-4ec13cc30836,c2a4e407-cdf7-4802-be84-010cc485ef00,book,Methodische Grundlagen der Anthroposophie,2083,517,True
__shared__,3830143c-5e54-5a9f-8661-bfcab145a270,908fc041-096e-4440-8593-b3267b712bf5,book,Die Wahrheit als Gesamtumfang aller Weltansichten,2174,528,True
__shared__,383b53e8-7955-5bd6-856f-e7cefec05b57,lecture:19200303b,book,Soziale Ideen.,2397,535,True
__shared__,38b2d527-b4ce-510f-b2b7-4929f702d6a6,lecture:19220729b,book,Nationalökonomischer Kurs.,2476,571,True
__shared__,38bd05e8-79e2-52f7-83e4-21979709cab7,f78a79d5-8e8f-435e-bb58-ef6577312f57,book,Lucifer-Gnosis. Grundlegende Aufsätze zur Anthroposophie und Berichte aus,2390,621,True
__shared__,38d5ef85-2e8e-5b1d-9d33-25cc248dba41,lecture:19190212,book,Die soziale Frage,2448,558,True
__shared__,391295e6-88df-5bb4-bca6-afd97aec7c3f,c2a4e407-cdf7-4802-be84-010cc485ef00,book,Methodische Grundlagen der Anthroposophie,2223,514,True
__shared__,393ac6ba-2964-5e2c-ab6c-de6328e71e1d,36371313-0400-4c90-9656-67d54052cf89,book,Julian Assange in his own words,2139,517,True
__shared__,39611393-844b-5f33-9451-feeab6a95e96,4b8e4c2a-3f1b-4d2e-9c4a-8e4f4b2c3a1d,book,Die Philosophie der Freiheit,2255,559,True
__shared__,39650886-a2e6-54b1-86b1-814e7935becf,lecture:19201010a,book,Soziale Ideen.,2277,521,True
__shared__,398170fb-0c5d-5d4e-9d98-3897f7cf285e,lecture:19200608,book,Die Krisis der Gegenwart und der Weg zu gesundem Denken,2504,585,True
__shared__,3996e600-b566-5bbc-8591-2947aaecfbf3,lecture:19200310b,book,Die Krisis der Gegenwart und der Weg zu gesundem Denken,2288,529,True
__shared__,39cafe44-0c71-513d-a2ab-46b5b8cb1055,d64fa532-6040-4fc2-9c43-ed4e5368bb92,book,Die Rätsel der Philosophie,2282,559,True
__shared__,3a192abb-70ac-5e30-b8ca-032f5de27fe2,c2a4e407-cdf7-4802-be84-010cc485ef00,book,Methodische Grundlagen der Anthroposophie,2565,616,True
__shared__,3a6d822e-db40-50eb-b846-20d833aad13e,f78a79d5-8e8f-435e-bb58-ef6577312f57,book,Lucifer-Gnosis. Grundlegende Aufsätze zur Anthroposophie und Berichte aus,2280,548,True
__shared__,3ab32019-26b5-5d21-82d2-4e72a94ac8ec,lecture:19191028,book,Soziale Zukunft,2337,539,True
__shared__,3b1c5554-46fa-58ff-8067-2d54ceec77a6,lecture:19190522,book,Betriebsräte und Sozialisierung,2527,532,True
__shared__,3b26fc8a-8d47-56d6-a14d-67eba9e5a7b0,c2a4e407-cdf7-4802-be84-010cc485ef00,book,Methodische Grundlagen der Anthroposophie,2315,517,True
__shared__,3b63937c-246d-587d-866e-a401b958e0da,908fc041-096e-4440-8593-b3267b712bf5,book,Die Wahrheit als Gesamtumfang aller Weltansichten,2394,590,True
__shared__,3bda8777-d020-54af-87f3-fbd871129bae,lecture:19200327c,book,Fachwissenschaften und Anthroposophie,2458,538,True
__shared__,3c3081e5-6f0e-541e-a50c-9ab8ab273d24,d64fa532-6040-4fc2-9c43-ed4e5368bb92,book,Die Rätsel der Philosophie,2027,524,True
__shared__,3c30d92a-bcd4-5c02-9ff5-9c675c158ffc,lecture:19201006c,book,Fachwissenschaften und Anthroposophie,2496,565,True
__shared__,3d347aca-6c43-52ff-95dd-b87c9b8ba0d5,lecture:19200409b,book,Entsprechungen zwischen Mikrokosmos und Makrokosmos. Der Mensch — eine Hieroglyphe des Weltenalls.,2311,527,True
__shared__,3d4e7148-ead2-5696-9fc9-af6bdf99d141,f287d43a-5108-4e0c-baa8-5e7d3badfef7,book,Gesammelte Aufsätze zur Kultur- und Zeitgeschichte,2379,631,True
__shared__,3d6615c0-6aba-516a-82dd-942cc971dafa,lecture:19210403a,book,Die befruchtende Wirkung der Anthroposophie auf die Fachwissenschaften,2600,584,True
__shared__,3d91fc41-dac5-58a9-9595-623ee6f36cb2,d64fa532-6040-4fc2-9c43-ed4e5368bb92,book,Die Rätsel der Philosophie,2318,539,True
__shared__,3de33623-97c0-54a6-9ea3-c977152f71cd,lecture:19140122,book,Der menschliche und der kosmische Gedanke,2621,609,True
__shared__,3e2f9b2c-6f42-5494-96fc-a2696259b9a0,lecture:19200608,book,Die Krisis der Gegenwart und der Weg zu gesundem Denken,2699,633,True
__shared__,3e5dbe9d-1d3e-5346-b1f9-07024d4ac8fa,d64fa532-6040-4fc2-9c43-ed4e5368bb92,book,Die Rätsel der Philosophie,2181,558,True
__shared__,3efab679-79a5-53cc-bfb2-d34957376305,908fc041-096e-4440-8593-b3267b712bf5,book,Die Wahrheit als Gesamtumfang aller Weltansichten,2177,547,True
__shared__,3f0b9386-29aa-5ff4-95c5-a68d9170de9d,908fc041-096e-4440-8593-b3267b712bf5,book,Die Wahrheit als Gesamtumfang aller Weltansichten,2134,513,True
__shared__,3f125b21-3aa9-5494-b502-0f2849afd643,lecture:19220409,book,Damit der Mensch ganz Mensch werde,2331,549,True
__shared__,3feb0005-8d98-53c1-965f-38d09bd0f169,lecture:19211130,book,Die Wirklichkeit der höheren Welten,2350,536,True
__shared__,3ff7485b-9ff3-520b-af63-0d809e284ea7,lecture:19200324b,book,Fachwissenschaften und Anthroposophie,2247,518,True
__shared__,4000fd4c-d05a-5d53-8479-b2a3bf4ca036,lecture:19190203,book,Die soziale Frage,2614,561,True
__shared__,4003ce07-9593-50ec-a8b9-c0b530a94234,lecture:19190619,book,Neugestaltung des sozialen Organismus,2376,537,True
__shared__,4084fb76-2bfb-5e48-a21f-cef09eb180fd,lecture:19200319,book,Vom Einheitsstaat zum dreigliedrigen sozialen Organismus,2483,527,True
__shared__,40cabec7-cffe-50f8-9fb4-f5486f857b6f,lecture:19190711,book,Neugestaltung des sozialen Organismus,2282,520,True
__shared__,40f60055-f401-5ee5-80d2-253c3d099c50,c2a4e407-cdf7-4802-be84-010cc485ef00,book,Methodische Grundlagen der Anthroposophie,2364,535,True
__shared__,418b6e67-67ca-5ea5-83eb-4042c43c641c,d64fa532-6040-4fc2-9c43-ed4e5368bb92,book,Die Rätsel der Philosophie,2331,584,True
__shared__,41e507e3-a59a-5bc9-91e2-3d3ad863e4ac,lecture:19200418a,book,Vom Einheitsstaat zum dreigliedrigen sozialen Organismus,2838,638,True
__shared__,41efe824-f567-56f8-92e1-2dc85ea9c369,f287d43a-5108-4e0c-baa8-5e7d3badfef7,book,Gesammelte Aufsätze zur Kultur- und Zeitgeschichte,2020,530,True
__shared__,42c976cb-24a1-5e0e-af1f-ea32198365e3,lecture:19190308,book,Die soziale Frage,2210,520,True
__shared__,432d6057-08a5-5e90-9c29-cc9818c72426,7758c53c-72bd-41f1-ae51-843eb2a0f718,book,Various Interviews and Articles,2277,520,True
__shared__,4348009c-809b-550b-892d-dd0c23a897d0,f8e6c475-a0e5-4081-b265-61a7536a183e,book,Die Kernpunkte der sozialen Frage,2173,561,True
__shared__,442bc7f9-18f2-5470-8d38-942ce8b62eae,47b137d3-f414-406f-b142-ed72c7e8989c,book,Einleitungen zu Goethes Naturwissenschaftlichen Schriften,2361,602,True
__shared__,44a40d35-3c33-5a23-a40b-592fb21c4538,lecture:19210404a,book,Die befruchtende Wirkung der Anthroposophie auf die Fachwissenschaften,2610,596,True
__shared__,44ac2b1a-f7f0-562f-a679-654164a09895,lecture:19190709,book,Neugestaltung des sozialen Organismus,2267,545,True
__shared__,44e57447-03d8-5956-b1e1-aa6c53060455,lecture:19211013,book,Anthroposophie soziale Dreigliederung und Redekunst.,2066,514,True
__shared__,450c8d55-cd3b-5eed-bbef-68f31213a6d6,lecture:19200616,book,Soziale Ideen.,2674,605,True
__shared__,45a1c4dc-0ebe-50f2-b56e-6c679a0d1cb2,lecture:19220412a,book,Damit der Mensch ganz Mensch werde,2289,548,True
__shared__,45d97422-4110-5fe9-b737-9b4a8ffaa4c4,7758c53c-72bd-41f1-ae51-843eb2a0f718,book,Various Interviews and Articles,2294,513,True
__shared__,460bc9e3-b572-531e-93aa-aae6b2a7375f,lecture:19210404a,book,Die befruchtende Wirkung der Anthroposophie auf die Fachwissenschaften,2543,612,True
__shared__,462a91dd-1822-5c69-950f-bbbb2bd947e0,d64fa532-6040-4fc2-9c43-ed4e5368bb92,book,Die Rätsel der Philosophie,2144,574,True
__shared__,4637d097-f3a3-5919-8c1f-dd1727ee2f19,lecture:19190827b,book,Erziehungskunst. Methodisch-Didaktisches,2298,517,True
__shared__,46aedeb5-b60d-5f5a-9baa-2baa54aaac49,lecture:19211012,book,Anthroposophie soziale Dreigliederung und Redekunst.,2824,653,True
__shared__,4735da59-9759-520c-82ff-57dfb9f71365,908fc041-096e-4440-8593-b3267b712bf5,book,Die Wahrheit als Gesamtumfang aller Weltansichten,2516,622,True
__shared__,4793b25c-b541-59f8-a5bb-b384e8dd20a9,lecture:19190711,book,Neugestaltung des sozialen Organismus,2189,527,True
__shared__,4855123c-aea9-56cf-899e-0e3661a230ac,lecture:19190717,book,Betriebsräte und Sozialisierung,2274,529,True
__shared__,487e34bc-4173-56ec-9109-4fa3cfe6b2f9,4b8e4c2a-3f1b-4d2e-9c4a-8e4f4b2c3a1d,book,Die Philosophie der Freiheit,2301,543,True
__shared__,4890b4de-74d5-59e1-9af4-d47ba5e9c356,36371313-0400-4c90-9656-67d54052cf89,book,Julian Assange in his own words,2420,589,True
__shared__,48dd7996-89e3-56d1-b758-9a25af3b68c7,lecture:19190709,book,Neugestaltung des sozialen Organismus,2204,513,True
__shared__,4900ff67-bf30-5ef4-8158-678d30c31d50,lecture:19190516,book,Neugestaltung des sozialen Organismus,2752,616,True
__shared__,494fc873-d644-594c-9155-a81e9ebbba6a,lecture:19200502b,book,Entsprechungen zwischen Mikrokosmos und Makrokosmos. Der Mensch — eine Hieroglyphe des Weltenalls.,2352,536,True
__shared__,4979e89a-6d2d-5aa1-8cac-018fc8f7da32,f78a79d5-8e8f-435e-bb58-ef6577312f57,book,Lucifer-Gnosis. Grundlegende Aufsätze zur Anthroposophie und Berichte aus,2451,638,True
__shared__,49c4cd58-3fd8-5598-85f5-daec02357dd1,7758c53c-72bd-41f1-ae51-843eb2a0f718,book,Various Interviews and Articles,2218,534,True
__shared__,4a6e0e5e-d8fb-57d3-9cb9-a0404b1608e4,908fc041-096e-4440-8593-b3267b712bf5,book,Die Wahrheit als Gesamtumfang aller Weltansichten,1879,513,True
__shared__,4a6efac0-16bc-5c45-92c7-083e57c41303,908fc041-096e-4440-8593-b3267b712bf5,book,Die Wahrheit als Gesamtumfang aller Weltansichten,2364,599,True
__shared__,4a9749a6-6f7d-5e45-94bc-48db79544d83,f78a79d5-8e8f-435e-bb58-ef6577312f57,book,Lucifer-Gnosis. Grundlegende Aufsätze zur Anthroposophie und Berichte aus,2340,535,True
__shared__,4b16707c-8316-547c-afb7-512a06767020,lecture:19190319,book,Die Befreiung des Menschenwesens als Grundlage für eine soziale Neugestaltung.,2392,549,True
__shared__,4b274574-3cce-546d-b7ff-b2d90743d11b,f287d43a-5108-4e0c-baa8-5e7d3badfef7,book,Gesammelte Aufsätze zur Kultur- und Zeitgeschichte,2421,516,True
__shared__,4b6cda18-ecd5-5f32-a8cd-2b6414702f8a,c2a4e407-cdf7-4802-be84-010cc485ef00,book,Methodische Grundlagen der Anthroposophie,2563,610,True
__shared__,4b75d20d-cf5f-50ce-b3f5-f791897ae04e,c2a4e407-cdf7-4802-be84-010cc485ef00,book,Methodische Grundlagen der Anthroposophie,2238,552,True
__shared__,4bc74bd4-34fc-5ef1-9e8f-2e3202d454be,lecture:19220412a,book,Damit der Mensch ganz Mensch werde,2184,520,True
__shared__,4c3a70f3-80be-5d18-86a6-f05c6acda879,lecture:19200814,book,Geisteswissenschaft als Erkenntnis der Grundimpulse sozialer Gestaltung,2679,633,True
__shared__,4c4ed0ec-3797-5c31-8f63-ccc4788aa045,lecture:19190618,book,Neugestaltung des sozialen Organismus,2808,626,True
__shared__,4cc7d454-cd58-5cf6-b010-9fadb297a1a5,908fc041-096e-4440-8593-b3267b712bf5,book,Die Wahrheit als Gesamtumfang aller Weltansichten,2218,576,True
__shared__,4cfe38c9-a4d2-5e73-be73-1fafe331c61a,f287d43a-5108-4e0c-baa8-5e7d3badfef7,book,Gesammelte Aufsätze zur Kultur- und Zeitgeschichte,2238,563,True
__shared__,4dc31541-c1cd-54fb-b955-96f6be335183,lecture:19191110,book,Die Befreiung des Menschenwesens als Grundlage für eine soziale Neugestaltung.,2294,532,True
__shared__,4dfc71ea-b8d9-5de6-8f90-543c3f083a63,64e881df-0501-4815-9b0c-6cf545c383b6,book,Goethes Weltanschauung,2272,538,True
__shared__,4e0dfa18-2012-5891-a661-1332bf794259,lecture:19200502b,book,Entsprechungen zwischen Mikrokosmos und Makrokosmos. Der Mensch — eine Hieroglyphe des Weltenalls.,2451,558,True
__shared__,4e3e9781-89b8-5d6c-ae2e-e5b9e026f1aa,lecture:19200319,book,Vom Einheitsstaat zum dreigliedrigen sozialen Organismus,2620,564,True
__shared__,4e9bb636-858d-5d26-8875-9ac2bf29e0b0,4b8e4c2a-3f1b-4d2e-9c4a-8e4f4b2c3a1d,book,Die Philosophie der Freiheit,2401,535,True
__shared__,4ef1a975-467b-54f0-8803-21c47e5c7e98,908fc041-096e-4440-8593-b3267b712bf5,book,Die Wahrheit als Gesamtumfang aller Weltansichten,2100,516,True
__shared__,4f19fdd2-b34b-5e5e-b36b-fe3145bb28eb,lecture:19190428,book,Neugestaltung des sozialen Organismus,2419,552,True
__shared__,4f25c116-c2ea-5c86-a53a-f4f13233bcea,lecture:19190904a,book,Allgemeine Menschenkunde als Grundlage der Pädagogik,2227,522,True
__shared__,4fa74373-8b43-540c-9aad-c29de2899fd6,lecture:19200506b,book,Vom Einheitsstaat zum dreigliedrigen sozialen Organismus,2330,543,True
__shared__,4fd5131e-450b-5acf-b645-4c0468afc131,4b8e4c2a-3f1b-4d2e-9c4a-8e4f4b2c3a1d,book,Die Philosophie der Freiheit,2880,662,True
__shared__,501891e5-d2c0-5479-94f1-347e1d9c03ea,lecture:19200917,book,Geisteswissenschaft als Erkenntnis der Grundimpulse sozialer Gestaltung,2350,569,True
__shared__,503aa2bc-43c9-5ac5-b69d-79653bb507b3,lecture:19200303b,book,Soziale Ideen.,2737,614,True
__shared__,50b552c7-d8f4-5804-9638-8b1cc9d0764b,lecture:19200608,book,Die Krisis der Gegenwart und der Weg zu gesundem Denken,2179,515,True
__shared__,50c2c7e4-156a-5c26-9c2b-acfa3e5968b7,lecture:19190311,book,Die Befreiung des Menschenwesens als Grundlage für eine soziale Neugestaltung.,2666,577,True
__shared__,50d1cbb0-6d59-5742-a4a4-9b8c24c2a664,64e881df-0501-4815-9b0c-6cf545c383b6,book,Goethes Weltanschauung,2124,545,True
__shared__,50e3278a-fb92-5d0e-b752-4865c03ce4d1,d64fa532-6040-4fc2-9c43-ed4e5368bb92,book,Die Rätsel der Philosophie,2285,554,True
__shared__,512162e0-15fa-5cac-a9b8-008dcbc2de4a,47b137d3-f414-406f-b142-ed72c7e8989c,book,Einleitungen zu Goethes Naturwissenschaftlichen Schriften,2160,537,True
__shared__,518c83ec-0f3c-5af5-9ed1-dffa35276d27,lecture:19200302b,book,Die Krisis der Gegenwart und der Weg zu gesundem Denken,2187,520,True
__shared__,51c7b8c9-1885-5b57-8788-c46ebc0d2b18,47b137d3-f414-406f-b142-ed72c7e8989c,book,Einleitungen zu Goethes Naturwissenschaftlichen Schriften,2174,516,True
__shared__,5244b1f5-bd6d-5510-a6e8-7bb9fb2392bd,lecture:19190821a,book,Allgemeine Menschenkunde als Grundlage der Pädagogik,2854,647,True
__shared__,52b688a5-f4df-5b9b-b9f5-e25ef260d563,908fc041-096e-4440-8593-b3267b712bf5,book,Die Wahrheit als Gesamtumfang aller Weltansichten,2287,581,True
__shared__,52e04905-eedc-50cb-a511-77dc0216993a,lecture:19200326b,book,Fachwissenschaften und Anthroposophie,2327,543,True
__shared__,52e95087-c24b-5d0c-80d3-e95c75024fde,3b38df84-e9bc-4e70-9032-d3fa65517cfd,book,Aufsätze über die Dreigliederung des sozialen Organismus und zur Zeitlage,2267,535,True
__shared__,530bd490-278d-52e6-b2d7-6bdfb3688afa,lecture:19201110,book,Die Krisis der Gegenwart und der Weg zu gesundem Denken,2303,527,True
__shared__,532a62a7-5423-5839-9380-e9a64a7a503c,lecture:19200616,book,Soziale Ideen.,2510,561,True
__shared__,536ceb14-e449-5011-8372-8a9cc10605a2,lecture:19200822b,book,Geisteswissenschaft als Erkenntnis der Grundimpulse sozialer Gestaltung,2137,545,True
__shared__,53736d49-519f-5505-86a8-b0f205f83c9b,lecture:19190513,book,Neugestaltung des sozialen Organismus,2328,527,True
__shared__,538b4938-874e-5a10-b7a8-119a2fd8b2fb,lecture:19211129a,book,Die Wirklichkeit der höheren Welten,2323,554,True
__shared__,53915254-f84d-55aa-930a-a47a057b9b1c,lecture:19200505b,book,Vom Einheitsstaat zum dreigliedrigen sozialen Organismus,2214,536,True
__shared__,53c25307-756f-5d81-9428-490cf0e0c19a,f78a79d5-8e8f-435e-bb58-ef6577312f57,book,Lucifer-Gnosis. Grundlegende Aufsätze zur Anthroposophie und Berichte aus,2309,546,True
__shared__,53d2710a-cf34-5d6c-ac8c-4b24451e6e7b,f78a79d5-8e8f-435e-bb58-ef6577312f57,book,Lucifer-Gnosis. Grundlegende Aufsätze zur Anthroposophie und Berichte aus,2553,578,True
__shared__,53e81965-c324-53d8-902a-c6a7a85fce8c,908fc041-096e-4440-8593-b3267b712bf5,book,Die Wahrheit als Gesamtumfang aller Weltansichten,2174,523,True
__shared__,5444f9b7-aad2-53f8-9419-65978ae98dbe,lecture:19190522,book,Betriebsräte und Sozialisierung,2512,539,True
__shared__,54c9af54-42a6-56ef-9175-6156a214e6d9,f287d43a-5108-4e0c-baa8-5e7d3badfef7,book,Gesammelte Aufsätze zur Kultur- und Zeitgeschichte,2459,583,True
__shared__,54d0b6e2-b89d-56ad-9761-bb347cbb89b1,lecture:19200904a,book,Geisteswissenschaft als Erkenntnis der Grundimpulse sozialer Gestaltung,2288,552,True
__shared__,54e2eaad-3777-518d-9e06-8b8f9d9971d7,lecture:19220410,book,Damit der Mensch ganz Mensch werde,2110,523,True
__shared__,5511426b-fc68-5fc0-8a32-abf205d1b58f,lecture:19190906a,book,Erziehungskunst. Seminarbesprechungen und Lehrplanvorträge,2461,585,True
__shared__,5517f100-8ae4-5c82-ab4e-4537bba3875d,7758c53c-72bd-41f1-ae51-843eb2a0f718,book,Various Interviews and Articles,2461,599,True
__shared__,5540bbea-b2f2-5288-8f65-7f63a88f0691,d64fa532-6040-4fc2-9c43-ed4e5368bb92,book,Die Rätsel der Philosophie,2304,578,True
__shared__,557116ed-07c2-5250-9105-8935b4189579,lecture:19220412a,book,Damit der Mensch ganz Mensch werde,2265,538,True
__shared__,55a361e5-ea49-5349-ac61-44e4fa6c22b1,lecture:19190425,book,Neugestaltung des sozialen Organismus,2400,536,True
__shared__,55e74206-9d9b-581c-b508-d55c5d343d95,lecture:19200417b,book,Entsprechungen zwischen Mikrokosmos und Makrokosmos. Der Mensch — eine Hieroglyphe des Weltenalls.,2437,576,True
__shared__,5602f566-41c7-56f8-9e99-dd8611945943,4b8e4c2a-3f1b-4d2e-9c4a-8e4f4b2c3a1d,book,Die Philosophie der Freiheit,2228,580,True
__shared__,5690ec08-2909-5b1e-81a3-f94c1fdae0b3,lecture:19211130,book,Die Wirklichkeit der höheren Welten,2839,605,True
__shared__,56af9bc8-3766-59af-a5f2-488c21f13102,lecture:19200830,book,Soziale Ideen.,2887,661,True
__shared__,56e886a9-b721-5a61-b936-d0dd857501fd,d64fa532-6040-4fc2-9c43-ed4e5368bb92,book,Die Rätsel der Philosophie,2259,555,True
__shared__,56f245c2-47ad-5a60-8395-c38fb30b2dc4,f78a79d5-8e8f-435e-bb58-ef6577312f57,book,Lucifer-Gnosis. Grundlegende Aufsätze zur Anthroposophie und Berichte aus,2257,529,True
__shared__,573a2431-5b7c-568b-b2c8-e249f3a60122,c2a4e407-cdf7-4802-be84-010cc485ef00,book,Methodische Grundlagen der Anthroposophie,2380,555,True
__shared__,574157bc-33d2-5698-a701-39fedf7b84e9,lecture:19200505b,book,Vom Einheitsstaat zum dreigliedrigen sozialen Organismus,2312,532,True
__shared__,57973fed-152b-5aca-97cd-f080b80dd3ed,47b137d3-f414-406f-b142-ed72c7e8989c,book,Einleitungen zu Goethes Naturwissenschaftlichen Schriften,2071,517,True
__shared__,57ba9a8f-9a63-56a1-88b1-ac135cc3cd5f,lecture:19190904a,book,Allgemeine Menschenkunde als Grundlage der Pädagogik,2238,563,True
__shared__,580e0af7-7405-5528-8337-3e0937f5960e,47b137d3-f414-406f-b142-ed72c7e8989c,book,Einleitungen zu Goethes Naturwissenschaftlichen Schriften,2085,565,True
__shared__,581c1b48-6a54-5f05-83e3-65c2b4ce4457,44217040-65bf-4150-9fa8-bac9c57cd1b1,book,Grundlinien einer Erkenntnistheorie der Goetheschen Weltanschauung,2428,557,True
__shared__,58695188-36a7-5c67-a894-f83d49fa74a7,908fc041-096e-4440-8593-b3267b712bf5,book,Die Wahrheit als Gesamtumfang aller Weltansichten,2188,513,True
__shared__,58c7cfda-5c1f-534c-96e2-8a4647690d2c,f287d43a-5108-4e0c-baa8-5e7d3badfef7,book,Gesammelte Aufsätze zur Kultur- und Zeitgeschichte,2532,590,True
__shared__,58c98e03-efaf-5319-9ff6-a4433689d1fe,908fc041-096e-4440-8593-b3267b712bf5,book,Die Wahrheit als Gesamtumfang aller Weltansichten,1666,527,True
__shared__,58ee724e-d40d-5fd4-b962-3f9f572f7d96,lecture:19220409,book,Damit der Mensch ganz Mensch werde,2408,550,True
__shared__,5970def7-d2d5-5332-b124-aafa11834988,lecture:19190422b,book,Neugestaltung des sozialen Organismus,2303,521,True
__shared__,5a3778f0-26c8-5d56-97a8-00753ed709a2,lecture:19210111b,book,Fachwissenschaften und Anthroposophie,2359,525,True
__shared__,5a6faeea-0861-575c-93b6-ca3537eec404,lecture:19190826a,book,Allgemeine Menschenkunde als Grundlage der Pädagogik,2453,570,True
__shared__,5aacfe9f-3826-58d9-9748-de0f6fedc7f0,lecture:19200303b,book,Soziale Ideen.,2328,551,True
__shared__,5ab38b9c-1c89-52dc-a47b-fcec37ab6217,lecture:19190822a,book,Allgemeine Menschenkunde als Grundlage der Pädagogik,2108,526,True
__shared__,5abe5856-4bcd-5d60-a485-8ef986ae4604,d64fa532-6040-4fc2-9c43-ed4e5368bb92,book,Die Rätsel der Philosophie,2111,530,True
__shared__,5ad5fb61-dd10-5904-bb48-90de6692d4f9,lecture:19200809,book,Soziale Ideen.,2297,580,True
__shared__,5ae77ade-5713-5d83-8564-4abdf95a5750,lecture:19190730,book,Soziale Ideen.,2734,607,True
__shared__,5afa636b-d7df-5e19-831f-0ba41724bbd3,lecture:19190423a,book,Neugestaltung des sozialen Organismus,2722,598,True
__shared__,5b31f687-bf7f-5e73-9ab9-978963ccd51d,lecture:19190827b,book,Erziehungskunst. Methodisch-Didaktisches,2331,545,True
__shared__,5b6957aa-a87b-511a-b177-2b5547d565e8,908fc041-096e-4440-8593-b3267b712bf5,book,Die Wahrheit als Gesamtumfang aller Weltansichten,2389,624,True
__shared__,5b6c43f3-de27-505b-b161-aaf06f95a70e,c2a4e407-cdf7-4802-be84-010cc485ef00,book,Methodische Grundlagen der Anthroposophie,2252,541,True
__shared__,5bb3e14c-b0ce-5502-8b78-72d5fc1bd1b1,908fc041-096e-4440-8593-b3267b712bf5,book,Die Wahrheit als Gesamtumfang aller Weltansichten,2875,639,True
__shared__,5c1730bc-69ec-5138-828e-0f1e36217105,lecture:19190825c,book,Erziehungskunst. Seminarbesprechungen und Lehrplanvorträge,2546,584,True
__shared__,5c439669-bd1c-514c-8940-c384d532b2d1,908fc041-096e-4440-8593-b3267b712bf5,book,Die Wahrheit als Gesamtumfang aller Weltansichten,2355,553,True
__shared__,5c8184b1-7568-5100-a83a-c4910feeff00,lecture:19190319,book,Die Befreiung des Menschenwesens als Grundlage für eine soziale Neugestaltung.,2176,521,True
__shared__,5caa2580-7932-5eee-8182-312b042b836c,lecture:19200617,book,Fachwissenschaften und Anthroposophie,2229,522,True
__shared__,5cb948de-aed1-5fe5-ac1a-828713cbf90e,lecture:19190528,book,Betriebsräte und Sozialisierung,2409,528,True
__shared__,5cc4a11f-d054-52b3-8adb-480cd471edec,d64fa532-6040-4fc2-9c43-ed4e5368bb92,book,Die Rätsel der Philosophie,2167,531,True
__shared__,5cf7f33e-0eaf-523a-b899-e4a4d8dd9ddb,f287d43a-5108-4e0c-baa8-5e7d3badfef7,book,Gesammelte Aufsätze zur Kultur- und Zeitgeschichte,2329,534,True
__shared__,5d247b94-ebaa-563d-9651-3a7737f7c273,f3b36ec2-031d-4715-ad66-dfc7f43cc491,book,Cypherpunks,2387,550,True
__shared__,5d80e03d-7366-5fe4-9ba8-4d08e437a9a9,lecture:19191020,book,Die Befreiung des Menschenwesens als Grundlage für eine soziale Neugestaltung.,2876,658,True
__shared__,5deb83e0-e059-5ecf-b716-ba560e8382dc,d64fa532-6040-4fc2-9c43-ed4e5368bb92,book,Die Rätsel der Philosophie,2462,630,True
__shared__,5e452bc1-f0bc-5386-aa27-5c72a183c36b,908fc041-096e-4440-8593-b3267b712bf5,book,Die Wahrheit als Gesamtumfang aller Weltansichten,2293,602,True
__shared__,5e556e15-95d8-54c1-943a-89ace472b364,e58f6369-f7a7-4213-845f-c5b9bf82ffe5,book,Wahrheit und Wissenschaft,2150,547,True
__shared__,5f58a242-fe47-556f-9500-c53af47bfaac,f287d43a-5108-4e0c-baa8-5e7d3badfef7,book,Gesammelte Aufsätze zur Kultur- und Zeitgeschichte,2156,554,True
__shared__,5f759b8d-a038-54b4-9331-cc03632918d2,lecture:19191020,book,Die Befreiung des Menschenwesens als Grundlage für eine soziale Neugestaltung.,2592,600,True
__shared__,5f942551-1d0c-525b-a26f-a2669dd887d0,lecture:19210404a,book,Die befruchtende Wirkung der Anthroposophie auf die Fachwissenschaften,2379,540,True
__shared__,5fa67440-da0e-522a-b59c-78bc9a6cbde8,4b8e4c2a-3f1b-4d2e-9c4a-8e4f4b2c3a1d,book,Die Philosophie der Freiheit,2446,633,True
__shared__,6040e838-c42b-5cae-9d45-2cac72b5ebef,f78a79d5-8e8f-435e-bb58-ef6577312f57,book,Lucifer-Gnosis. Grundlegende Aufsätze zur Anthroposophie und Berichte aus,2380,610,True
__shared__,60a8e20b-6a6c-56bd-ab03-ac8d35a9221c,lecture:19200915b,book,Soziale Ideen.,2438,546,True
__shared__,60de85b2-6fa4-50a3-a1e7-3cc9a383b4da,908fc041-096e-4440-8593-b3267b712bf5,book,Die Wahrheit als Gesamtumfang aller Weltansichten,2440,572,True
__shared__,60e3333a-113b-5964-bc6e-8ce66073d500,47b137d3-f414-406f-b142-ed72c7e8989c,book,Einleitungen zu Goethes Naturwissenschaftlichen Schriften,2807,744,True
__shared__,60e717b7-9680-51f1-a5c6-827b7545ca0b,lecture:19200319,book,Vom Einheitsstaat zum dreigliedrigen sozialen Organismus,2576,567,True
__shared__,610147f5-5c2a-50cc-8b9b-089948070459,3b38df84-e9bc-4e70-9032-d3fa65517cfd,book,Aufsätze über die Dreigliederung des sozialen Organismus und zur Zeitlage,2338,553,True
__shared__,61b0ddc8-28ef-583b-b26b-751bd8b59d78,64e881df-0501-4815-9b0c-6cf545c383b6,book,Goethes Weltanschauung,2114,540,True
__shared__,61f13bb5-f0fb-5c71-a70e-352ab8dc3ebc,f78a79d5-8e8f-435e-bb58-ef6577312f57,book,Lucifer-Gnosis. Grundlegende Aufsätze zur Anthroposophie und Berichte aus,2661,579,True
__shared__,623d8e75-0b6d-598c-8bff-3f5ddc0a246e,c2a4e407-cdf7-4802-be84-010cc485ef00,book,Methodische Grundlagen der Anthroposophie,2331,577,True
__shared__,62c5effe-5917-50da-b507-cd268bd136f4,lecture:19191110,book,Die Befreiung des Menschenwesens als Grundlage für eine soziale Neugestaltung.,2500,597,True
__shared__,62cf0f70-e1ed-5770-888e-0a6eae8aceaf,d64fa532-6040-4fc2-9c43-ed4e5368bb92,book,Die Rätsel der Philosophie,2349,552,True
__shared__,639084e4-572c-5fb9-bda1-d1d5afa7aca0,lecture:19190624,book,Betriebsräte und Sozialisierung,2685,638,True
__shared__,641a73e8-f1cf-586e-a1b8-de0c36980d27,lecture:19200903,book,Geisteswissenschaft als Erkenntnis der Grundimpulse sozialer Gestaltung,2248,542,True
__shared__,64891eed-54fb-5187-846f-96b9c2cf6f0e,908fc041-096e-4440-8593-b3267b712bf5,book,Die Wahrheit als Gesamtumfang aller Weltansichten,2321,563,True
__shared__,64db957c-cabb-54ad-a426-a14131d75d37,lecture:19190821b,book,Erziehungskunst. Methodisch-Didaktisches,2609,666,True
__shared__,65886761-e728-55f7-9e0f-6d0db15ea412,f78a79d5-8e8f-435e-bb58-ef6577312f57,book,Lucifer-Gnosis. Grundlegende Aufsätze zur Anthroposophie und Berichte aus,2397,570,True
__shared__,65a85c23-955b-58bd-b554-23730301793c,44217040-65bf-4150-9fa8-bac9c57cd1b1,book,Grundlinien einer Erkenntnistheorie der Goetheschen Weltanschauung,2424,622,True
__shared__,65d64489-2709-5000-8212-76e9436489b8,908fc041-096e-4440-8593-b3267b712bf5,book,Die Wahrheit als Gesamtumfang aller Weltansichten,2167,554,True
__shared__,6623ccb9-d4a0-559c-86b3-a4b692d2fca9,lecture:19200511b,book,Fachwissenschaften und Anthroposophie,2366,541,True
__shared__,66386cca-e360-56f9-8031-437e70953f5b,f287d43a-5108-4e0c-baa8-5e7d3badfef7,book,Gesammelte Aufsätze zur Kultur- und Zeitgeschichte,2041,536,True
__shared__,6642093a-04a7-5a91-b70d-48f43dc18047,c2a4e407-cdf7-4802-be84-010cc485ef00,book,Methodische Grundlagen der Anthroposophie,2413,600,True
__shared__,6649d956-9716-548b-bfc1-afef72db1d61,lecture:19190508,book,Betriebsräte und Sozialisierung,2472,546,True
__shared__,665b185f-1fa3-5732-8062-5a703dfb1389,f78a79d5-8e8f-435e-bb58-ef6577312f57,book,Lucifer-Gnosis. Grundlegende Aufsätze zur Anthroposophie und Berichte aus,1981,513,True
__shared__,666bf733-d835-59f9-8fbe-770e498f527e,lecture:19211130,book,Die Wirklichkeit der höheren Welten,2809,610,True
__shared__,66e80a60-3793-578f-88c8-7f8bdf65c386,f78a79d5-8e8f-435e-bb58-ef6577312f57,book,Lucifer-Gnosis. Grundlegende Aufsätze zur Anthroposophie und Berichte aus,2095,563,True
__shared__,674aa37c-f63b-5314-a72a-b5ebd9364c36,123ef8cb-a442-4bbc-9570-e8681dd67f9f,book,Rebel Code,2298,540,True
__shared__,68334d1c-5d76-5fb4-b3c0-d852f7faa949,lecture:19190828b,book,Erziehungskunst. Methodisch-Didaktisches,2429,578,True
__shared__,683df5fd-a9dd-55bc-879f-ce146a070d9e,lecture:19140122,book,Der menschliche und der kosmische Gedanke,2298,527,True
__shared__,698c436e-e0b0-57f7-980b-86936f3de97e,f3b36ec2-031d-4715-ad66-dfc7f43cc491,book,Cypherpunks,2374,520,True
__shared__,69b9799f-7f59-572d-8528-12ecbfc84764,47b137d3-f414-406f-b142-ed72c7e8989c,book,Einleitungen zu Goethes Naturwissenschaftlichen Schriften,2141,517,True
__shared__,69ea7b77-cfa7-510d-8dba-cbfe6de7c08e,lecture:19200327c,book,Fachwissenschaften und Anthroposophie,2334,547,True
__shared__,6a2f58f9-3313-57cc-bf16-27862630362a,7758c53c-72bd-41f1-ae51-843eb2a0f718,book,Various Interviews and Articles,2819,643,True
__shared__,6a5be936-959d-5414-9727-9800e878615d,d64fa532-6040-4fc2-9c43-ed4e5368bb92,book,Die Rätsel der Philosophie,2229,523,True
__shared__,6a61979f-18d5-5ab7-a5df-95da774c05d5,lecture:19190711,book,Neugestaltung des sozialen Organismus,2276,520,True
__shared__,6b2ee186-4e40-586c-a5b7-b7b38a2eb723,lecture:19190530b,book,Soziale Ideen.,2426,537,True
__shared__,6ba3ab2e-2a5b-50d5-82bd-1115fb64c566,908fc041-096e-4440-8593-b3267b712bf5,book,Die Wahrheit als Gesamtumfang aller Weltansichten,2169,526,True
__shared__,6bbec67c-1269-56da-8e42-b1a3aa013236,4b8e4c2a-3f1b-4d2e-9c4a-8e4f4b2c3a1d,book,Die Philosophie der Freiheit,2199,525,True
__shared__,6c1472bd-a46a-56c4-b187-e14ee7236731,64e881df-0501-4815-9b0c-6cf545c383b6,book,Goethes Weltanschauung,2450,586,True
__shared__,6c224694-3bb8-5846-989e-ac6e9d307a77,lecture:19220409,book,Damit der Mensch ganz Mensch werde,2474,587,True
__shared__,6c24110f-7d1f-5151-bcea-a1e3e46aade8,lecture:19200617,book,Fachwissenschaften und Anthroposophie,2209,531,True
__shared__,6c514cda-cc1f-57ec-8a4a-e9a45d44a18a,3b38df84-e9bc-4e70-9032-d3fa65517cfd,book,Aufsätze über die Dreigliederung des sozialen Organismus und zur Zeitlage,2314,535,True
__shared__,6cb3442b-a101-5a90-8701-289f4e2e7ef1,lecture:19220411,book,Damit der Mensch ganz Mensch werde,2579,603,True
__shared__,6ccb097c-467d-53a3-90a3-0011d019940f,f78a79d5-8e8f-435e-bb58-ef6577312f57,book,Lucifer-Gnosis. Grundlegende Aufsätze zur Anthroposophie und Berichte aus,2217,513,True
__shared__,6ce7612c-d39e-5961-bc7e-99cef0a6c1b3,c2a4e407-cdf7-4802-be84-010cc485ef00,book,Methodische Grundlagen der Anthroposophie,2053,548,True
__shared__,6d6f7277-6c2c-571e-b299-307b9d71d007,f287d43a-5108-4e0c-baa8-5e7d3badfef7,book,Gesammelte Aufsätze zur Kultur- und Zeitgeschichte,2470,547,True
__shared__,6de6e171-86d3-50bc-9ce9-6b2be8665fd6,lecture:19140121a,book,Der menschliche und der kosmische Gedanke,2633,602,True
__shared__,6e27543a-b231-5eae-a867-e794dc54429f,lecture:19191028,book,Soziale Zukunft,2340,536,True
__shared__,6f097801-32b8-573d-9fad-314a71871ed9,lecture:19200106,book,Vom Einheitsstaat zum dreigliedrigen sozialen Organismus,2186,525,True
__shared__,6fa980fc-3f6f-566e-8c04-cda767681111,lecture:19220728b,book,Nationalökonomischer Kurs.,2395,541,True
__shared__,70008724-da4a-58fa-b91a-b5d2b96d271b,f78a79d5-8e8f-435e-bb58-ef6577312f57,book,Lucifer-Gnosis. Grundlegende Aufsätze zur Anthroposophie und Berichte aus,2229,546,True
__shared__,700bdbeb-c226-5f5d-8d83-7458e17db17b,lecture:19211013,book,Anthroposophie soziale Dreigliederung und Redekunst.,2266,523,True
__shared__,701ebbcd-1afe-5ccd-b3ad-36d5f5ac6d94,f78a79d5-8e8f-435e-bb58-ef6577312f57,book,Lucifer-Gnosis. Grundlegende Aufsätze zur Anthroposophie und Berichte aus,2124,518,True
__shared__,7020ac82-061a-5ae5-ad4b-a03262afe588,f8e6c475-a0e5-4081-b265-61a7536a183e,book,Die Kernpunkte der sozialen Frage,2245,527,True
__shared__,70fe6974-8da0-5e61-a8ed-0d7731075eb1,lecture:19200821,book,Geisteswissenschaft als Erkenntnis der Grundimpulse sozialer Gestaltung,2201,520,True
__shared__,71712808-3984-543b-9103-a267487982a4,lecture:19200418b,book,Entsprechungen zwischen Mikrokosmos und Makrokosmos. Der Mensch — eine Hieroglyphe des Weltenalls.,2557,561,True
__shared__,71fb9a07-b26a-5ca7-ade6-ba1d7f254cd4,f78a79d5-8e8f-435e-bb58-ef6577312f57,book,Lucifer-Gnosis. Grundlegende Aufsätze zur Anthroposophie und Berichte aus,2182,520,True
__shared__,725c8912-d3ea-5719-8052-f1e7041fd36b,f287d43a-5108-4e0c-baa8-5e7d3badfef7,book,Gesammelte Aufsätze zur Kultur- und Zeitgeschichte,2507,585,True
__shared__,72edab12-4d22-5694-b522-36027e7d66b4,lecture:19200506b,book,Vom Einheitsstaat zum dreigliedrigen sozialen Organismus,2258,525,True
__shared__,73059376-d88a-50a9-bd53-adbc39564034,f78a79d5-8e8f-435e-bb58-ef6577312f57,book,Lucifer-Gnosis. Grundlegende Aufsätze zur Anthroposophie und Berichte aus,2223,537,True
__shared__,7322f3e0-5a62-5d8a-bd27-16f527b53e05,44217040-65bf-4150-9fa8-bac9c57cd1b1,book,Grundlinien einer Erkenntnistheorie der Goetheschen Weltanschauung,2258,557,True
__shared__,736b4971-173b-54d3-a7b9-518ffae34559,f78a79d5-8e8f-435e-bb58-ef6577312f57,book,Lucifer-Gnosis. Grundlegende Aufsätze zur Anthroposophie und Berichte aus,2233,565,True
__shared__,738ff42e-c6d2-55e0-ad57-5bf77a495b0b,lecture:19220730a,book,Nationalökonomischer Kurs.,2330,519,True
__shared__,74258755-7ae3-5429-9c41-ecc87afdc9c4,lecture:19211129a,book,Die Wirklichkeit der höheren Welten,2685,633,True
__shared__,74b9370b-772a-5ebd-b181-3ee6ffb22c39,lecture:19200904a,book,Geisteswissenschaft als Erkenntnis der Grundimpulse sozialer Gestaltung,2152,528,True
__shared__,74f0eca9-0e08-5d41-b70e-4067efe00e85,lecture:19191106,book,Die Befreiung des Menschenwesens als Grundlage für eine soziale Neugestaltung.,2532,587,True
__shared__,754d9b1c-5cc2-5187-9ef3-ada561666572,lecture:19220408,book,Damit der Mensch ganz Mensch werde,2535,593,True
__shared__,756cfb25-fccf-5e4e-a0eb-e5919eae1a78,4b8e4c2a-3f1b-4d2e-9c4a-8e4f4b2c3a1d,book,Die Philosophie der Freiheit,2248,547,True
__shared__,761c5ec4-c309-524e-847b-cfa0d5807caf,d64fa532-6040-4fc2-9c43-ed4e5368bb92,book,Die Rätsel der Philosophie,2187,538,True
__shared__,76dcb92a-3409-589c-96b4-ff7a3ca3121f,lecture:19210404a,book,Die befruchtende Wirkung der Anthroposophie auf die Fachwissenschaften,2560,587,True
__shared__,76ebc1d9-185b-5b6c-a6ba-24e401733957,f78a79d5-8e8f-435e-bb58-ef6577312f57,book,Lucifer-Gnosis. Grundlegende Aufsätze zur Anthroposophie und Berichte aus,2188,520,True
__shared__,7746f58c-057e-50d6-b9a1-212a9ab85032,lecture:19210112b,book,Fachwissenschaften und Anthroposophie,2346,514,True
__shared__,776511a0-7214-516c-966f-90ebe68cb353,lecture:19210407a,book,Die befruchtende Wirkung der Anthroposophie auf die Fachwissenschaften,2366,601,True
__shared__,781641a2-c187-5029-a757-c784244857cc,47b137d3-f414-406f-b142-ed72c7e8989c,book,Einleitungen zu Goethes Naturwissenschaftlichen Schriften,2221,568,True
__shared__,7870cb23-15dd-53ea-8b1f-3add52bf8a3a,d64fa532-6040-4fc2-9c43-ed4e5368bb92,book,Die Rätsel der Philosophie,2152,554,True
__shared__,78cc1e58-0ed5-50f3-8d00-43835ec6fa71,d64fa532-6040-4fc2-9c43-ed4e5368bb92,book,Die Rätsel der Philosophie,2076,521,True
__shared__,7973a526-dd18-5052-9bf6-6cebe95901ec,4b8e4c2a-3f1b-4d2e-9c4a-8e4f4b2c3a1d,book,Die Philosophie der Freiheit,2258,528,True
__shared__,7998e419-bead-532b-94b8-21f8190cb3f2,lecture:19211129a,book,Die Wirklichkeit der höheren Welten,2385,570,True
__shared__,79f707d4-3277-53bf-ae9a-5af844e30c31,lecture:19200502b,book,Entsprechungen zwischen Mikrokosmos und Makrokosmos. Der Mensch — eine Hieroglyphe des Weltenalls.,2289,517,True
__shared__,7a0b3524-d603-5542-8a19-070771f864e7,lecture:19200820a,book,Geisteswissenschaft als Erkenntnis der Grundimpulse sozialer Gestaltung,2818,636,True
__shared__,7a150779-cf2d-569c-a2a7-8d7648d6aafc,lecture:19191029,book,Soziale Zukunft,2868,620,True
__shared__,7a400b87-f3c4-50e7-a5eb-0cc95392eb0a,lecture:19211202,book,Die Wirklichkeit der höheren Welten,2617,580,True
__shared__,7a54d579-592b-59cd-9cc6-bc9c6fbc4fc0,lecture:19190619,book,Neugestaltung des sozialen Organismus,2277,526,True
__shared__,7a6ddeae-892e-5b85-9e06-0a3b39951b1c,lecture:19190513,book,Neugestaltung des sozialen Organismus,2228,516,True
__shared__,7aa4ae2e-9e2c-57a3-be04-fec47a898a11,f78a79d5-8e8f-435e-bb58-ef6577312f57,book,Lucifer-Gnosis. Grundlegende Aufsätze zur Anthroposophie und Berichte aus,1979,524,True
__shared__,7af89c5a-221e-54a1-bcde-079b718ac3fb,lecture:19190711,book,Neugestaltung des sozialen Organismus,2404,552,True
__shared__,7bdbb48e-ae90-5dee-a3d9-8296fc858562,lecture:19200105,book,Vom Einheitsstaat zum dreigliedrigen sozialen Organismus,2527,594,True
__shared__,7bdd39ac-9d86-5ae6-a2f2-62cb8908b90f,lecture:19190828a,book,Allgemeine Menschenkunde als Grundlage der Pädagogik,2510,601,True
__shared__,7be875d4-da17-5f90-a67a-0a9d57fe9da9,lecture:19201110,book,Die Krisis der Gegenwart und der Weg zu gesundem Denken,2529,569,True
__shared__,7bf69060-634e-5945-8a67-bfda37b616b7,lecture:19190901a,book,Allgemeine Menschenkunde als Grundlage der Pädagogik,2416,565,True
__shared__,7c4f2855-e3ef-580d-ae02-0a85af0aae74,c2a4e407-cdf7-4802-be84-010cc485ef00,book,Methodische Grundlagen der Anthroposophie,2072,539,True
__shared__,7cdfd8ac-8774-5fcb-b7b4-d104d2b19164,3b38df84-e9bc-4e70-9032-d3fa65517cfd,book,Aufsätze über die Dreigliederung des sozialen Organismus und zur Zeitlage,2530,553,True
__shared__,7ce6ed8d-d213-56d4-be42-82846ad0e12f,lecture:19220724,book,Nationalökonomischer Kurs.,2331,525,True
__shared__,7d37dd30-77c3-5991-bb64-592a0eadc086,lecture:19190826a,book,Allgemeine Menschenkunde als Grundlage der Pädagogik,2181,516,True
__shared__,7d6135e4-725c-538d-abb3-7b59e1e59461,lecture:19211201,book,Die Wirklichkeit der höheren Welten,2356,581,True
__shared__,7d66fd63-3592-5fb7-b542-4b1d00b0b9fc,f8e6c475-a0e5-4081-b265-61a7536a183e,book,Die Kernpunkte der sozialen Frage,2361,575,True
__shared__,7d73e81b-8fe9-5d9c-b901-0198955a9552,3b38df84-e9bc-4e70-9032-d3fa65517cfd,book,Aufsätze über die Dreigliederung des sozialen Organismus und zur Zeitlage,2484,514,True
__shared__,7d7fb047-4bbf-5607-b99f-c70b5ab3e63a,lecture:19200617,book,Fachwissenschaften und Anthroposophie,2290,542,True
__shared__,7dbc4c41-e261-552c-b826-5cf804f94eb7,908fc041-096e-4440-8593-b3267b712bf5,book,Die Wahrheit als Gesamtumfang aller Weltansichten,2229,535,True
__shared__,7e3a142f-dcb1-5d7f-8366-9b9e9e5fb8b4,lecture:19220803b,book,Nationalökonomischer Kurs.,2550,534,True
__shared__,7f68b3a8-a78d-54d9-b370-7d4c158885fd,lecture:19220412a,book,Damit der Mensch ganz Mensch werde,2392,566,True
__shared__,7fd7aebb-7af1-5576-8d72-6322ab9e0e6f,f78a79d5-8e8f-435e-bb58-ef6577312f57,book,Lucifer-Gnosis. Grundlegende Aufsätze zur Anthroposophie und Berichte aus,2398,526,True
__shared__,7ff52de5-f75e-506d-a2c7-cdcf72f08622,d64fa532-6040-4fc2-9c43-ed4e5368bb92,book,Die Rätsel der Philosophie,2497,566,True
__shared__,809d84ae-9cfd-5986-a29f-30cb1c1f64f8,d64fa532-6040-4fc2-9c43-ed4e5368bb92,book,Die Rätsel der Philosophie,2394,554,True
__shared__,80a14434-f0ef-577e-b22d-813f45d17e78,lecture:19201004,book,Fachwissenschaften und Anthroposophie,2718,622,True
__shared__,80b49769-1319-59d3-a816-8a9a81e81797,lecture:19191024,book,Soziale Zukunft,2706,626,True
__shared__,8106bda4-f454-5d3c-80d2-9cc69745c371,f78a79d5-8e8f-435e-bb58-ef6577312f57,book,Lucifer-Gnosis. Grundlegende Aufsätze zur Anthroposophie und Berichte aus,2549,627,True
__shared__,812bde1a-1604-55b7-91e3-d51aab4ea660,c2a4e407-cdf7-4802-be84-010cc485ef00,book,Methodische Grundlagen der Anthroposophie,2446,585,True
__shared__,8145a19f-13ac-5334-b58c-7320b9e8742b,d64fa532-6040-4fc2-9c43-ed4e5368bb92,book,Die Rätsel der Philosophie,2437,524,True
__shared__,815de5ff-d097-5210-aeb5-527073af13ba,64e881df-0501-4815-9b0c-6cf545c383b6,book,Goethes Weltanschauung,2386,574,True
__shared__,818aeade-69d4-5816-a6d4-ce76c9efebfe,7758c53c-72bd-41f1-ae51-843eb2a0f718,book,Various Interviews and Articles,2281,540,True
__shared__,81e052c3-4a25-526b-9231-0fa02cd23106,c2a4e407-cdf7-4802-be84-010cc485ef00,book,Methodische Grundlagen der Anthroposophie,2270,536,True
__shared__,820a5e4b-dbe6-54c5-b616-79e661929a23,c2a4e407-cdf7-4802-be84-010cc485ef00,book,Methodische Grundlagen der Anthroposophie,2350,533,True
__shared__,82e0337c-28b7-549c-be8f-57fe92501221,4b8e4c2a-3f1b-4d2e-9c4a-8e4f4b2c3a1d,book,Die Philosophie der Freiheit,2885,657,True
__shared__,83030392-5dfe-5c25-93ee-0c1b64158084,lecture:19190902c,book,Erziehungskunst. Seminarbesprechungen und Lehrplanvorträge,2005,521,True
__shared__,831f1218-36d5-55b8-a03d-464ec90a9675,908fc041-096e-4440-8593-b3267b712bf5,book,Die Wahrheit als Gesamtumfang aller Weltansichten,1975,516,True
__shared__,8325213c-bea7-543a-8343-a18c1494720a,908fc041-096e-4440-8593-b3267b712bf5,book,Die Wahrheit als Gesamtumfang aller Weltansichten,2416,617,True
__shared__,83681c49-6d3e-55d5-a8a4-7790230d53a1,lecture:19200610b,book,Die Krisis der Gegenwart und der Weg zu gesundem Denken,2335,533,True
__shared__,8426b29d-16b1-53c2-af0d-a6fd7e624ea3,lecture:19200425b,book,Entsprechungen zwischen Mikrokosmos und Makrokosmos. Der Mensch — eine Hieroglyphe des Weltenalls.,2310,553,True
__shared__,8432a94e-87cd-5e6f-8d51-23347ac66b5d,lecture:19210408a,book,Soziale Ideen.,2664,610,True
__shared__,8472de5f-9845-51ae-acce-2265af868b7d,lecture:19220409,book,Damit der Mensch ganz Mensch werde,2249,542,True
__shared__,854686f1-974e-5532-af1b-77b688366a82,4c09f3d5-3f5c-42b7-beba-f12fc46594bc,book,Free Software Free Society,2123,531,True
__shared__,85922fbb-ec53-5aa3-9e14-1bc342c65ce9,lecture:19140120b,book,Der menschliche und der kosmische Gedanke,2473,577,True
__shared__,85af14e4-0cd8-5961-87d2-ae2051f156ca,d64fa532-6040-4fc2-9c43-ed4e5368bb92,book,Die Rätsel der Philosophie,2234,528,True
__shared__,85b6cc29-2a20-53d4-a957-ec3e34fbbce7,c2a4e407-cdf7-4802-be84-010cc485ef00,book,Methodische Grundlagen der Anthroposophie,2431,582,True
__shared__,85df303b-7c1c-579f-a5ed-dcab85b44184,lecture:19210114b,book,Fachwissenschaften und Anthroposophie,2862,655,True
__shared__,8615767f-824b-5c88-8f3a-242184264afd,908fc041-096e-4440-8593-b3267b712bf5,book,Die Wahrheit als Gesamtumfang aller Weltansichten,2183,608,True
__shared__,869ccc4f-cb93-51d4-9559-8f212b5bfd8e,lecture:19200906,book,Soziale Ideen.,2246,518,True
__shared__,86c5c460-335d-5bca-b766-bfb66adaac60,908fc041-096e-4440-8593-b3267b712bf5,book,Die Wahrheit als Gesamtumfang aller Weltansichten,2386,582,True
__shared__,87337c0a-3d12-5f63-9295-339fae17685d,7758c53c-72bd-41f1-ae51-843eb2a0f718,book,Various Interviews and Articles,2410,522,True
__shared__,8743bba2-c05c-5183-a323-c57791c8924c,c2a4e407-cdf7-4802-be84-010cc485ef00,book,Methodische Grundlagen der Anthroposophie,2504,591,True
__shared__,876fbee5-fa4e-5e91-98ac-a77268660561,d64fa532-6040-4fc2-9c43-ed4e5368bb92,book,Die Rätsel der Philosophie,2275,564,True
__shared__,87e964dc-981b-5d06-b165-16594959e7af,lecture:19190422b,book,Neugestaltung des sozialen Organismus,2299,539,True
__shared__,88170c7f-4d3e-5455-8f6e-5028b0a9a6e7,64e881df-0501-4815-9b0c-6cf545c383b6,book,Goethes Weltanschauung,2244,547,True
__shared__,885afd30-330a-52c0-93ba-798d4b9508a9,lecture:19200319,book,Vom Einheitsstaat zum dreigliedrigen sozialen Organismus,2475,526,True
__shared__,88624cb0-46e5-593e-91b2-652adcf33532,f78a79d5-8e8f-435e-bb58-ef6577312f57,book,Lucifer-Gnosis. Grundlegende Aufsätze zur Anthroposophie und Berichte aus,2464,565,True
__shared__,88c74c2c-61f1-586d-bc8b-b399708fd0f8,lecture:19211201,book,Die Wirklichkeit der höheren Welten,2777,621,True
__shared__,8986d79b-0755-5053-8915-5c204835d540,lecture:19200312b,book,Die Krisis der Gegenwart und der Weg zu gesundem Denken,2446,592,True
__shared__,89887344-abd5-544c-8d91-55278b2a862a,f287d43a-5108-4e0c-baa8-5e7d3badfef7,book,Gesammelte Aufsätze zur Kultur- und Zeitgeschichte,1971,523,True
__shared__,8992fac5-8847-596d-9ef2-45a5c6226e96,lecture:19220731c,book,Nationalökonomisches Seminar.,2352,519,True
__shared__,899ce2da-5148-595a-ab6e-99cea3e4dc69,lecture:19190702,book,Betriebsräte und Sozialisierung,2325,515,True
__shared__,8a49cad5-f9ce-568e-ae76-b68caf80d59c,f287d43a-5108-4e0c-baa8-5e7d3badfef7,book,Gesammelte Aufsätze zur Kultur- und Zeitgeschichte,2740,590,True
__shared__,8a74b3db-b480-5ac4-bc77-2e06aa336d73,lecture:19200820a,book,Geisteswissenschaft als Erkenntnis der Grundimpulse sozialer Gestaltung,2405,551,True
__shared__,8ad6569b-f0c2-5648-b448-54f425bb2c25,f287d43a-5108-4e0c-baa8-5e7d3badfef7,book,Gesammelte Aufsätze zur Kultur- und Zeitgeschichte,2344,622,True
__shared__,8ae0ed24-74a6-5e2f-880d-33d64205f128,908fc041-096e-4440-8593-b3267b712bf5,book,Die Wahrheit als Gesamtumfang aller Weltansichten,2436,602,True
__shared__,8ba2ccfa-5d65-5985-a4ec-e30c447bfc39,f287d43a-5108-4e0c-baa8-5e7d3badfef7,book,Gesammelte Aufsätze zur Kultur- und Zeitgeschichte,2172,523,True
__shared__,8bf58a0c-ffd6-57bb-978c-69aaca8f8015,lecture:19190311,book,Die Befreiung des Menschenwesens als Grundlage für eine soziale Neugestaltung.,2197,516,True
__shared__,8c9e0bc0-8f13-50bc-a397-df38b6eda656,lecture:19200616,book,Soziale Ideen.,2368,541,True
__shared__,8d0e3dd9-29c1-5fc8-be4b-b64fcf25847f,d64fa532-6040-4fc2-9c43-ed4e5368bb92,book,Die Rätsel der Philosophie,2135,527,True
__shared__,8d3b4801-e7c9-5e59-a567-d5a762e69057,lecture:19200920,book,Die Krisis der Gegenwart und der Weg zu gesundem Denken,2236,524,True
__shared__,8d7e1393-1491-5665-a477-19ee0e2fe522,c2a4e407-cdf7-4802-be84-010cc485ef00,book,Methodische Grundlagen der Anthroposophie,2314,573,True
__shared__,8d94ae71-0eed-5f4a-bff6-17271838dfa2,lecture:19191029,book,Soziale Zukunft,2304,539,True
__shared__,8e07c489-176b-5586-8e97-bc63ff365b4f,lecture:19191030,book,Soziale Zukunft,2775,634,True
__shared__,8f041f0f-0f09-518c-9277-91ccac03636b,47b137d3-f414-406f-b142-ed72c7e8989c,book,Einleitungen zu Goethes Naturwissenschaftlichen Schriften,2320,583,True
__shared__,8f050213-8468-5641-ad25-0365b54c8a60,lecture:19220409,book,Damit der Mensch ganz Mensch werde,2409,577,True
__shared__,8f3e5cb0-86bb-549f-94a6-7cc643f50904,lecture:19190624,book,Betriebsräte und Sozialisierung,2432,540,True
__shared__,8fbc2abf-81a8-5682-8d15-85a527663476,44217040-65bf-4150-9fa8-bac9c57cd1b1,book,Grundlinien einer Erkenntnistheorie der Goetheschen Weltanschauung,2124,513,True
__shared__,8fcc307f-77f4-5e7d-a2f3-7ccbd80aaf3e,lecture:19190513,book,Neugestaltung des sozialen Organismus,2669,601,True
__shared__,8fff7983-1014-57f8-a47a-9cf123d12e2e,c2a4e407-cdf7-4802-be84-010cc485ef00,book,Methodische Grundlagen der Anthroposophie,2333,610,True
__shared__,9022f2d6-712c-57d3-9bfe-396a26ff633b,f78a79d5-8e8f-435e-bb58-ef6577312f57,book,Lucifer-Gnosis. Grundlegende Aufsätze zur Anthroposophie und Berichte aus,2154,536,True
__shared__,903ed47f-84bf-57d5-bbea-736a63540ac8,908fc041-096e-4440-8593-b3267b712bf5,book,Die Wahrheit als Gesamtumfang aller Weltansichten,2108,536,True
__shared__,913f9076-c63e-5c79-b557-c01861118328,lecture:19200516b,book,Entsprechungen zwischen Mikrokosmos und Makrokosmos. Der Mensch — eine Hieroglyphe des Weltenalls.,2247,514,True
__shared__,9179cabc-c0aa-5a8b-a940-ccd4f51f1525,lecture:19200913,book,Soziale Ideen.,1986,523,True
__shared__,918753a2-a739-5a44-9323-0c3a0875294a,f78a79d5-8e8f-435e-bb58-ef6577312f57,book,Lucifer-Gnosis. Grundlegende Aufsätze zur Anthroposophie und Berichte aus,2646,608,True
__shared__,91e39231-7eb0-5dcb-810d-30b913edd4ae,d64fa532-6040-4fc2-9c43-ed4e5368bb92,book,Die Rätsel der Philosophie,2323,544,True
__shared__,9259bc39-81f2-5df7-822c-e20cc91e195b,d64fa532-6040-4fc2-9c43-ed4e5368bb92,book,Die Rätsel der Philosophie,2111,535,True
__shared__,9314c0b0-6e2a-5a41-b914-54f9cb04cf34,lecture:19190210,book,Die soziale Frage,2266,514,True
__shared__,93362452-e6b2-563c-981e-6dd41121820a,lecture:19191030,book,Soziale Zukunft,2580,571,True
__shared__,940e9d87-2f61-5a99-98ab-ada55695c831,lecture:19210408a,book,Soziale Ideen.,2388,549,True
__shared__,9461b02d-f26e-5b69-920d-94cdc4bd6c82,lecture:19190826c,book,Erziehungskunst. Seminarbesprechungen und Lehrplanvorträge,2326,554,True
__shared__,946261d1-008b-5cb1-80f2-ce87b29a804e,lecture:19200514,book,Entsprechungen zwischen Mikrokosmos und Makrokosmos. Der Mensch — eine Hieroglyphe des Weltenalls.,2333,541,True
__shared__,9468df48-e287-5dfc-ba3b-55a665974deb,d64fa532-6040-4fc2-9c43-ed4e5368bb92,book,Die Rätsel der Philosophie,2323,537,True
__shared__,94b21f66-44f2-5652-89e2-c6a2a9796878,f78a79d5-8e8f-435e-bb58-ef6577312f57,book,Lucifer-Gnosis. Grundlegende Aufsätze zur Anthroposophie und Berichte aus,2246,555,True
__shared__,94d3ece0-5491-5346-9dc6-8ceeb59961c0,lecture:19190614,book,Betriebsräte und Sozialisierung,2292,539,True
__shared__,950099df-dd3e-5823-9975-db04d4ab9896,lecture:19200107,book,Vom Einheitsstaat zum dreigliedrigen sozialen Organismus,2252,534,True
__shared__,950b23eb-feaa-5a7a-ab95-a386b10359e8,d64fa532-6040-4fc2-9c43-ed4e5368bb92,book,Die Rätsel der Philosophie,2303,544,True
__shared__,95a53dd4-21e2-59ba-9238-4a3c060af6e8,f78a79d5-8e8f-435e-bb58-ef6577312f57,book,Lucifer-Gnosis. Grundlegende Aufsätze zur Anthroposophie und Berichte aus,2741,655,True
__shared__,962a57ab-a086-5c10-986a-5a23332c62e1,lecture:19190702,book,Betriebsräte und Sozialisierung,2132,549,True
__shared__,96c6cc3e-90c7-57dc-b415-b43d0b825614,d64fa532-6040-4fc2-9c43-ed4e5368bb92,book,Die Rätsel der Philosophie,2390,615,True
__shared__,96fe49fd-6e6b-5b24-889b-192cd5ec0e81,lecture:19200820a,book,Geisteswissenschaft als Erkenntnis der Grundimpulse sozialer Gestaltung,2389,550,True
__shared__,976497f3-677c-5f86-b24e-e931cbe8a26e,lecture:19200504b,book,Vom Einheitsstaat zum dreigliedrigen sozialen Organismus,2284,518,True
__shared__,97969b4f-6a49-5227-a140-38d0cfbb983f,lecture:19190531,book,Neugestaltung des sozialen Organismus,2694,587,True
__shared__,97b30759-5d3e-57b9-ab0a-d1c462fb5846,d64fa532-6040-4fc2-9c43-ed4e5368bb92,book,Die Rätsel der Philosophie,2162,547,True
__shared__,98c9f85b-3835-51f2-9f85-88588e4fb94a,f78a79d5-8e8f-435e-bb58-ef6577312f57,book,Lucifer-Gnosis. Grundlegende Aufsätze zur Anthroposophie und Berichte aus,2576,580,True
__shared__,98e4c3bb-e1f2-5e38-b8e6-1448d2dc5deb,lecture:19200324b,book,Fachwissenschaften und Anthroposophie,2264,520,True
__shared__,98fd89e6-69de-50db-a2e4-a9962484ba51,f78a79d5-8e8f-435e-bb58-ef6577312f57,book,Lucifer-Gnosis. Grundlegende Aufsätze zur Anthroposophie und Berichte aus,2031,513,True
__shared__,9976ca3f-930b-5d2a-aae3-cbb2959b4271,f78a79d5-8e8f-435e-bb58-ef6577312f57,book,Lucifer-Gnosis. Grundlegende Aufsätze zur Anthroposophie und Berichte aus,2067,515,True
__shared__,9a291e71-1dae-5e76-bb0e-e740a764fb40,lecture:19210112b,book,Fachwissenschaften und Anthroposophie,2869,699,True
__shared__,9a2ace1d-f519-5b1d-b885-74e80f02c3bb,f3b36ec2-031d-4715-ad66-dfc7f43cc491,book,Cypherpunks,2218,515,True
__shared__,9ab74e6e-f4df-58f5-9c65-ac4bb9a145b6,c2a4e407-cdf7-4802-be84-010cc485ef00,book,Methodische Grundlagen der Anthroposophie,2222,540,True
__shared__,9b4ab418-8fe1-5f0b-abac-9ff7314eb27a,lecture:19190503,book,Neugestaltung des sozialen Organismus,2329,521,True
__shared__,9bd57358-0fc5-5e7e-8773-74aeaa26203f,c2a4e407-cdf7-4802-be84-010cc485ef00,book,Methodische Grundlagen der Anthroposophie,2133,515,True
__shared__,9c677172-6ed5-5889-b7e9-b6aac37cee07,lecture:19211013,book,Anthroposophie soziale Dreigliederung und Redekunst.,2419,537,True
__shared__,9ce981f2-4a87-54e8-a771-8b1f7d04b873,lecture:19200502b,book,Entsprechungen zwischen Mikrokosmos und Makrokosmos. Der Mensch — eine Hieroglyphe des Weltenalls.,2205,528,True
__shared__,9d275a60-a6fb-54cb-9add-819fd35d951d,lecture:19211126,book,Die Wirklichkeit der höheren Welten,2750,642,True
__shared__,9d3b89cd-bebc-5bf3-a40f-7188e228ffe7,lecture:19200319,book,Vom Einheitsstaat zum dreigliedrigen sozialen Organismus,2362,537,True
__shared__,9d46840d-1634-57ed-ab9f-0b48039aa6b4,f78a79d5-8e8f-435e-bb58-ef6577312f57,book,Lucifer-Gnosis. Grundlegende Aufsätze zur Anthroposophie und Berichte aus,2300,560,True
__shared__,9d472a61-0f3a-56ff-852e-4f780c1b58fc,lecture:19200310b,book,Die Krisis der Gegenwart und der Weg zu gesundem Denken,2384,587,True
__shared__,9e1ccab2-42e1-5fab-8524-ca6c6b6c94a1,f3b36ec2-031d-4715-ad66-dfc7f43cc491,book,Cypherpunks,2212,515,True
__shared__,9e216366-40d3-5d00-a54b-95e5136e6cd8,908fc041-096e-4440-8593-b3267b712bf5,book,Die Wahrheit als Gesamtumfang aller Weltansichten,2277,539,True
__shared__,9e23c20f-4b0e-55bc-90e7-6231ef1e8796,lecture:19191028,book,Soziale Zukunft,2904,679,True
__shared__,9e467b76-cb3c-51dd-9b38-ba5768a57ed0,lecture:19190711,book,Neugestaltung des sozialen Organismus,2453,529,True
__shared__,9e6162fb-2741-5c53-92e0-a162b6e4f13e,3b38df84-e9bc-4e70-9032-d3fa65517cfd,book,Aufsätze über die Dreigliederung des sozialen Organismus und zur Zeitlage,2468,518,True
__shared__,9e660b6a-1f91-5f0a-a994-c93dad70a2f3,lecture:19190822b,book,Erziehungskunst. Methodisch-Didaktisches,2304,565,True
__shared__,9ed69611-ab63-5081-b917-960e3835d74e,lecture:19220412a,book,Damit der Mensch ganz Mensch werde,2301,557,True
__shared__,9fc029cc-472e-554b-b0b2-9620fb162c1c,d64fa532-6040-4fc2-9c43-ed4e5368bb92,book,Die Rätsel der Philosophie,2460,614,True
__shared__,a0067e98-cd43-5ff7-ae43-8f775a0586f0,lecture:19200407b,book,Fachwissenschaften und Anthroposophie,2501,592,True
__shared__,a079de50-d033-5ec9-ab3c-8297b0009547,7758c53c-72bd-41f1-ae51-843eb2a0f718,book,Various Interviews and Articles,2257,518,True
__shared__,a0ad7584-75c7-539b-a71d-3e8b574411c5,d64fa532-6040-4fc2-9c43-ed4e5368bb92,book,Die Rätsel der Philosophie,2671,680,True
__shared__,a1498621-27c4-5490-b448-df15400e1083,lecture:19220726b,book,Nationalökonomischer Kurs.,2601,579,True
__shared__,a14bd8f7-7ff5-58a0-84f2-116151d734f6,lecture:19200511b,book,Fachwissenschaften und Anthroposophie,2200,523,True
__shared__,a1b092ad-26e8-5292-a379-837ac163e6e7,f78a79d5-8e8f-435e-bb58-ef6577312f57,book,Lucifer-Gnosis. Grundlegende Aufsätze zur Anthroposophie und Berichte aus,2301,541,True
__shared__,a25a78e9-a89a-59eb-8b06-cb6b837e16a4,c2a4e407-cdf7-4802-be84-010cc485ef00,book,Methodische Grundlagen der Anthroposophie,2282,543,True
__shared__,a25f553b-67e7-5930-a3cb-fc0e49cb5f28,lecture:19200918,book,Geisteswissenschaft als Erkenntnis der Grundimpulse sozialer Gestaltung,2375,563,True
__shared__,a2ae6ec6-807d-5081-8c23-1201c42b3802,lecture:19210406a,book,Die befruchtende Wirkung der Anthroposophie auf die Fachwissenschaften,2178,523,True
__shared__,a2ca186d-6211-54c3-a8e2-846c38108d05,lecture:19200506b,book,Vom Einheitsstaat zum dreigliedrigen sozialen Organismus,2402,582,True
__shared__,a2f19b0d-28ef-5516-af91-499696cfd125,lecture:19200728,book,Soziale Ideen.,2642,610,True
__shared__,a3252084-229d-5e92-b8ed-ab8df19d701b,f287d43a-5108-4e0c-baa8-5e7d3badfef7,book,Gesammelte Aufsätze zur Kultur- und Zeitgeschichte,2683,601,True
__shared__,a3425fe9-9456-58b4-afee-db2718a937c0,lecture:19200822b,book,Geisteswissenschaft als Erkenntnis der Grundimpulse sozialer Gestaltung,2269,559,True
__shared__,a42576ed-12da-575b-8e63-f6c3d2a56089,47b137d3-f414-406f-b142-ed72c7e8989c,book,Einleitungen zu Goethes Naturwissenschaftlichen Schriften,2164,565,True
__shared__,a43350e3-c015-57be-989d-abb7e498a9d6,f287d43a-5108-4e0c-baa8-5e7d3badfef7,book,Gesammelte Aufsätze zur Kultur- und Zeitgeschichte,2046,518,True
__shared__,a49c5f34-2ac2-57a9-8e5c-3fa82fbf7cfb,lecture:19190409,book,Die Befreiung des Menschenwesens als Grundlage für eine soziale Neugestaltung.,2464,528,True
__shared__,a4ba6190-7b55-5fb9-b8ee-4bb8c518680e,lecture:19190402,book,Die Befreiung des Menschenwesens als Grundlage für eine soziale Neugestaltung.,2498,565,True
__shared__,a5a6b084-987c-55cc-9e23-0104a5ee398e,f8e6c475-a0e5-4081-b265-61a7536a183e,book,Die Kernpunkte der sozialen Frage,2480,525,True
__shared__,a64c2aa9-261c-505d-a19e-44878fa77b86,lecture:19200511b,book,Fachwissenschaften und Anthroposophie,2252,530,True
__shared__,a6530ab2-72fb-5f50-a855-9b26ec8c874b,lecture:19200729b,book,Die Krisis der Gegenwart und der Weg zu gesundem Denken,2158,551,True
__shared__,a69c5bd2-85c1-5921-a498-4d52091ac18a,lecture:19200318,book,Vom Einheitsstaat zum dreigliedrigen sozialen Organismus,2538,543,True
__shared__,a6c80e50-9818-50e0-8f12-4fd2ca903f3e,e58f6369-f7a7-4213-845f-c5b9bf82ffe5,book,Wahrheit und Wissenschaft,2912,710,True
__shared__,a70fefe3-89b2-5667-b918-c3ae2dc3c18d,4b8e4c2a-3f1b-4d2e-9c4a-8e4f4b2c3a1d,book,Die Philosophie der Freiheit,2801,693,True
__shared__,a7d9b233-c276-5d29-8b96-a4168a9764e1,lecture:19211201,book,Die Wirklichkeit der höheren Welten,2429,570,True
__shared__,a80f20b2-abc8-565b-a7e8-5e2f805534de,64e881df-0501-4815-9b0c-6cf545c383b6,book,Goethes Weltanschauung,2151,545,True
__shared__,a85240d6-996e-5c93-b7c5-c44c72bb58a8,lecture:19200905,book,Geisteswissenschaft als Erkenntnis der Grundimpulse sozialer Gestaltung,2103,558,True
__shared__,a8761b4f-9f26-5bdc-92cd-a2067d453b78,lecture:19191014,book,Die Befreiung des Menschenwesens als Grundlage für eine soziale Neugestaltung.,2259,526,True
__shared__,a89709e3-044e-5da0-8fbc-c31f99242ec9,lecture:19220731c,book,Nationalökonomisches Seminar.,2199,515,True
__shared__,a8b0578d-19d7-5d09-9099-c97b555cdb3e,lecture:19200918,book,Geisteswissenschaft als Erkenntnis der Grundimpulse sozialer Gestaltung,2033,515,True
__shared__,a8f63549-0b86-5a09-9f19-b560a773e29b,lecture:19190730,book,Soziale Ideen.,2305,519,True
__shared__,a971a176-f20d-5431-a41e-b1657f02e855,3b38df84-e9bc-4e70-9032-d3fa65517cfd,book,Aufsätze über die Dreigliederung des sozialen Organismus und zur Zeitlage,2340,536,True
__shared__,a9880ed2-667f-5294-b863-0575f79fe08c,lecture:19190522,book,Betriebsräte und Sozialisierung,2576,561,True
__shared__,aa702731-eb88-5ec9-a8eb-30c66f03fab3,lecture:19220728b,book,Nationalökonomischer Kurs.,2332,518,True
__shared__,aaa5b6fd-5f0c-5e2f-b033-4fcb72867719,lecture:19191030,book,Soziale Zukunft,2389,514,True
__shared__,ab035376-fc15-5db4-be91-39c5c1a13545,lecture:19190423a,book,Neugestaltung des sozialen Organismus,2601,599,True
__shared__,ab5c37dc-6f89-559c-8dc4-aaae1645ae35,lecture:19210115b,book,Fachwissenschaften und Anthroposophie,2295,558,True
__shared__,ab72cf4b-c9d1-524e-893f-3bd4ef9d1a18,f287d43a-5108-4e0c-baa8-5e7d3badfef7,book,Gesammelte Aufsätze zur Kultur- und Zeitgeschichte,2753,635,True
__shared__,ab9383cb-6046-521e-a252-e4067631e362,f78a79d5-8e8f-435e-bb58-ef6577312f57,book,Lucifer-Gnosis. Grundlegende Aufsätze zur Anthroposophie und Berichte aus,2391,571,True
__shared__,ac26b2c2-388b-52da-ae98-0e2c24e8ef79,lecture:19191106,book,Die Befreiung des Menschenwesens als Grundlage für eine soziale Neugestaltung.,2215,528,True
__shared__,ac31e84e-bb63-52db-b44b-53d782c6d5cb,lecture:19211011,book,Anthroposophie soziale Dreigliederung und Redekunst.,2496,578,True
__shared__,ac916e51-ac3d-5fdc-9d4c-5a00a46297f2,lecture:19191024,book,Soziale Zukunft,2701,631,True
__shared__,ad589699-e9a8-532e-9545-d40801373c8c,44217040-65bf-4150-9fa8-bac9c57cd1b1,book,Grundlinien einer Erkenntnistheorie der Goetheschen Weltanschauung,2391,529,True
__shared__,ad9355b8-c36b-5b3c-adc1-970904b05249,44217040-65bf-4150-9fa8-bac9c57cd1b1,book,Grundlinien einer Erkenntnistheorie der Goetheschen Weltanschauung,2385,563,True
__shared__,ad98bf54-e2d3-5afd-879d-4629c99be1eb,d64fa532-6040-4fc2-9c43-ed4e5368bb92,book,Die Rätsel der Philosophie,2447,558,True
__shared__,ada829c7-31ea-5792-aaf8-e4b0459aa463,3b38df84-e9bc-4e70-9032-d3fa65517cfd,book,Aufsätze über die Dreigliederung des sozialen Organismus und zur Zeitlage,2526,542,True
__shared__,adc9e24d-70dd-5d7b-a4a8-1ee5f03f60e1,d64fa532-6040-4fc2-9c43-ed4e5368bb92,book,Die Rätsel der Philosophie,2983,691,True
__shared__,adecaa56-d048-5de4-a1b4-c88bb8b5a9d6,908fc041-096e-4440-8593-b3267b712bf5,book,Die Wahrheit als Gesamtumfang aller Weltansichten,2225,585,True
__shared__,ae275e9e-dfc7-55c8-9746-2c8dd9793faa,lecture:19190210,book,Die soziale Frage,2375,563,True
__shared__,ae50847a-6983-5bd0-9ad3-70dd48433c25,7758c53c-72bd-41f1-ae51-843eb2a0f718,book,Various Interviews and Articles,1987,520,True
__shared__,ae5a925b-b709-5b0f-9dc0-6a9df42aec6a,d64fa532-6040-4fc2-9c43-ed4e5368bb92,book,Die Rätsel der Philosophie,2584,586,True
__shared__,aea620bb-a7e7-5a0a-b658-436e8df04791,d64fa532-6040-4fc2-9c43-ed4e5368bb92,book,Die Rätsel der Philosophie,2120,537,True
__shared__,aee305ce-17ba-5b22-9065-9762d356f275,f78a79d5-8e8f-435e-bb58-ef6577312f57,book,Lucifer-Gnosis. Grundlegende Aufsätze zur Anthroposophie und Berichte aus,2154,528,True
__shared__,aee53f17-22a6-5bae-b1ae-65802e1d91e4,908fc041-096e-4440-8593-b3267b712bf5,book,Die Wahrheit als Gesamtumfang aller Weltansichten,2118,562,True
__shared__,af11b696-73b1-5e52-aa90-9879fcf48a32,f8e6c475-a0e5-4081-b265-61a7536a183e,book,Die Kernpunkte der sozialen Frage,2416,529,True
__shared__,af180c2e-d8c2-5a1f-a0fa-7415cdf25164,lecture:19190311,book,Die Befreiung des Menschenwesens als Grundlage für eine soziale Neugestaltung.,2422,555,True
__shared__,af278f76-eae2-5def-8642-e49554704830,lecture:19220804c,book,Nationalökonomisches Seminar.,2201,526,True
__shared__,afa0d844-0150-51e8-864c-a67710265251,c2a4e407-cdf7-4802-be84-010cc485ef00,book,Methodische Grundlagen der Anthroposophie,1917,545,True
__shared__,afae4efc-01ec-549d-b4c5-9a6753372ae4,f8e6c475-a0e5-4081-b265-61a7536a183e,book,Die Kernpunkte der sozialen Frage,2445,549,True
__shared__,aff68224-dbc6-5bbf-8bf5-701d72dea136,d64fa532-6040-4fc2-9c43-ed4e5368bb92,book,Die Rätsel der Philosophie,2125,550,True
__shared__,b0273713-fb89-5e59-9121-8f644b268697,908fc041-096e-4440-8593-b3267b712bf5,book,Die Wahrheit als Gesamtumfang aller Weltansichten,1944,525,True
__shared__,b031d159-6192-5f1a-a896-e2f596bed8ec,lecture:19190317,book,Die Befreiung des Menschenwesens als Grundlage für eine soziale Neugestaltung.,2230,515,True
__shared__,b1c9761f-56f8-592a-b023-4c08b4dd9920,lecture:19200303b,book,Soziale Ideen.,2415,534,True
__shared__,b1fd157f-9104-55b3-bffd-8d0b53aa92d9,d64fa532-6040-4fc2-9c43-ed4e5368bb92,book,Die Rätsel der Philosophie,2217,561,True
__shared__,b307358f-0208-5251-b0ef-9aff887df14b,lecture:19190901b,book,Erziehungskunst. Methodisch-Didaktisches,2382,558,True
__shared__,b3116035-e83e-510c-a171-432b012a8dfa,36371313-0400-4c90-9656-67d54052cf89,book,Julian Assange in his own words,1492,533,True
__shared__,b329901d-ce7f-541e-a49d-549fbc317b9b,lecture:19220731c,book,Nationalökonomisches Seminar.,2392,538,True
__shared__,b33298b7-a4ed-5a8e-94ca-ba10732e920a,4b8e4c2a-3f1b-4d2e-9c4a-8e4f4b2c3a1d,book,Die Philosophie der Freiheit,2423,653,True
__shared__,b3342930-4300-588c-adc5-6fcab6c53597,908fc041-096e-4440-8593-b3267b712bf5,book,Die Wahrheit als Gesamtumfang aller Weltansichten,2104,519,True
__shared__,b3462608-d29b-5c7f-8f10-5e80b3f3382c,d64fa532-6040-4fc2-9c43-ed4e5368bb92,book,Die Rätsel der Philosophie,2365,520,True
__shared__,b43b2d3b-66dd-54c0-82c1-b16d0a31b2bd,908fc041-096e-4440-8593-b3267b712bf5,book,Die Wahrheit als Gesamtumfang aller Weltansichten,2581,660,True
__shared__,b44d3e7c-0e43-584b-acef-4fe5e09c49b8,f78a79d5-8e8f-435e-bb58-ef6577312f57,book,Lucifer-Gnosis. Grundlegende Aufsätze zur Anthroposophie und Berichte aus,2616,571,True
__shared__,b45bb6e9-ecd4-5529-b8a2-acf40d4487b7,lecture:19200829b,book,Geisteswissenschaft als Erkenntnis der Grundimpulse sozialer Gestaltung,2398,514,True
__shared__,b497a1e6-81ee-5751-8d1d-717791083a25,lecture:19190618,book,Neugestaltung des sozialen Organismus,2439,523,True
__shared__,b4be1151-4fc3-56f1-b876-3125a5b25423,lecture:19200312b,book,Die Krisis der Gegenwart und der Weg zu gesundem Denken,2676,622,True
__shared__,b50de039-da11-53fc-8916-ae1830b73179,47b137d3-f414-406f-b142-ed72c7e8989c,book,Einleitungen zu Goethes Naturwissenschaftlichen Schriften,2318,574,True
__shared__,b600755e-7d96-50c3-a314-5f9de709a141,lecture:19200302b,book,Die Krisis der Gegenwart und der Weg zu gesundem Denken,2314,538,True
__shared__,b65d7842-e4d8-5a9c-9cff-84b28ec46d23,lecture:19200915b,book,Soziale Ideen.,2547,572,True
__shared__,b6ee5ed2-9d66-5d8e-a847-517724225fb7,c2a4e407-cdf7-4802-be84-010cc485ef00,book,Methodische Grundlagen der Anthroposophie,2145,540,True
__shared__,b778d58b-22d3-5f1d-8846-0089f458f13a,64e881df-0501-4815-9b0c-6cf545c383b6,book,Goethes Weltanschauung,2273,518,True
__shared__,b787d28d-4e95-5523-9f7c-283a019dfab5,d64fa532-6040-4fc2-9c43-ed4e5368bb92,book,Die Rätsel der Philosophie,2307,545,True
__shared__,b7db11e8-b999-5e74-b902-532b59a54261,lecture:19190702,book,Betriebsräte und Sozialisierung,2331,533,True
__shared__,b860405d-13c3-5181-8e6b-4f44a3e01605,c2a4e407-cdf7-4802-be84-010cc485ef00,book,Methodische Grundlagen der Anthroposophie,2802,639,True
__shared__,b8acf38b-00ef-59f3-bb07-1f5fd8673deb,lecture:19220730a,book,Nationalökonomischer Kurs.,2306,547,True
__shared__,b8cedfff-ea83-5539-b3ff-b722b4209734,lecture:19190821a,book,Allgemeine Menschenkunde als Grundlage der Pädagogik,2344,552,True
__shared__,b8d5a0dd-6cd3-5851-9046-0bad50df5f5d,d64fa532-6040-4fc2-9c43-ed4e5368bb92,book,Die Rätsel der Philosophie,1996,525,True
__shared__,b9144587-4f90-5815-b692-05fd78868ac4,47b137d3-f414-406f-b142-ed72c7e8989c,book,Einleitungen zu Goethes Naturwissenschaftlichen Schriften,2198,537,True
__shared__,b9ca0f30-7fe0-5459-b1b5-cb2131798e9b,lecture:19191106,book,Die Befreiung des Menschenwesens als Grundlage für eine soziale Neugestaltung.,2479,587,True
__shared__,b9cb851d-c4c0-55b1-b452-cc51890160ce,c2a4e407-cdf7-4802-be84-010cc485ef00,book,Methodische Grundlagen der Anthroposophie,2275,570,True
__shared__,b9df13df-7d34-5100-bb32-6392d9cd5ec9,lecture:19190717,book,Betriebsräte und Sozialisierung,2222,518,True
__shared__,ba47131f-c213-5cd4-ab88-6dcbf27340ac,lecture:19190428,book,Neugestaltung des sozialen Organismus,2700,631,True
__shared__,ba4b92ea-bf46-5456-8612-009ad772c9ae,908fc041-096e-4440-8593-b3267b712bf5,book,Die Wahrheit als Gesamtumfang aller Weltansichten,2363,586,True
__shared__,ba7358be-8730-576d-9b18-6d517661e167,64e881df-0501-4815-9b0c-6cf545c383b6,book,Goethes Weltanschauung,2566,613,True
__shared__,ba8a93c7-0c3a-525a-9e80-b0b747e211e0,lecture:19211129a,book,Die Wirklichkeit der höheren Welten,2323,535,True
__shared__,bacd1777-9cd4-568e-9887-0efd86c61e2b,f287d43a-5108-4e0c-baa8-5e7d3badfef7,book,Gesammelte Aufsätze zur Kultur- und Zeitgeschichte,2256,562,True
__shared__,bacd4095-6f91-544b-9107-4b3c10c88508,908fc041-096e-4440-8593-b3267b712bf5,book,Die Wahrheit als Gesamtumfang aller Weltansichten,2117,551,True
__shared__,bb58e0f2-cac8-580d-8d25-cea1bf01e22f,908fc041-096e-4440-8593-b3267b712bf5,book,Die Wahrheit als Gesamtumfang aller Weltansichten,2051,531,True
__shared__,bb6d2c7e-d66e-5860-8989-7c78fdab9410,908fc041-096e-4440-8593-b3267b712bf5,book,Die Wahrheit als Gesamtumfang aller Weltansichten,2133,518,True
__shared__,bba54dd1-62cd-5700-8ac2-42e78d6871ce,lecture:19190717,book,Betriebsräte und Sozialisierung,2421,540,True
__shared__,bbdc0857-b9ec-5215-8fbe-8d37422de904,4b8e4c2a-3f1b-4d2e-9c4a-8e4f4b2c3a1d,book,Die Philosophie der Freiheit,2381,554,True
__shared__,bc05fe8d-a29e-5ec6-9308-4d5e333abd50,lecture:19200310b,book,Die Krisis der Gegenwart und der Weg zu gesundem Denken,2390,558,True
__shared__,bc0bc95f-6df5-5a77-a9c7-3855382689a3,47b137d3-f414-406f-b142-ed72c7e8989c,book,Einleitungen zu Goethes Naturwissenschaftlichen Schriften,2392,567,True
__shared__,bc120c34-7628-5e67-bae6-9db04f471319,lecture:19200905,book,Geisteswissenschaft als Erkenntnis der Grundimpulse sozialer Gestaltung,2463,565,True
__shared__,bc3a20b4-e751-56a1-88d8-77928fcc3152,lecture:19190821b,book,Erziehungskunst. Methodisch-Didaktisches,2172,530,True
__shared__,bc6ca07b-ba38-5576-bd2c-a934c1916b9e,64e881df-0501-4815-9b0c-6cf545c383b6,book,Goethes Weltanschauung,2164,562,True
__shared__,bc761bdd-1d0f-5791-93b7-0ac8e0436471,lecture:19200609b,book,Soziale Ideen.,2230,514,True
__shared__,bcb58520-92e8-5131-bc4b-696786782de9,d64fa532-6040-4fc2-9c43-ed4e5368bb92,book,Die Rätsel der Philosophie,2111,525,True
__shared__,bcc57c7d-6e84-5f55-bb97-91fc35f168ef,47b137d3-f414-406f-b142-ed72c7e8989c,book,Einleitungen zu Goethes Naturwissenschaftlichen Schriften,2145,528,True
__shared__,bd0bb7d6-faad-5c04-9322-19f7adeb98e0,lecture:19200504b,book,Vom Einheitsstaat zum dreigliedrigen sozialen Organismus,2254,518,True
__shared__,bd27f858-d18a-5a98-bc47-459483e1ba94,lecture:19201110,book,Die Krisis der Gegenwart und der Weg zu gesundem Denken,2425,589,True
__shared__,bd873eaa-1e2b-552f-b6cf-1ced449854d2,4c09f3d5-3f5c-42b7-beba-f12fc46594bc,book,Free Software Free Society,1976,520,True
__shared__,bd93e134-0453-5da5-9e13-a9f2b7bbf783,f78a79d5-8e8f-435e-bb58-ef6577312f57,book,Lucifer-Gnosis. Grundlegende Aufsätze zur Anthroposophie und Berichte aus,2228,556,True
__shared__,be06cfb0-8a3f-575a-af55-8eee07649f97,lecture:19190902c,book,Erziehungskunst. Seminarbesprechungen und Lehrplanvorträge,2314,583,True
__shared__,be4a2f09-2216-548d-ae7e-3196a258f622,908fc041-096e-4440-8593-b3267b712bf5,book,Die Wahrheit als Gesamtumfang aller Weltansichten,2172,563,True
__shared__,beb5137a-14d4-54b2-832c-f7948978ab2a,lecture:19201012,book,Soziale Ideen.,2363,529,True
__shared__,befbc22d-0bc9-53cd-88af-202443afcb3d,47b137d3-f414-406f-b142-ed72c7e8989c,book,Einleitungen zu Goethes Naturwissenschaftlichen Schriften,2201,573,True
__shared__,bf3d8be3-e69e-5b59-b64e-6a30c6a8f5ae,lecture:19190828c,book,Erziehungskunst. Seminarbesprechungen und Lehrplanvorträge,2298,519,True
__shared__,bf40a2da-15a4-5fd1-b870-3dc4616c26f1,lecture:19201110,book,Die Krisis der Gegenwart und der Weg zu gesundem Denken,2423,533,True
__shared__,bfd6610e-61ff-5118-ae66-f96032eced37,f78a79d5-8e8f-435e-bb58-ef6577312f57,book,Lucifer-Gnosis. Grundlegende Aufsätze zur Anthroposophie und Berichte aus,2373,561,True
__shared__,c02332d9-228c-5fb7-9573-676bb3629927,4b8e4c2a-3f1b-4d2e-9c4a-8e4f4b2c3a1d,book,Die Philosophie der Freiheit,2288,551,True
__shared__,c0535578-2a96-56ad-81c0-6ca565c3ff48,lecture:19200828,book,Geisteswissenschaft als Erkenntnis der Grundimpulse sozialer Gestaltung,2439,591,True
__shared__,c06e73ba-6d03-578b-a393-306e90683146,lecture:19190829a,book,Allgemeine Menschenkunde als Grundlage der Pädagogik,2247,539,True
__shared__,c0cac17a-8f92-5d92-854d-cd63bb337aeb,lecture:19190624,book,Betriebsräte und Sozialisierung,2978,635,True
__shared__,c0cd23eb-e8eb-5236-ab24-c4816948dd35,c2a4e407-cdf7-4802-be84-010cc485ef00,book,Methodische Grundlagen der Anthroposophie,2516,711,True
__shared__,c0f07f43-f9e2-53c7-986e-91656ead4836,908fc041-096e-4440-8593-b3267b712bf5,book,Die Wahrheit als Gesamtumfang aller Weltansichten,2149,538,True
__shared__,c23c2feb-96c5-547f-bb4a-255b165b7689,lecture:19190205,book,Die soziale Frage,2888,631,True
__shared__,c2e909a3-eb1c-5091-bf4d-b5cfa0b43847,lecture:19211129a,book,Die Wirklichkeit der höheren Welten,2323,566,True
__shared__,c30b153a-4d23-5698-9411-a2be8aae329b,c2a4e407-cdf7-4802-be84-010cc485ef00,book,Methodische Grundlagen der Anthroposophie,2243,516,True
__shared__,c3507105-557c-53d4-82f3-1b274ce0f423,d64fa532-6040-4fc2-9c43-ed4e5368bb92,book,Die Rätsel der Philosophie,2286,542,True
__shared__,c36892dc-cb03-5585-96a1-4a9bcbf3a1e0,908fc041-096e-4440-8593-b3267b712bf5,book,Die Wahrheit als Gesamtumfang aller Weltansichten,2330,594,True
__shared__,c3d21b03-fdd3-58e6-9912-49901664794c,lecture:19191024,book,Soziale Zukunft,2536,583,True
__shared__,c41c795d-4385-5715-ad26-45965a3e904e,f287d43a-5108-4e0c-baa8-5e7d3badfef7,book,Gesammelte Aufsätze zur Kultur- und Zeitgeschichte,2398,546,True
__shared__,c4900944-6aee-5cdb-986e-2e9c560ea7db,lecture:19220806a,book,Nationalökonomischer Kurs.,2453,563,True
__shared__,c4b16de3-9895-5c4f-b67c-eefd6ae0e058,lecture:19190618,book,Neugestaltung des sozialen Organismus,2827,674,True
__shared__,c4bf1c7b-6d90-5ab3-b1e5-4c73ad264d6f,f78a79d5-8e8f-435e-bb58-ef6577312f57,book,Lucifer-Gnosis. Grundlegende Aufsätze zur Anthroposophie und Berichte aus,2481,630,True
__shared__,c50bf20f-ee75-5d46-81cf-d070b68fcd5a,f78a79d5-8e8f-435e-bb58-ef6577312f57,book,Lucifer-Gnosis. Grundlegende Aufsätze zur Anthroposophie und Berichte aus,2118,513,True
__shared__,c55417f4-dccf-57be-824f-60616b94d8a2,lecture:19190903a,book,Allgemeine Menschenkunde als Grundlage der Pädagogik,2396,572,True
__shared__,c5edfa4b-05da-53f1-ab52-84602f536af6,lecture:19220412a,book,Damit der Mensch ganz Mensch werde,2217,525,True
__shared__,c67061d7-a317-5fbe-a7f4-64f3cf28663a,d64fa532-6040-4fc2-9c43-ed4e5368bb92,book,Die Rätsel der Philosophie,2003,515,True
__shared__,c6c358c8-255d-5c9d-9e79-c7d72c677e3a,lecture:19190522,book,Betriebsräte und Sozialisierung,2798,617,True
__shared__,c7a6b675-527f-51e5-8e2d-11c81a74cdf5,f78a79d5-8e8f-435e-bb58-ef6577312f57,book,Lucifer-Gnosis. Grundlegende Aufsätze zur Anthroposophie und Berichte aus,2499,613,True
__shared__,c7c27f36-8eea-5047-a884-9353ac7aaa25,f287d43a-5108-4e0c-baa8-5e7d3badfef7,book,Gesammelte Aufsätze zur Kultur- und Zeitgeschichte,2308,614,True
__shared__,c7f164ad-fab9-54cc-9805-1b32a1e4b6fa,lecture:19190826b,book,Erziehungskunst. Methodisch-Didaktisches,2354,581,True
__shared__,c82d1edf-1743-5851-b903-95d40ae3393f,lecture:19201012,book,Soziale Ideen.,2555,546,True
__shared__,c8c617be-f8c4-5d96-848c-ceb3f9b09698,47b137d3-f414-406f-b142-ed72c7e8989c,book,Einleitungen zu Goethes Naturwissenschaftlichen Schriften,2622,616,True
__shared__,c904b32b-be5b-5e1b-b262-645fdb0c25d0,44217040-65bf-4150-9fa8-bac9c57cd1b1,book,Grundlinien einer Erkenntnistheorie der Goetheschen Weltanschauung,2308,550,True
__shared__,c9199a8b-8699-58a9-b298-97036a7b18e2,47b137d3-f414-406f-b142-ed72c7e8989c,book,Einleitungen zu Goethes Naturwissenschaftlichen Schriften,2139,556,True
__shared__,c9362c5f-bb7f-5fbe-8d0c-8c8f2fbab3ad,lecture:19140123c,book,Der menschliche und der kosmische Gedanke,2677,629,True
__shared__,c93ca4ea-b714-5293-9b76-2ba1298566dd,4b8e4c2a-3f1b-4d2e-9c4a-8e4f4b2c3a1d,book,Die Philosophie der Freiheit,2222,608,True
__shared__,c95cf259-7160-59b4-a58e-c29b67667165,908fc041-096e-4440-8593-b3267b712bf5,book,Die Wahrheit als Gesamtumfang aller Weltansichten,2427,610,True
__shared__,c96d0846-d84f-5e55-b3d2-b5054e97c1ff,lecture:19200608,book,Die Krisis der Gegenwart und der Weg zu gesundem Denken,2367,554,True
__shared__,c97d1459-e0a5-5803-a843-650fe6cb5e31,64e881df-0501-4815-9b0c-6cf545c383b6,book,Goethes Weltanschauung,2379,594,True
__shared__,c97d4838-2e4a-5488-8251-1aad2a69bcd0,lecture:19190531,book,Neugestaltung des sozialen Organismus,2437,544,True
__shared__,c9802acb-dee8-5b47-838d-bf13f8eaee8a,lecture:19190619,book,Neugestaltung des sozialen Organismus,2342,530,True
__shared__,c9f840d9-126d-5609-b368-3272a09b00a5,f78a79d5-8e8f-435e-bb58-ef6577312f57,book,Lucifer-Gnosis. Grundlegende Aufsätze zur Anthroposophie und Berichte aus,2244,517,True
__shared__,ca4dad41-8caf-58ce-83e1-a6e378693b8e,64e881df-0501-4815-9b0c-6cf545c383b6,book,Goethes Weltanschauung,2202,557,True
__shared__,ca64c1f6-56a2-5c68-8188-fbec27b0c066,908fc041-096e-4440-8593-b3267b712bf5,book,Die Wahrheit als Gesamtumfang aller Weltansichten,2343,565,True
__shared__,caba2568-4394-52e6-86bd-3ff8bd92bdcc,lecture:19190425,book,Neugestaltung des sozialen Organismus,2518,570,True
__shared__,cb6ee7e5-09eb-5767-a045-3f89790c1822,c2a4e407-cdf7-4802-be84-010cc485ef00,book,Methodische Grundlagen der Anthroposophie,2802,644,True
__shared__,cbce2d12-c2c2-5906-b561-72e3e96d98b4,lecture:19190826b,book,Erziehungskunst. Methodisch-Didaktisches,2477,588,True
__shared__,cc664a5b-5dd1-555d-9eda-f4aead5934f4,lecture:19191025,book,Soziale Zukunft,2357,583,True
__shared__,cce23078-20f4-54b1-8711-81d1dc977de3,47b137d3-f414-406f-b142-ed72c7e8989c,book,Einleitungen zu Goethes Naturwissenschaftlichen Schriften,2438,628,True
__shared__,cd44e7ae-832a-5367-a72c-2dfbc910024d,lecture:19190422b,book,Neugestaltung des sozialen Organismus,2280,532,True
__shared__,cd543056-5576-5bb9-9876-062912668ad4,lecture:19210406a,book,Die befruchtende Wirkung der Anthroposophie auf die Fachwissenschaften,2474,559,True
__shared__,cda64c90-c37a-5cde-9232-206143a5add8,lecture:19200828,book,Geisteswissenschaft als Erkenntnis der Grundimpulse sozialer Gestaltung,2381,567,True
__shared__,ce9255c4-24f1-526b-83e9-50ae4da54908,lecture:19190605,book,Betriebsräte und Sozialisierung,2391,517,True
__shared__,ce9cfde7-cec3-5a85-8da6-7d4b7d7f30d5,f78a79d5-8e8f-435e-bb58-ef6577312f57,book,Lucifer-Gnosis. Grundlegende Aufsätze zur Anthroposophie und Berichte aus,2322,551,True
__shared__,cecec5c0-c6bf-5976-9726-62f9710eb769,lecture:19211125,book,Die Wirklichkeit der höheren Welten,2208,523,True
__shared__,cf53bbe3-b923-5d2c-8236-c18c36ddbfb4,47b137d3-f414-406f-b142-ed72c7e8989c,book,Einleitungen zu Goethes Naturwissenschaftlichen Schriften,1834,513,True
__shared__,cffb0188-3254-544c-86bf-b0b3dc2b576b,f78a79d5-8e8f-435e-bb58-ef6577312f57,book,Lucifer-Gnosis. Grundlegende Aufsätze zur Anthroposophie und Berichte aus,2360,538,True
__shared__,d0262dfd-78ce-57b0-a688-106a14923059,lecture:19220410,book,Damit der Mensch ganz Mensch werde,2268,520,True
__shared__,d064eeda-4597-53f6-825e-3ad206bf9915,lecture:19190904a,book,Allgemeine Menschenkunde als Grundlage der Pädagogik,2302,550,True
__shared__,d0784c0d-2f7f-5b31-888e-eb2b9fea90f5,c2a4e407-cdf7-4802-be84-010cc485ef00,book,Methodische Grundlagen der Anthroposophie,1956,520,True
__shared__,d0d992ea-b664-5571-818b-ad14978bb9be,908fc041-096e-4440-8593-b3267b712bf5,book,Die Wahrheit als Gesamtumfang aller Weltansichten,2480,621,True
__shared__,d11567ed-c056-57c2-925b-5aa8295c54e6,lecture:19200326b,book,Fachwissenschaften und Anthroposophie,2485,537,True
__shared__,d1a1f763-4bd9-5116-a8dd-e81063706e00,f287d43a-5108-4e0c-baa8-5e7d3badfef7,book,Gesammelte Aufsätze zur Kultur- und Zeitgeschichte,2296,521,True
__shared__,d1bc0a4a-f749-5574-a409-263df0f245ca,c2a4e407-cdf7-4802-be84-010cc485ef00,book,Methodische Grundlagen der Anthroposophie,2136,529,True
__shared__,d27e6289-0133-56fe-a29d-2eec4ad77a9d,lecture:19220411,book,Damit der Mensch ganz Mensch werde,2652,628,True
__shared__,d28f4ffc-afde-5835-8afa-8526d6fdfd6b,44217040-65bf-4150-9fa8-bac9c57cd1b1,book,Grundlinien einer Erkenntnistheorie der Goetheschen Weltanschauung,2659,642,True
__shared__,d295a53d-d546-5256-86e2-16d821e88e07,f78a79d5-8e8f-435e-bb58-ef6577312f57,book,Lucifer-Gnosis. Grundlegende Aufsätze zur Anthroposophie und Berichte aus,2567,616,True
__shared__,d322ce07-c0fc-5e11-8e9c-b64ef9b05ad3,lecture:19191029,book,Soziale Zukunft,2650,579,True
__shared__,d38d6931-b6bf-5e29-9e2b-eeca487dfbf1,lecture:19210405a,book,Die befruchtende Wirkung der Anthroposophie auf die Fachwissenschaften,2272,530,True
__shared__,d4731c4e-015d-5e17-b531-a255837f87b6,44217040-65bf-4150-9fa8-bac9c57cd1b1,book,Grundlinien einer Erkenntnistheorie der Goetheschen Weltanschauung,2229,544,True
__shared__,d4c502ff-ddbb-52ef-9b65-357c24cac64a,908fc041-096e-4440-8593-b3267b712bf5,book,Die Wahrheit als Gesamtumfang aller Weltansichten,2558,707,True
__shared__,d50a1ae2-a63b-5036-9e06-19569510fb63,lecture:19220409,book,Damit der Mensch ganz Mensch werde,2260,525,True
__shared__,d568081a-1f4a-5fe1-becd-68ec32772c83,lecture:19210404a,book,Die befruchtende Wirkung der Anthroposophie auf die Fachwissenschaften,2370,568,True
__shared__,d57125a4-4fff-5f84-b065-b54c2963393b,lecture:19211129a,book,Die Wirklichkeit der höheren Welten,2410,574,True
__shared__,d5bb194a-3335-530b-9961-7a301c9b5dd0,e58f6369-f7a7-4213-845f-c5b9bf82ffe5,book,Wahrheit und Wissenschaft,2447,616,True
__shared__,d5e16bab-22ae-5d16-b633-27eeb9bb76d2,lecture:19200918,book,Geisteswissenschaft als Erkenntnis der Grundimpulse sozialer Gestaltung,2344,549,True
__shared__,d5fef306-227e-5bf2-9018-e509d8f9b2ae,c2a4e407-cdf7-4802-be84-010cc485ef00,book,Methodische Grundlagen der Anthroposophie,2656,727,True
__shared__,d68a8385-b30a-5d18-a6b9-30f7f7df456e,4b8e4c2a-3f1b-4d2e-9c4a-8e4f4b2c3a1d,book,Die Philosophie der Freiheit,2353,571,True
__shared__,d6bf9614-3e7e-555b-8c06-8599a1c14d3e,d64fa532-6040-4fc2-9c43-ed4e5368bb92,book,Die Rätsel der Philosophie,2140,523,True
__shared__,d71e3da6-8e89-504f-bf99-487963b03f86,47b137d3-f414-406f-b142-ed72c7e8989c,book,Einleitungen zu Goethes Naturwissenschaftlichen Schriften,2117,523,True
__shared__,d79797fb-bd9e-55e0-b124-6b0b3caef683,lecture:19200728,book,Soziale Ideen.,2190,523,True
__shared__,d7ac981f-c5df-52fc-89a2-5d0ed8ea71b7,47b137d3-f414-406f-b142-ed72c7e8989c,book,Einleitungen zu Goethes Naturwissenschaftlichen Schriften,2379,568,True
__shared__,d7ba9c3d-d035-565c-83b7-fd00b527ed97,f287d43a-5108-4e0c-baa8-5e7d3badfef7,book,Gesammelte Aufsätze zur Kultur- und Zeitgeschichte,2249,520,True
__shared__,d7eb657e-59b1-5583-811e-b4693798d270,c2a4e407-cdf7-4802-be84-010cc485ef00,book,Methodische Grundlagen der Anthroposophie,2134,518,True
__shared__,d7ee1b93-0fbc-5e7e-868e-913c720f2e46,f287d43a-5108-4e0c-baa8-5e7d3badfef7,book,Gesammelte Aufsätze zur Kultur- und Zeitgeschichte,2201,529,True
__shared__,d7fac6ef-f91e-5f1d-8357-638f2a59a0f2,lecture:19200411b,book,Entsprechungen zwischen Mikrokosmos und Makrokosmos. Der Mensch — eine Hieroglyphe des Weltenalls.,2360,516,True
__shared__,d850b3f2-b182-5719-bf32-5dad594485fb,lecture:19190210,book,Die soziale Frage,2321,525,True
__shared__,d943895a-864a-5ea7-871d-a6413545518e,f287d43a-5108-4e0c-baa8-5e7d3badfef7,book,Gesammelte Aufsätze zur Kultur- und Zeitgeschichte,2158,530,True
__shared__,d965b683-e4dc-527f-bf19-392131a159fd,lecture:19211128,book,Die Wirklichkeit der höheren Welten,2676,607,True
__shared__,d9895412-9dc9-5545-a77f-465aaf1671b9,f3b36ec2-031d-4715-ad66-dfc7f43cc491,book,Cypherpunks,2156,529,True
__shared__,d9ec7a30-7a71-5af4-9026-7496e60a4db9,f78a79d5-8e8f-435e-bb58-ef6577312f57,book,Lucifer-Gnosis. Grundlegende Aufsätze zur Anthroposophie und Berichte aus,2146,521,True
__shared__,d9f0d255-0e7c-5bd0-b1ac-e3b319d08826,lecture:19191014,book,Die Befreiung des Menschenwesens als Grundlage für eine soziale Neugestaltung.,2240,521,True
__shared__,da0aff15-a95d-5410-8f3a-7ae169e05888,lecture:19190319,book,Die Befreiung des Menschenwesens als Grundlage für eine soziale Neugestaltung.,2735,612,True
__shared__,da17baa3-7b87-532d-80a0-2ca7f48e6252,3b38df84-e9bc-4e70-9032-d3fa65517cfd,book,Aufsätze über die Dreigliederung des sozialen Organismus und zur Zeitlage,2612,636,True
__shared__,da3e36bb-8ffd-58b1-96a9-10141d37c415,lecture:19200506b,book,Vom Einheitsstaat zum dreigliedrigen sozialen Organismus,2604,622,True
__shared__,dab07fdc-6277-5101-a090-b52e739a8836,3b38df84-e9bc-4e70-9032-d3fa65517cfd,book,Aufsätze über die Dreigliederung des sozialen Organismus und zur Zeitlage,2451,592,True
__shared__,db086a4b-12eb-59bf-926a-f3a7060acdaa,lecture:19220407,book,Damit der Mensch ganz Mensch werde,2207,526,True
__shared__,db336835-aa97-5e5f-81ac-a7646905f30c,c2a4e407-cdf7-4802-be84-010cc485ef00,book,Methodische Grundlagen der Anthroposophie,2352,554,True
__shared__,db80cf42-ed94-5ecf-9dc1-f79d8dac8d1d,64e881df-0501-4815-9b0c-6cf545c383b6,book,Goethes Weltanschauung,2094,517,True
__shared__,db9f02ee-3aac-5d3d-9031-8ff886d5ad89,lecture:19200327c,book,Fachwissenschaften und Anthroposophie,2315,530,True
__shared__,dba46662-18b6-5b1b-871f-5390a155ed1a,f287d43a-5108-4e0c-baa8-5e7d3badfef7,book,Gesammelte Aufsätze zur Kultur- und Zeitgeschichte,2236,548,True
__shared__,dc929a0a-3e42-5b72-9b1b-63fe72f690d8,c2a4e407-cdf7-4802-be84-010cc485ef00,book,Methodische Grundlagen der Anthroposophie,2268,528,True
__shared__,dcae91a5-5dc8-55aa-8db8-f521f1247dbb,3b38df84-e9bc-4e70-9032-d3fa65517cfd,book,Aufsätze über die Dreigliederung des sozialen Organismus und zur Zeitlage,2664,633,True
__shared__,dcc9b90a-8ee5-5799-956b-c95a4e733ecd,f287d43a-5108-4e0c-baa8-5e7d3badfef7,book,Gesammelte Aufsätze zur Kultur- und Zeitgeschichte,2416,565,True
__shared__,dcde62c0-2e3e-5ca6-baa7-55d260e587a0,c2a4e407-cdf7-4802-be84-010cc485ef00,book,Methodische Grundlagen der Anthroposophie,2187,521,True
__shared__,dd3c61b6-a6b6-5645-a697-1ae2dc0d8620,lecture:19190905b,book,Erziehungskunst. Methodisch-Didaktisches,2430,552,True
__shared__,de12c90a-9b29-5227-9f56-7b34cdf7414f,d64fa532-6040-4fc2-9c43-ed4e5368bb92,book,Die Rätsel der Philosophie,2041,522,True
__shared__,de898320-6815-5613-a8f0-2d7f7d7383fc,4b8e4c2a-3f1b-4d2e-9c4a-8e4f4b2c3a1d,book,Die Philosophie der Freiheit,2064,537,True
__shared__,deabfa0f-6edd-5a11-8140-95cd7c33782a,36371313-0400-4c90-9656-67d54052cf89,book,Julian Assange in his own words,2182,519,True
__shared__,df21feb8-31ef-5754-97a8-007d14a271dc,lecture:19200830,book,Soziale Ideen.,2405,567,True
__shared__,df8ef697-acf9-5aca-bab4-9bc399262dea,c2a4e407-cdf7-4802-be84-010cc485ef00,book,Methodische Grundlagen der Anthroposophie,2141,526,True
__shared__,df969959-be61-5432-bfad-808f0453abf2,3b38df84-e9bc-4e70-9032-d3fa65517cfd,book,Aufsätze über die Dreigliederung des sozialen Organismus und zur Zeitlage,2156,543,True
__shared__,dfc0593c-644a-5161-9891-b17c24a0617c,c2a4e407-cdf7-4802-be84-010cc485ef00,book,Methodische Grundlagen der Anthroposophie,2301,513,True
__shared__,dfc1c0d2-9a40-506c-a5ea-ad86f033cee5,lecture:19200304b,book,Die Krisis der Gegenwart und der Weg zu gesundem Denken,2415,565,True
__shared__,e0653a59-53ac-5559-91d4-e1ae77bdaae0,f78a79d5-8e8f-435e-bb58-ef6577312f57,book,Lucifer-Gnosis. Grundlegende Aufsätze zur Anthroposophie und Berichte aus,2497,571,True
__shared__,e0789d05-12db-5991-bab5-3d9f11bb974a,e58f6369-f7a7-4213-845f-c5b9bf82ffe5,book,Wahrheit und Wissenschaft,2345,585,True
__shared__,e07b7950-27a6-5514-8946-fb7db2a25789,f287d43a-5108-4e0c-baa8-5e7d3badfef7,book,Gesammelte Aufsätze zur Kultur- und Zeitgeschichte,2077,524,True
__shared__,e095df79-37a3-552d-be3f-a21ee4cfcb4e,lecture:19211014a,book,Anthroposophie soziale Dreigliederung und Redekunst.,2362,557,True
__shared__,e09e4e9e-3392-5cb9-80c3-6baa4c7b65c3,lecture:19190717,book,Betriebsräte und Sozialisierung,2277,518,True
__shared__,e1276b7a-37e8-5d81-8180-4336086e422b,lecture:19211129a,book,Die Wirklichkeit der höheren Welten,2198,551,True
__shared__,e141cf74-d808-5613-afce-ec128508a719,f78a79d5-8e8f-435e-bb58-ef6577312f57,book,Lucifer-Gnosis. Grundlegende Aufsätze zur Anthroposophie und Berichte aus,2324,548,True
__shared__,e165be40-75c6-535f-a197-3fbd0a24ab09,908fc041-096e-4440-8593-b3267b712bf5,book,Die Wahrheit als Gesamtumfang aller Weltansichten,1982,526,True
__shared__,e16df324-7f89-5b37-bba3-8c5d7b70d593,e58f6369-f7a7-4213-845f-c5b9bf82ffe5,book,Wahrheit und Wissenschaft,2690,627,True
__shared__,e1b09927-a138-543e-a203-0467ef3e6bed,lecture:19190830b,book,Erziehungskunst. Methodisch-Didaktisches,2617,579,True
__shared__,e1cc95bd-3ac5-5d78-b244-f6245c300406,f78a79d5-8e8f-435e-bb58-ef6577312f57,book,Lucifer-Gnosis. Grundlegende Aufsätze zur Anthroposophie und Berichte aus,2188,547,True
__shared__,e259f04e-6496-5e77-9e88-da828cd2bbd8,f287d43a-5108-4e0c-baa8-5e7d3badfef7,book,Gesammelte Aufsätze zur Kultur- und Zeitgeschichte,2090,557,True
__shared__,e2798fb1-dde4-55dd-a41b-f533c4ccd375,908fc041-096e-4440-8593-b3267b712bf5,book,Die Wahrheit als Gesamtumfang aller Weltansichten,2104,514,True
__shared__,e2a28d37-e762-553d-b813-d4f80f556862,908fc041-096e-4440-8593-b3267b712bf5,book,Die Wahrheit als Gesamtumfang aller Weltansichten,2533,682,True
__shared__,e2cc3f39-b55e-51ab-a041-57c4df86147b,lecture:19220725b,book,Nationalökonomischer Kurs.,2380,535,True
__shared__,e34b166b-4f06-5b75-ad46-c2dfbda6d4d7,908fc041-096e-4440-8593-b3267b712bf5,book,Die Wahrheit als Gesamtumfang aller Weltansichten,2079,548,True
__shared__,e357a32c-b245-550d-96a5-7b06316b3913,d64fa532-6040-4fc2-9c43-ed4e5368bb92,book,Die Rätsel der Philosophie,2384,529,True
__shared__,e3ad5bc2-a199-58c7-9a9c-00e0cffae02f,4b8e4c2a-3f1b-4d2e-9c4a-8e4f4b2c3a1d,book,Die Philosophie der Freiheit,2071,522,True
__shared__,e45b2d67-377e-53e9-b463-196170b35d61,lecture:19211016a,book,Anthroposophie soziale Dreigliederung und Redekunst.,2555,588,True
__shared__,e4b8e856-5ace-58ea-a765-c7b3fac5d0f7,47b137d3-f414-406f-b142-ed72c7e8989c,book,Einleitungen zu Goethes Naturwissenschaftlichen Schriften,2139,574,True
__shared__,e4bf4e2e-3a6e-5a81-83e3-aa157fdf5917,lecture:19140121a,book,Der menschliche und der kosmische Gedanke,2103,522,True
__shared__,e4c4053a-7630-5316-b683-65ca3c2d5a9e,lecture:19210407a,book,Die befruchtende Wirkung der Anthroposophie auf die Fachwissenschaften,2906,698,True
__shared__,e4e03d69-fcae-5efb-9d08-1294ee79f6b2,lecture:19200504b,book,Vom Einheitsstaat zum dreigliedrigen sozialen Organismus,2319,528,True
__shared__,e4ee6e12-06d4-5b44-bf2c-d0d2d29b54b7,lecture:19201110,book,Die Krisis der Gegenwart und der Weg zu gesundem Denken,2315,524,True
__shared__,e4f01d78-5c5a-56a7-b8cb-5e639fcbad7f,f287d43a-5108-4e0c-baa8-5e7d3badfef7,book,Gesammelte Aufsätze zur Kultur- und Zeitgeschichte,2335,568,True
__shared__,e55858b0-c0b7-5e0b-be9e-f048e437984d,lecture:19220731c,book,Nationalökonomisches Seminar.,2656,631,True
__shared__,e56ec274-1be2-5b3d-b0f1-b772afd82b94,lecture:19190508,book,Betriebsräte und Sozialisierung,2686,595,True
__shared__,e574a18e-350e-5d92-847f-55b3f812189f,lecture:19190828a,book,Allgemeine Menschenkunde als Grundlage der Pädagogik,2286,566,True
__shared__,e597fa6e-3825-5c9f-81c8-6325c092290f,4b8e4c2a-3f1b-4d2e-9c4a-8e4f4b2c3a1d,book,Die Philosophie der Freiheit,2345,553,True
__shared__,e5b284cc-ce51-5069-b9c1-29b0ba7e62c1,f287d43a-5108-4e0c-baa8-5e7d3badfef7,book,Gesammelte Aufsätze zur Kultur- und Zeitgeschichte,2149,528,True
__shared__,e67daba2-8ff0-5f15-bd11-18a0bcfe96c0,lecture:19201004,book,Fachwissenschaften und Anthroposophie,2354,549,True
__shared__,e737b737-3f56-561c-90f7-0e10c07d099a,lecture:19200425b,book,Entsprechungen zwischen Mikrokosmos und Makrokosmos. Der Mensch — eine Hieroglyphe des Weltenalls.,2250,532,True
__shared__,e78feb3e-f7f2-50a0-a7ba-a2c0eafc05a8,3b38df84-e9bc-4e70-9032-d3fa65517cfd,book,Aufsätze über die Dreigliederung des sozialen Organismus und zur Zeitlage,2380,523,True
__shared__,e7e78ad8-22fb-52e6-9fd1-be4e4b4d0ede,lecture:19220804b,book,Nationalökonomischer Kurs.,2368,559,True
__shared__,e891cdaa-0982-5c62-abfc-304323a703ec,lecture:19191020,book,Die Befreiung des Menschenwesens als Grundlage für eine soziale Neugestaltung.,2332,570,True
__shared__,e8985769-e245-5554-a047-b56bbb4daf90,lecture:19191026,book,Soziale Zukunft,2480,540,True
__shared__,e8fe3c96-3d79-51ff-b207-79c0c9bbff15,4c09f3d5-3f5c-42b7-beba-f12fc46594bc,book,Free Software Free Society,2308,527,True
__shared__,e921ac5b-97d2-51f3-8143-adb8ea44c1a9,lecture:19220726b,book,Nationalökonomischer Kurs.,2438,534,True
__shared__,e98a5be6-5509-5260-8e60-4220cbf49823,lecture:19190904c,book,Erziehungskunst. Seminarbesprechungen und Lehrplanvorträge,2193,535,True
__shared__,e98afa80-db11-51f4-b7ce-3e968c0c8ffc,36371313-0400-4c90-9656-67d54052cf89,book,Julian Assange in his own words,1491,535,True
__shared__,e99f2867-61be-5fcc-96a1-4857821d47bc,4b8e4c2a-3f1b-4d2e-9c4a-8e4f4b2c3a1d,book,Die Philosophie der Freiheit,2407,578,True
__shared__,ea13fc3b-0fa4-5c39-8646-32f00b1359d8,c2a4e407-cdf7-4802-be84-010cc485ef00,book,Methodische Grundlagen der Anthroposophie,2171,551,True
__shared__,ea1b9aeb-be46-5cc1-995d-046987e1f33f,lecture:19220731c,book,Nationalökonomisches Seminar.,2625,557,True
__shared__,ea7e3762-774d-5dae-b3e2-851e7b91d2e6,f287d43a-5108-4e0c-baa8-5e7d3badfef7,book,Gesammelte Aufsätze zur Kultur- und Zeitgeschichte,2421,637,True
__shared__,eaa106ef-1161-5e35-ac7a-4379e3891ba8,f287d43a-5108-4e0c-baa8-5e7d3badfef7,book,Gesammelte Aufsätze zur Kultur- und Zeitgeschichte,2177,576,True
__shared__,eae6c52a-5704-5311-8792-06dca4f04d46,4b8e4c2a-3f1b-4d2e-9c4a-8e4f4b2c3a1d,book,Die Philosophie der Freiheit,2253,531,True
__shared__,eb16a478-31cd-5794-adb3-e25a146daaea,d64fa532-6040-4fc2-9c43-ed4e5368bb92,book,Die Rätsel der Philosophie,2429,581,True
__shared__,eb3392ef-4278-5991-9006-53e4a3966548,c2a4e407-cdf7-4802-be84-010cc485ef00,book,Methodische Grundlagen der Anthroposophie,2439,557,True
__shared__,eb8a46c0-3c15-5924-ad0c-693c9094aa25,f78a79d5-8e8f-435e-bb58-ef6577312f57,book,Lucifer-Gnosis. Grundlegende Aufsätze zur Anthroposophie und Berichte aus,2513,586,True
__shared__,ebae8c28-4886-50b6-aaf8-ab43b137a133,lecture:19190311,book,Die Befreiung des Menschenwesens als Grundlage für eine soziale Neugestaltung.,2427,541,True
__shared__,ebbced68-ea7f-5e54-af09-be25b45a161c,f78a79d5-8e8f-435e-bb58-ef6577312f57,book,Lucifer-Gnosis. Grundlegende Aufsätze zur Anthroposophie und Berichte aus,2158,524,True
__shared__,ec26d1c0-f54b-5086-bf87-46925d726ba1,f78a79d5-8e8f-435e-bb58-ef6577312f57,book,Lucifer-Gnosis. Grundlegende Aufsätze zur Anthroposophie und Berichte aus,2365,535,True
__shared__,eca068b3-85bb-55d6-8883-cab8b52729c7,3b38df84-e9bc-4e70-9032-d3fa65517cfd,book,Aufsätze über die Dreigliederung des sozialen Organismus und zur Zeitlage,2077,520,True
__shared__,ecb5e34c-5f18-5238-9c44-ca5b77d3bd06,64e881df-0501-4815-9b0c-6cf545c383b6,book,Goethes Weltanschauung,2341,563,True
__shared__,ecc5337d-ea2a-54b2-9a6b-7110b83082a3,d64fa532-6040-4fc2-9c43-ed4e5368bb92,book,Die Rätsel der Philosophie,2436,620,True
__shared__,eced0fda-6ab9-5288-a7d8-939939e48e74,lecture:19191014,book,Die Befreiung des Menschenwesens als Grundlage für eine soziale Neugestaltung.,2539,555,True
__shared__,ecfc8e82-3cae-5768-bbb5-db8e010fa7e3,lecture:19200425b,book,Entsprechungen zwischen Mikrokosmos und Makrokosmos. Der Mensch — eine Hieroglyphe des Weltenalls.,2178,536,True
__shared__,ed44dccf-467a-5a84-95a6-99ffef34c361,c2a4e407-cdf7-4802-be84-010cc485ef00,book,Methodische Grundlagen der Anthroposophie,2240,572,True
__shared__,ed7042d9-fcd9-5314-9f5b-df520ac21aa7,lecture:19200407b,book,Fachwissenschaften und Anthroposophie,2221,515,True
__shared__,ed76d79f-ee99-5dea-8483-a102255638fe,lecture:19201012,book,Soziale Ideen.,2793,610,True
__shared__,ee8a6114-f7f9-5fc6-82a6-2d8fc7c65345,lecture:19190827a,book,Allgemeine Menschenkunde als Grundlage der Pädagogik,2309,564,True
__shared__,eeabc243-8e02-5c6a-9ee7-4116fa4442a6,c2a4e407-cdf7-4802-be84-010cc485ef00,book,Methodische Grundlagen der Anthroposophie,2190,516,True
__shared__,eeb5b307-447d-5362-aca9-8410939e9632,908fc041-096e-4440-8593-b3267b712bf5,book,Die Wahrheit als Gesamtumfang aller Weltansichten,2044,517,True
__shared__,ef769115-9f50-5adb-b5b4-8ed59c0801e9,lecture:19210404a,book,Die befruchtende Wirkung der Anthroposophie auf die Fachwissenschaften,2241,520,True
__shared__,ef7eb6e0-0f19-54eb-8255-cdd141f14690,lecture:19210111b,book,Fachwissenschaften und Anthroposophie,2616,584,True
__shared__,ef87d189-5a3f-5a6c-9f52-8fd30c45c839,lecture:19220411,book,Damit der Mensch ganz Mensch werde,2218,514,True
__shared__,efc0e30f-570e-549a-99ac-8e346e8a3413,lecture:19201007b,book,Soziale Ideen.,2492,533,True
__shared__,eff9e89e-f137-548e-8de6-7a79b787c4ac,lecture:19200609b,book,Soziale Ideen.,2272,524,True
__shared__,effed94b-f0f8-56a8-b9ea-8fa77870c5aa,lecture:19190830c,book,Erziehungskunst. Seminarbesprechungen und Lehrplanvorträge,2802,671,True
__shared__,f03850b1-28f2-5f3f-bafa-e6d89471b972,908fc041-096e-4440-8593-b3267b712bf5,book,Die Wahrheit als Gesamtumfang aller Weltansichten,2242,541,True
__shared__,f03ae5e9-b44c-5c18-ac84-ae968dbc1b57,f78a79d5-8e8f-435e-bb58-ef6577312f57,book,Lucifer-Gnosis. Grundlegende Aufsätze zur Anthroposophie und Berichte aus,2242,569,True
__shared__,f05dc501-230a-5b75-8e09-f174dac017c7,4b8e4c2a-3f1b-4d2e-9c4a-8e4f4b2c3a1d,book,Die Philosophie der Freiheit,2512,627,True
__shared__,f074477f-c481-5a22-a600-eb54fa811aa0,f78a79d5-8e8f-435e-bb58-ef6577312f57,book,Lucifer-Gnosis. Grundlegende Aufsätze zur Anthroposophie und Berichte aus,2440,533,True
__shared__,f09a1e0e-12a3-5bf8-bb6c-1f20b4e47cf7,4b8e4c2a-3f1b-4d2e-9c4a-8e4f4b2c3a1d,book,Die Philosophie der Freiheit,2130,529,True
__shared__,f0cd1ef9-5af7-5050-8240-eb634e3afd36,4c09f3d5-3f5c-42b7-beba-f12fc46594bc,book,Free Software Free Society,1375,531,True
__shared__,f0f50573-d7dd-568a-b8b7-364c676d5392,f8e6c475-a0e5-4081-b265-61a7536a183e,book,Die Kernpunkte der sozialen Frage,2431,538,True
__shared__,f178519a-c62c-5c0b-911d-c7b3e9fb54be,d64fa532-6040-4fc2-9c43-ed4e5368bb92,book,Die Rätsel der Philosophie,2128,526,True
__shared__,f23c6ed5-d68c-5f5a-a469-45ad84625440,lecture:19220725b,book,Nationalökonomischer Kurs.,2520,581,True
__shared__,f2f1f8ee-c5e2-5fa4-a22a-1b27f8e8d607,lecture:19200827,book,Geisteswissenschaft als Erkenntnis der Grundimpulse sozialer Gestaltung,2586,596,True
__shared__,f30d42f0-457c-585e-bc98-dcf2b9df6181,d64fa532-6040-4fc2-9c43-ed4e5368bb92,book,Die Rätsel der Philosophie,2310,527,True
__shared__,f357fc55-bdbc-5ef9-9208-3dd2454ab873,lecture:19200906,book,Soziale Ideen.,2091,532,True
__shared__,f3a663d2-af5f-53f3-a26b-0ff924f13656,lecture:19200903,book,Geisteswissenschaft als Erkenntnis der Grundimpulse sozialer Gestaltung,2079,517,True
__shared__,f3e4ee37-8403-5dec-89db-d244e711c452,lecture:19201015b,book,Fachwissenschaften und Anthroposophie,2381,565,True
__shared__,f41ebef5-e849-5c94-974f-96e191daf786,lecture:19200617,book,Fachwissenschaften und Anthroposophie,2301,532,True
__shared__,f46a8b0e-0696-55b5-847a-85114b9e58cb,908fc041-096e-4440-8593-b3267b712bf5,book,Die Wahrheit als Gesamtumfang aller Weltansichten,2170,554,True
__shared__,f47d7da1-bd61-500d-bcc9-54eee405ace4,64e881df-0501-4815-9b0c-6cf545c383b6,book,Goethes Weltanschauung,2161,609,True
__shared__,f4833af2-76e6-5b7a-ab53-2f62b75ec9d3,f78a79d5-8e8f-435e-bb58-ef6577312f57,book,Lucifer-Gnosis. Grundlegende Aufsätze zur Anthroposophie und Berichte aus,2241,534,True
__shared__,f4839ae6-4510-52e6-b567-071cb1ec2798,908fc041-096e-4440-8593-b3267b712bf5,book,Die Wahrheit als Gesamtumfang aller Weltansichten,2297,608,True
__shared__,f4bfa20c-8f82-5d78-9fee-0c8ac971b908,f3b36ec2-031d-4715-ad66-dfc7f43cc491,book,Cypherpunks,2250,548,True
__shared__,f51795bc-635a-5bdb-9724-909cba8aaba5,lecture:19210405a,book,Die befruchtende Wirkung der Anthroposophie auf die Fachwissenschaften,2284,527,True
__shared__,f5a6245a-ccc1-5ad4-9b0b-34d651a187c5,lecture:19190409,book,Die Befreiung des Menschenwesens als Grundlage für eine soziale Neugestaltung.,2511,554,True
__shared__,f5c60a52-73c1-5c0b-a171-0f100a7cdf48,908fc041-096e-4440-8593-b3267b712bf5,book,Die Wahrheit als Gesamtumfang aller Weltansichten,2225,540,True
__shared__,f5cff11f-c973-5d37-9434-a88348fefc2a,f287d43a-5108-4e0c-baa8-5e7d3badfef7,book,Gesammelte Aufsätze zur Kultur- und Zeitgeschichte,2556,621,True
__shared__,f691f2e2-6a4d-5c98-950f-38a1297dac87,lecture:19190829c,book,Erziehungskunst. Seminarbesprechungen und Lehrplanvorträge,1897,515,True
__shared__,f76d33dd-1add-5fda-8696-2c052ce2a3b1,c2a4e407-cdf7-4802-be84-010cc485ef00,book,Methodische Grundlagen der Anthroposophie,2837,758,True
__shared__,f7815f62-77db-5980-9dd5-01b5fe1fc58b,f78a79d5-8e8f-435e-bb58-ef6577312f57,book,Lucifer-Gnosis. Grundlegende Aufsätze zur Anthroposophie und Berichte aus,2264,524,True
__shared__,f78f91cc-a651-523b-8ae3-354c9c525ba1,3b38df84-e9bc-4e70-9032-d3fa65517cfd,book,Aufsätze über die Dreigliederung des sozialen Organismus und zur Zeitlage,2338,546,True
__shared__,f7cc1cc2-5c6d-58e7-99c1-42a9d78d5f62,lecture:19210114b,book,Fachwissenschaften und Anthroposophie,2681,610,True
__shared__,f7d4417e-98f6-5ccd-8a84-2e2253686513,lecture:19190212,book,Die soziale Frage,2592,561,True
__shared__,f7db546c-5966-5efa-b8ff-320676913082,4b8e4c2a-3f1b-4d2e-9c4a-8e4f4b2c3a1d,book,Die Philosophie der Freiheit,2390,605,True
__shared__,f80bc484-37e1-5410-a9c7-fce7fcb86589,f8e6c475-a0e5-4081-b265-61a7536a183e,book,Die Kernpunkte der sozialen Frage,2806,655,True
__shared__,f8be722f-e9c7-55c1-a88a-e7fabad13ad2,c2a4e407-cdf7-4802-be84-010cc485ef00,book,Methodische Grundlagen der Anthroposophie,2316,556,True
__shared__,f8bf95e5-9aa1-5fba-95ce-4ec4194fc5b1,lecture:19211125,book,Die Wirklichkeit der höheren Welten,2569,619,True
__shared__,f978c261-e22a-56de-b314-2c96322ac7ea,7758c53c-72bd-41f1-ae51-843eb2a0f718,book,Various Interviews and Articles,2168,528,True
__shared__,f9d1a500-dc76-5fc9-bc1a-600fb887d08c,lecture:19190425,book,Neugestaltung des sozialen Organismus,2323,521,True
__shared__,fa73e825-43af-5fa7-864f-eae4774e2aff,908fc041-096e-4440-8593-b3267b712bf5,book,Die Wahrheit als Gesamtumfang aller Weltansichten,1921,534,True
__shared__,fa8749c4-30b6-57c8-96ba-faf480f6d8a3,lecture:19200807,book,Geisteswissenschaft als Erkenntnis der Grundimpulse sozialer Gestaltung,2248,531,True
__shared__,faa044d8-5287-56a2-9d4d-16dcefdfed45,f78a79d5-8e8f-435e-bb58-ef6577312f57,book,Lucifer-Gnosis. Grundlegende Aufsätze zur Anthroposophie und Berichte aus,2325,615,True
__shared__,faba2525-3fc2-527f-ad33-4a3e934f6c96,d64fa532-6040-4fc2-9c43-ed4e5368bb92,book,Die Rätsel der Philosophie,2283,597,True
__shared__,faeb3140-7803-5fe6-b0bf-27796cac7b0c,d64fa532-6040-4fc2-9c43-ed4e5368bb92,book,Die Rätsel der Philosophie,2651,681,True
__shared__,faef2809-b4a8-5b12-89a5-98dc1264f5be,d64fa532-6040-4fc2-9c43-ed4e5368bb92,book,Die Rätsel der Philosophie,2468,619,True
__shared__,fb2a58af-f0fa-528f-a7db-d8de016960c7,d64fa532-6040-4fc2-9c43-ed4e5368bb92,book,Die Rätsel der Philosophie,2396,572,True
__shared__,fc00e334-4b6a-5505-a6f5-503df9289cdb,c2a4e407-cdf7-4802-be84-010cc485ef00,book,Methodische Grundlagen der Anthroposophie,2392,554,True
__shared__,fc12d3f3-8485-59d0-8251-521bddcce1a9,lecture:19200424b,book,Entsprechungen zwischen Mikrokosmos und Makrokosmos. Der Mensch — eine Hieroglyphe des Weltenalls.,2205,536,True
__shared__,fc2a01e1-6d50-5a6f-9da2-b8512c7dc0f5,lecture:19200616,book,Soziale Ideen.,2215,522,True
__shared__,fc7959b9-df3e-5506-88da-44442c1270ca,lecture:19191030,book,Soziale Zukunft,2759,624,True
__shared__,fc9c0344-a2a0-5ed9-b723-36b5c6991b0b,lecture:19200806,book,Geisteswissenschaft als Erkenntnis der Grundimpulse sozialer Gestaltung,2217,553,True
__shared__,fcc4ed0b-982e-525b-a33b-1a8704720f42,c2a4e407-cdf7-4802-be84-010cc485ef00,book,Methodische Grundlagen der Anthroposophie,2943,784,True
__shared__,fd21be7a-4dbb-59fb-8fc5-86c42447211e,lecture:19200105,book,Vom Einheitsstaat zum dreigliedrigen sozialen Organismus,2510,619,True
__shared__,fd33ed03-3bdc-5b48-9161-b65aa4bd05a8,lecture:19201010a,book,Soziale Ideen.,2226,530,True
__shared__,fd7357f2-e797-5620-96fd-c8c160fffd0c,908fc041-096e-4440-8593-b3267b712bf5,book,Die Wahrheit als Gesamtumfang aller Weltansichten,2366,639,True
__shared__,fd8758ae-bfc5-552f-958d-bedaa26970ab,f3b36ec2-031d-4715-ad66-dfc7f43cc491,book,Cypherpunks,2191,514,True
__shared__,fd8c290c-fde5-5cd9-bd71-247e1aea9bc8,lecture:19200806,book,Geisteswissenschaft als Erkenntnis der Grundimpulse sozialer Gestaltung,2385,557,True
__shared__,fdba7193-a756-524c-be6a-964ef7a16d23,lecture:19200505b,book,Vom Einheitsstaat zum dreigliedrigen sozialen Organismus,2092,518,True
__shared__,fdbf2002-c88b-5cf2-99cf-5d60777dc79b,7758c53c-72bd-41f1-ae51-843eb2a0f718,book,Various Interviews and Articles,2228,518,True
__shared__,fdc2d0ba-08ba-5b95-a573-bfecaec1299c,f287d43a-5108-4e0c-baa8-5e7d3badfef7,book,Gesammelte Aufsätze zur Kultur- und Zeitgeschichte,2325,612,True
__shared__,fe30974c-6bf1-5cca-b589-1de76489f316,lecture:19200302b,book,Die Krisis der Gegenwart und der Weg zu gesundem Denken,2339,542,True
__shared__,fe3580fe-a4f9-5d48-917a-319f94a73d61,f287d43a-5108-4e0c-baa8-5e7d3badfef7,book,Gesammelte Aufsätze zur Kultur- und Zeitgeschichte,2315,555,True
__shared__,fe3bd221-aecd-50ca-bc5f-7deff84a2c60,lecture:19211016a,book,Anthroposophie soziale Dreigliederung und Redekunst.,2160,520,True
__shared__,fe767e92-e024-5e22-a69d-2b337d40719f,lecture:19200410b,book,Entsprechungen zwischen Mikrokosmos und Makrokosmos. Der Mensch — eine Hieroglyphe des Weltenalls.,2242,551,True
__shared__,fe9605e0-c52b-5e5a-8505-ea78c7327c53,f78a79d5-8e8f-435e-bb58-ef6577312f57,book,Lucifer-Gnosis. Grundlegende Aufsätze zur Anthroposophie und Berichte aus,2449,543,True
__shared__,fec08ca8-c045-50e5-9c4c-57617eeed216,f287d43a-5108-4e0c-baa8-5e7d3badfef7,book,Gesammelte Aufsätze zur Kultur- und Zeitgeschichte,2515,559,True
__shared__,fee6fc14-d26f-5673-9765-c9db804d8190,f78a79d5-8e8f-435e-bb58-ef6577312f57,book,Lucifer-Gnosis. Grundlegende Aufsätze zur Anthroposophie und Berichte aus,2825,654,True
__shared__,ffd4be83-a261-50d4-b1a4-34fa2a2dd152,7758c53c-72bd-41f1-ae51-843eb2a0f718,book,Various Interviews and Articles,1952,515,True
__shared__,ffda50a5-65d6-5183-b5e2-c5a2f69c6490,44217040-65bf-4150-9fa8-bac9c57cd1b1,book,Grundlinien einer Erkenntnistheorie der Goetheschen Weltanschauung,2276,562,True
__shared__,0024c313-18f4-5649-a3bf-0060474f3dd4,lecture:19200913,book,Soziale Ideen.,1755,416,False
__shared__,00629401-7135-5f5d-bc5d-73454ce92be3,lecture:19220725b,book,Nationalökonomischer Kurs.,2054,454,False
__shared__,00839334-faf7-5b0c-bb0b-8804e1b26c99,lecture:19200807,book,Geisteswissenschaft als Erkenntnis der Grundimpulse sozialer Gestaltung,1880,407,False
__shared__,00a0806e-b8cd-5b31-980a-be12affda9d6,lecture:19211202,book,Die Wirklichkeit der höheren Welten,1852,432,False
__shared__,00d84a58-91af-54a0-a55a-f730f1d76370,f287d43a-5108-4e0c-baa8-5e7d3badfef7,book,Gesammelte Aufsätze zur Kultur- und Zeitgeschichte,1930,490,False
__shared__,00dd3567-19d6-557c-9c0d-b2393a2e1da2,908fc041-096e-4440-8593-b3267b712bf5,book,Die Wahrheit als Gesamtumfang aller Weltansichten,1968,437,False
__shared__,00f13682-9694-55e1-ab1d-41e12afed2e2,lecture:19190827c,book,Erziehungskunst. Seminarbesprechungen und Lehrplanvorträge,1591,415,False
__shared__,010043e3-226a-571d-aa1f-4523d3252d56,f78a79d5-8e8f-435e-bb58-ef6577312f57,book,Lucifer-Gnosis. Grundlegende Aufsätze zur Anthroposophie und Berichte aus,1466,403,False
__shared__,010df498-c87d-5b1e-b255-162a5949f470,4b8e4c2a-3f1b-4d2e-9c4a-8e4f4b2c3a1d,book,Die Philosophie der Freiheit,1749,430,False
__shared__,0118b609-89bc-5607-8133-1619526cd2a4,3b38df84-e9bc-4e70-9032-d3fa65517cfd,book,Aufsätze über die Dreigliederung des sozialen Organismus und zur Zeitlage,2180,453,False
__shared__,012040da-c4dc-544f-ad29-2b409c7a7855,lecture:19190902a,book,Allgemeine Menschenkunde als Grundlage der Pädagogik,1861,471,False
__shared__,01611b2b-09ac-5780-9f01-e23737c99fd2,lecture:19190422b,book,Neugestaltung des sozialen Organismus,2245,480,False
__shared__,01d71b6c-bb08-58fa-bd56-88952edf3752,4b8e4c2a-3f1b-4d2e-9c4a-8e4f4b2c3a1d,book,Die Philosophie der Freiheit,1651,417,False
__shared__,01f90d44-e4f6-5d80-ba36-bc9be1353c8f,f287d43a-5108-4e0c-baa8-5e7d3badfef7,book,Gesammelte Aufsätze zur Kultur- und Zeitgeschichte,1936,436,False
__shared__,020fd4bb-fbfc-5ab0-9229-c1cd23f143b4,d64fa532-6040-4fc2-9c43-ed4e5368bb92,book,Die Rätsel der Philosophie,2179,504,False
__shared__,02169118-7f77-524d-8b03-2ada3911dc2e,lecture:19191106,book,Die Befreiung des Menschenwesens als Grundlage für eine soziale Neugestaltung.,2126,469,False
__shared__,022c26f9-61dd-522b-8c50-1b11f9bec49f,c2a4e407-cdf7-4802-be84-010cc485ef00,book,Methodische Grundlagen der Anthroposophie,2093,477,False
__shared__,0274f112-74a7-5610-b220-93ae959351fc,lecture:19200504b,book,Vom Einheitsstaat zum dreigliedrigen sozialen Organismus,2026,504,False
__shared__,02795c72-bb1b-5412-8a4d-cf94790a1b80,lecture:19211128,book,Die Wirklichkeit der höheren Welten,2141,501,False
__shared__,0281c98c-ea92-5441-841a-ab7906f0e83e,f78a79d5-8e8f-435e-bb58-ef6577312f57,book,Lucifer-Gnosis. Grundlegende Aufsätze zur Anthroposophie und Berichte aus,1605,416,False
__shared__,02890878-b8a4-5c26-a509-7ec153ddb34b,c2a4e407-cdf7-4802-be84-010cc485ef00,book,Methodische Grundlagen der Anthroposophie,1711,449,False
__shared__,02dd4cae-da6c-5464-b6f1-f30b66e410d5,47b137d3-f414-406f-b142-ed72c7e8989c,book,Einleitungen zu Goethes Naturwissenschaftlichen Schriften,1441,401,False
__shared__,02e7a073-64c1-5b07-97f8-2d6b99a2adeb,d64fa532-6040-4fc2-9c43-ed4e5368bb92,book,Die Rätsel der Philosophie,1696,428,False
__shared__,03618120-056a-53a4-96ec-64d23d60f6ac,lecture:19190619,book,Neugestaltung des sozialen Organismus,1858,432,False
__shared__,0366b01f-37f8-54eb-9322-f4dc9636b568,d64fa532-6040-4fc2-9c43-ed4e5368bb92,book,Die Rätsel der Philosophie,1745,420,False
__shared__,03817527-1d75-5aac-9758-4f2a8841597f,f78a79d5-8e8f-435e-bb58-ef6577312f57,book,Lucifer-Gnosis. Grundlegende Aufsätze zur Anthroposophie und Berichte aus,1650,416,False
__shared__,038e58da-62ef-5aad-9f15-7661fe3f0b96,3b38df84-e9bc-4e70-9032-d3fa65517cfd,book,Aufsätze über die Dreigliederung des sozialen Organismus und zur Zeitlage,1730,410,False
__shared__,03aa28e4-186d-592f-b9aa-e0cc38d750aa,lecture:19200330b,book,Fachwissenschaften und Anthroposophie,1837,421,False
__shared__,04013fa2-942e-5da6-96a5-900758034be4,0c20163d-b14e-4750-988b-3b58c0fa3126,book,Code Version 2 0,1844,435,False
__shared__,047abc1c-b82e-555b-a756-69f87d8f6c72,lecture:19190605,book,Betriebsräte und Sozialisierung,2002,443,False
__shared__,04857fbb-59b2-56aa-bdd3-fcd04a69aef0,c2a4e407-cdf7-4802-be84-010cc485ef00,book,Methodische Grundlagen der Anthroposophie,2038,464,False
__shared__,04870753-1d2c-5ccd-9605-d97a8ad6d667,f78a79d5-8e8f-435e-bb58-ef6577312f57,book,Lucifer-Gnosis. Grundlegende Aufsätze zur Anthroposophie und Berichte aus,1994,458,False
__shared__,048c5171-e585-531b-b7cb-daeda02b41de,lecture:19220412a,book,Damit der Mensch ganz Mensch werde,2161,496,False
__shared__,049944fd-09e2-59c8-833a-3662630b1a38,d64fa532-6040-4fc2-9c43-ed4e5368bb92,book,Die Rätsel der Philosophie,1938,450,False
__shared__,04aeb643-4168-57e6-829b-16528d6cb8c8,3b38df84-e9bc-4e70-9032-d3fa65517cfd,book,Aufsätze über die Dreigliederung des sozialen Organismus und zur Zeitlage,1964,462,False
__shared__,04cfe838-ec20-5c06-8bae-501da9937f5a,lecture:19200823,book,Soziale Ideen.,1647,409,False
__shared__,04d838ba-cac1-58b3-9032-0af503e079e0,f287d43a-5108-4e0c-baa8-5e7d3badfef7,book,Gesammelte Aufsätze zur Kultur- und Zeitgeschichte,1883,461,False
__shared__,050ca643-2cec-5ee2-ad0a-3c5351daebd8,d64fa532-6040-4fc2-9c43-ed4e5368bb92,book,Die Rätsel der Philosophie,2061,487,False
__shared__,053abb89-62f6-518c-9e7a-44a0123ce9ba,lecture:19200502b,book,Entsprechungen zwischen Mikrokosmos und Makrokosmos. Der Mensch — eine Hieroglyphe des Weltenalls.,2055,505,False
__shared__,05412651-64cd-5e01-bdca-ef6077c05a32,7758c53c-72bd-41f1-ae51-843eb2a0f718,book,Various Interviews and Articles,1685,409,False
__shared__,05444620-150e-5787-9c5b-951c319f6a30,d64fa532-6040-4fc2-9c43-ed4e5368bb92,book,Die Rätsel der Philosophie,1875,427,False
__shared__,05463782-06b6-5fb6-ac8e-aa7b690687d0,47b137d3-f414-406f-b142-ed72c7e8989c,book,Einleitungen zu Goethes Naturwissenschaftlichen Schriften,2094,510,False
__shared__,05691d7d-8601-536c-939a-41fee7d3f272,d64fa532-6040-4fc2-9c43-ed4e5368bb92,book,Die Rätsel der Philosophie,1670,415,False
__shared__,05730148-37a4-5f11-beb5-ae71e486b6cd,lecture:19220729b,book,Nationalökonomischer Kurs.,1889,429,False
__shared__,057a7927-0019-5c6a-a899-3361923d387d,d64fa532-6040-4fc2-9c43-ed4e5368bb92,book,Die Rätsel der Philosophie,1992,489,False
__shared__,0587b756-993f-559b-a413-08a1584a5d42,lecture:19190525,book,Soziale Ideen.,2050,419,False
__shared__,058f9fb9-ce98-5700-b3be-bcb35e38659f,lecture:19190829c,book,Erziehungskunst. Seminarbesprechungen und Lehrplanvorträge,1687,403,False
__shared__,05a4892a-e241-5d59-90b0-07dfe2e6a892,c2a4e407-cdf7-4802-be84-010cc485ef00,book,Methodische Grundlagen der Anthroposophie,1963,493,False
__shared__,05b7daf4-7b6b-5ad1-8bbe-dbcd0a5ddf48,lecture:19210405a,book,Die befruchtende Wirkung der Anthroposophie auf die Fachwissenschaften,1699,408,False
__shared__,05d70a8b-06b3-5d5c-b2dc-5d1c4bfb11cd,lecture:19190530b,book,Soziale Ideen.,2154,469,False
__shared__,06016617-4be5-538a-a73a-cff8211128d4,f78a79d5-8e8f-435e-bb58-ef6577312f57,book,Lucifer-Gnosis. Grundlegende Aufsätze zur Anthroposophie und Berichte aus,2072,507,False
__shared__,06163c44-58d2-55bb-bdeb-2e16478dc67e,lecture:19220731c,book,Nationalökonomisches Seminar.,2185,490,False
__shared__,062fec28-8339-5073-b748-8315707c787c,c2a4e407-cdf7-4802-be84-010cc485ef00,book,Methodische Grundlagen der Anthroposophie,2109,500,False
__shared__,063e7efa-d41d-56af-ab09-3d946002bc21,d64fa532-6040-4fc2-9c43-ed4e5368bb92,book,Die Rätsel der Philosophie,2043,501,False
__shared__,0659d829-8cb9-5bac-b1a4-7f9b040f746c,lecture:19200615,book,Die Krisis der Gegenwart und der Weg zu gesundem Denken,2072,496,False
__shared__,0666dd97-39c7-5286-99d3-3a0cf51fcebf,lecture:19190311,book,Die Befreiung des Menschenwesens als Grundlage für eine soziale Neugestaltung.,1843,408,False
__shared__,066878ad-56c5-5737-9380-136cfd54a8f7,3b38df84-e9bc-4e70-9032-d3fa65517cfd,book,Aufsätze über die Dreigliederung des sozialen Organismus und zur Zeitlage,2196,503,False
__shared__,06be0b82-e0be-55aa-8411-2d14d2436712,lecture:19190829c,book,Erziehungskunst. Seminarbesprechungen und Lehrplanvorträge,1649,421,False
__shared__,06c2d2b7-7782-5c7b-882f-ea0f8e11d3db,3b38df84-e9bc-4e70-9032-d3fa65517cfd,book,Aufsätze über die Dreigliederung des sozialen Organismus und zur Zeitlage,1932,419,False
__shared__,06d09376-7c36-5634-92ca-855292cf9149,lecture:19200317,book,Vom Einheitsstaat zum dreigliedrigen sozialen Organismus,1841,414,False
__shared__,06d13c83-1242-5e7e-9f09-d7a45a175591,47b137d3-f414-406f-b142-ed72c7e8989c,book,Einleitungen zu Goethes Naturwissenschaftlichen Schriften,1723,460,False
__shared__,06e38ce3-782c-5bcb-8dfd-b6cd5da95fa8,lecture:19190614,book,Betriebsräte und Sozialisierung,1821,421,False
__shared__,072ddf02-f162-5441-84c1-114a5234a453,4b8e4c2a-3f1b-4d2e-9c4a-8e4f4b2c3a1d,book,Die Philosophie der Freiheit,2125,488,False
__shared__,074d1c78-6811-564d-a30f-542c161fe51e,lecture:19210407a,book,Die befruchtende Wirkung der Anthroposophie auf die Fachwissenschaften,1874,439,False
__shared__,075d9979-1cd1-5538-ba4a-85bf7ece3b45,lecture:19220731b,book,Nationalökonomischer Kurs.,1979,428,False
__shared__,0785be43-251b-5c32-9d57-65309bd88720,lecture:19200506b,book,Vom Einheitsstaat zum dreigliedrigen sozialen Organismus,2223,508,False
__shared__,07d894d8-84a2-505a-ae04-6642e08256db,lecture:19210114b,book,Fachwissenschaften und Anthroposophie,1819,419,False
__shared__,07f720d5-9087-53c4-8ec4-36adc26664fb,d64fa532-6040-4fc2-9c43-ed4e5368bb92,book,Die Rätsel der Philosophie,2003,496,False
__shared__,0806bc5a-b12d-5037-84a6-9fc4f43f7865,f8e6c475-a0e5-4081-b265-61a7536a183e,book,Die Kernpunkte der sozialen Frage,1895,408,False
__shared__,0850184b-e891-5911-8dc3-aa70893d2608,lecture:19190902b,book,Erziehungskunst. Methodisch-Didaktisches,2149,468,False
__shared__,08621c6a-e22c-5dbd-b5b4-5b7ecf6b506d,f78a79d5-8e8f-435e-bb58-ef6577312f57,book,Lucifer-Gnosis. Grundlegende Aufsätze zur Anthroposophie und Berichte aus,1829,443,False
__shared__,088f85bc-e777-5488-a098-f3ea9c9b093c,c2a4e407-cdf7-4802-be84-010cc485ef00,book,Methodische Grundlagen der Anthroposophie,1748,493,False
__shared__,08a1fafc-1662-5090-afd5-286869979a64,lecture:19190428,book,Neugestaltung des sozialen Organismus,2251,505,False
__shared__,08b4fd52-a8d2-5296-b4d0-5f6db9218ebb,lecture:19190827c,book,Erziehungskunst. Seminarbesprechungen und Lehrplanvorträge,1813,420,False
__shared__,08b8c1f6-b3bb-548f-be8c-342f0288757a,908fc041-096e-4440-8593-b3267b712bf5,book,Die Wahrheit als Gesamtumfang aller Weltansichten,1910,469,False
__shared__,08d00b76-b516-5db6-9bf1-087c576a5891,lecture:19200514,book,Entsprechungen zwischen Mikrokosmos und Makrokosmos. Der Mensch — eine Hieroglyphe des Weltenalls.,2019,467,False
__shared__,08daca72-caad-5970-8e4b-017665101244,lecture:19200331b,book,Fachwissenschaften und Anthroposophie,1756,440,False
__shared__,08f3973a-3b49-5845-b4a9-b63e98de5cf1,lecture:19190605,book,Betriebsräte und Sozialisierung,2269,501,False
__shared__,08fa83a6-a0f5-593c-aab6-deae150b16c8,f287d43a-5108-4e0c-baa8-5e7d3badfef7,book,Gesammelte Aufsätze zur Kultur- und Zeitgeschichte,2140,471,False
__shared__,092b2c6a-232d-5da8-9bf9-9261349246ea,lecture:19200821,book,Geisteswissenschaft als Erkenntnis der Grundimpulse sozialer Gestaltung,2109,480,False
__shared__,0959f26e-be0d-56be-8b2a-4811f9425adf,lecture:19220804b,book,Nationalökonomischer Kurs.,2043,475,False
__shared__,0968cc53-1ad0-5c44-a5b0-48ec1897b7c1,908fc041-096e-4440-8593-b3267b712bf5,book,Die Wahrheit als Gesamtumfang aller Weltansichten,1771,445,False
__shared__,09a55364-896b-5a21-ba30-7c34a18e1a03,lecture:19200418a,book,Vom Einheitsstaat zum dreigliedrigen sozialen Organismus,2098,501,False
__shared__,09e753f5-fe02-5776-82cd-891ff8398fa0,123ef8cb-a442-4bbc-9570-e8681dd67f9f,book,Rebel Code,1748,408,False
__shared__,09f3ad86-c07b-57e9-8f71-fb3dd6d2111e,lecture:19211013,book,Anthroposophie soziale Dreigliederung und Redekunst.,1715,405,False
__shared__,0a33be9e-b60c-5b9f-8aba-17e15a23eca2,908fc041-096e-4440-8593-b3267b712bf5,book,Die Wahrheit als Gesamtumfang aller Weltansichten,1736,440,False
__shared__,0a388f96-ede8-5b65-b7ee-0707e6d15de9,lecture:19190829b,book,Erziehungskunst. Methodisch-Didaktisches,2092,463,False
__shared__,0ab416ff-afe0-54a7-8f2d-ba2071874f6a,c2a4e407-cdf7-4802-be84-010cc485ef00,book,Methodische Grundlagen der Anthroposophie,1992,446,False
__shared__,0ac71f85-92d6-5732-8ede-a8ecd367407d,f3b36ec2-031d-4715-ad66-dfc7f43cc491,book,Cypherpunks,2038,440,False
__shared__,0ad5688d-6d17-5cc3-86ad-0f8fe0b6339c,lecture:19191026,book,Soziale Zukunft,2291,491,False
__shared__,0b0c5976-84b9-510e-8673-44ad6736128c,44217040-65bf-4150-9fa8-bac9c57cd1b1,book,Grundlinien einer Erkenntnistheorie der Goetheschen Weltanschauung,1725,411,False
__shared__,0b3d190c-0c3d-516f-b74c-a4106f4cc3c5,c2a4e407-cdf7-4802-be84-010cc485ef00,book,Methodische Grundlagen der Anthroposophie,1807,458,False
__shared__,0b449a56-6f77-5d66-91db-6f69b98dcb8d,f287d43a-5108-4e0c-baa8-5e7d3badfef7,book,Gesammelte Aufsätze zur Kultur- und Zeitgeschichte,1809,420,False
__shared__,0b64539c-d9e6-51a5-b75d-071e4deeea95,lecture:19190311,book,Die Befreiung des Menschenwesens als Grundlage für eine soziale Neugestaltung.,2062,457,False
__shared__,0b652db9-c925-5ea0-9c16-ae7e12807768,lecture:19200423b,book,Entsprechungen zwischen Mikrokosmos und Makrokosmos. Der Mensch — eine Hieroglyphe des Weltenalls.,2404,507,False
__shared__,0b75c571-b659-553f-a26c-1ba4884b58c7,lecture:19211016a,book,Anthroposophie soziale Dreigliederung und Redekunst.,1970,492,False
__shared__,0b811627-9336-581d-b92d-92ae3f23123b,3b38df84-e9bc-4e70-9032-d3fa65517cfd,book,Aufsätze über die Dreigliederung des sozialen Organismus und zur Zeitlage,1774,406,False
__shared__,0bb97cba-b046-5123-b63e-ae9eb3901799,lecture:19200608,book,Die Krisis der Gegenwart und der Weg zu gesundem Denken,1906,442,False
__shared__,0bc1a902-8e08-5e02-b88a-974a4bdb3c08,lecture:19200318,book,Vom Einheitsstaat zum dreigliedrigen sozialen Organismus,1823,425,False
__shared__,0bd0b127-cc14-5fad-8408-6d7e5f081116,lecture:19190225,book,Die soziale Frage,1914,408,False
__shared__,0bd3042c-2146-5e78-a893-737b03ccb074,lecture:19190826a,book,Allgemeine Menschenkunde als Grundlage der Pädagogik,2130,469,False
__shared__,0bd34106-bff4-572d-ad3f-48452b5d60c7,f287d43a-5108-4e0c-baa8-5e7d3badfef7,book,Gesammelte Aufsätze zur Kultur- und Zeitgeschichte,2239,490,False
__shared__,0c04edef-287a-5c98-915e-b7d88ccb289a,f287d43a-5108-4e0c-baa8-5e7d3badfef7,book,Gesammelte Aufsätze zur Kultur- und Zeitgeschichte,1693,423,False
__shared__,0c19f495-edf9-5af8-8833-6e59eb355553,3b38df84-e9bc-4e70-9032-d3fa65517cfd,book,Aufsätze über die Dreigliederung des sozialen Organismus und zur Zeitlage,2010,495,False
__shared__,0c287634-79d6-5bf7-9ca0-5bfead972243,lecture:19200426b,book,Vom Einheitsstaat zum dreigliedrigen sozialen Organismus,1818,420,False
__shared__,0c3f8b3d-2e9b-5319-ad95-5d33cd8a55fd,f78a79d5-8e8f-435e-bb58-ef6577312f57,book,Lucifer-Gnosis. Grundlegende Aufsätze zur Anthroposophie und Berichte aus,1983,504,False
__shared__,0c5b835a-5041-5b9f-8464-3375f4f026c3,4c09f3d5-3f5c-42b7-beba-f12fc46594bc,book,Free Software Free Society,1608,406,False
__shared__,0c6bfb49-51b2-5167-8c47-0ca2fcf3b352,lecture:19200327c,book,Fachwissenschaften und Anthroposophie,1979,464,False
__shared__,0ca88a86-306f-50f1-b89f-4e22c9d29884,f78a79d5-8e8f-435e-bb58-ef6577312f57,book,Lucifer-Gnosis. Grundlegende Aufsätze zur Anthroposophie und Berichte aus,2044,468,False
__shared__,0cd10b0a-dc3c-54e7-8a17-c58af72e62eb,lecture:19190827a,book,Allgemeine Menschenkunde als Grundlage der Pädagogik,2036,490,False
__shared__,0cfc967d-76b5-5ab6-b925-ce97e86665c6,lecture:19200815b,book,Geisteswissenschaft als Erkenntnis der Grundimpulse sozialer Gestaltung,1774,412,False
__shared__,0d195fe9-ef91-5399-ae3d-c40d2022bff8,lecture:19140122,book,Der menschliche und der kosmische Gedanke,2093,511,False
__shared__,0d1fcc5c-5575-57da-832d-ab4ec2b1c486,d64fa532-6040-4fc2-9c43-ed4e5368bb92,book,Die Rätsel der Philosophie,1699,412,False
__shared__,0d34d896-6487-58d4-b480-4c6b22f842cd,3b38df84-e9bc-4e70-9032-d3fa65517cfd,book,Aufsätze über die Dreigliederung des sozialen Organismus und zur Zeitlage,1614,407,False
__shared__,0d3f9b7f-2dd2-5870-abae-f9bbf843b162,lecture:19200331b,book,Fachwissenschaften und Anthroposophie,1994,454,False
__shared__,0d7290df-ad7b-56f3-8082-dc2b01f33c70,lecture:19220411,book,Damit der Mensch ganz Mensch werde,1762,435,False
__shared__,0da62a48-12ee-5102-9b3f-637cbf43a98c,lecture:19220804b,book,Nationalökonomischer Kurs.,1920,445,False
__shared__,0db3392a-d1ca-5448-a6d3-50cf2e16c49e,f3b36ec2-031d-4715-ad66-dfc7f43cc491,book,Cypherpunks,1978,502,False
__shared__,0dc9d312-c2a6-5fac-95c9-c6842d84a639,lecture:19200105,book,Vom Einheitsstaat zum dreigliedrigen sozialen Organismus,2243,496,False
__shared__,0de2d640-0c51-511d-b7dd-f23a292f59c8,7758c53c-72bd-41f1-ae51-843eb2a0f718,book,Various Interviews and Articles,1952,474,False
__shared__,0e1a8e21-4e28-5f7a-8d12-2bdb71fc487d,4b8e4c2a-3f1b-4d2e-9c4a-8e4f4b2c3a1d,book,Die Philosophie der Freiheit,2008,511,False
__shared__,0e1dc46e-e82a-5c00-930f-a0f72ccb9d73,lecture:19190709,book,Neugestaltung des sozialen Organismus,1803,446,False
__shared__,0e2d65eb-1a0c-55dc-8c7b-e59e736b3dfd,lecture:19201012,book,Soziale Ideen.,1925,411,False
__shared__,0e30437f-7a30-5aea-80f9-21e53dc640bd,lecture:19200304b,book,Die Krisis der Gegenwart und der Weg zu gesundem Denken,1920,443,False
__shared__,0e431eb7-484f-58db-867c-e6d8a53ff555,lecture:19200105,book,Vom Einheitsstaat zum dreigliedrigen sozialen Organismus,2141,492,False
__shared__,0e44b88a-1488-5fcf-be95-2947f73a362d,0c20163d-b14e-4750-988b-3b58c0fa3126,book,Code Version 2 0,1724,412,False
__shared__,0e505239-9aad-59c8-a768-110c814be07d,lecture:19190425,book,Neugestaltung des sozialen Organismus,1813,413,False
__shared__,0e9717a6-4130-51cc-9fdc-63a8d93f0d9c,lecture:19200411b,book,Entsprechungen zwischen Mikrokosmos und Makrokosmos. Der Mensch — eine Hieroglyphe des Weltenalls.,1860,438,False
__shared__,0e9f5323-2d40-591e-a2ac-c360703c9ed3,lecture:19190315,book,Neugestaltung des sozialen Organismus,1847,415,False
__shared__,0ea88fc8-4f76-5604-9503-eb701dfb7853,c2a4e407-cdf7-4802-be84-010cc485ef00,book,Methodische Grundlagen der Anthroposophie,1700,413,False
__shared__,0ec1ccd0-d1bd-5560-aa9d-f5f1ca948f56,lecture:19200820a,book,Geisteswissenschaft als Erkenntnis der Grundimpulse sozialer Gestaltung,1765,434,False
__shared__,0ed167c1-0f80-5b26-9e88-3bc91d2f9acd,c2a4e407-cdf7-4802-be84-010cc485ef00,book,Methodische Grundlagen der Anthroposophie,1969,485,False
__shared__,0ed771f7-cc7c-5aab-a219-a832695a0210,d64fa532-6040-4fc2-9c43-ed4e5368bb92,book,Die Rätsel der Philosophie,1490,415,False
__shared__,0ed9e722-b83e-521f-ba9b-533c78643450,7758c53c-72bd-41f1-ae51-843eb2a0f718,book,Various Interviews and Articles,1671,424,False
__shared__,0ee1c10d-db78-508d-85af-31e6b2ef9174,lecture:19190619,book,Neugestaltung des sozialen Organismus,1892,422,False
__shared__,0eef4b74-4688-5939-b0dc-b2c7e8e26b47,f78a79d5-8e8f-435e-bb58-ef6577312f57,book,Lucifer-Gnosis. Grundlegende Aufsätze zur Anthroposophie und Berichte aus,1741,429,False
__shared__,0f093d51-b6f2-560e-ad33-262c3aa7f0f6,lecture:19190425,book,Neugestaltung des sozialen Organismus,1941,433,False
__shared__,0f2ee9db-e2cf-5e21-8ee5-c805992b0519,7758c53c-72bd-41f1-ae51-843eb2a0f718,book,Various Interviews and Articles,2124,500,False
__shared__,0f32a617-483c-5e96-811f-b2b3213c1021,7758c53c-72bd-41f1-ae51-843eb2a0f718,book,Various Interviews and Articles,1692,425,False
__shared__,0f50838c-8cda-5c5b-819e-31753a3fde59,d64fa532-6040-4fc2-9c43-ed4e5368bb92,book,Die Rätsel der Philosophie,1496,402,False
__shared__,0f8f337d-f423-53e3-ad96-1938d1256a36,f78a79d5-8e8f-435e-bb58-ef6577312f57,book,Lucifer-Gnosis. Grundlegende Aufsätze zur Anthroposophie und Berichte aus,2155,512,False
__shared__,0fad4996-6dc7-5804-a3df-12f36e711565,lecture:19200910,book,Geisteswissenschaft als Erkenntnis der Grundimpulse sozialer Gestaltung,2186,508,False
__shared__,0fddd031-1b1e-5cc5-bcf6-1f97cf9deed8,47b137d3-f414-406f-b142-ed72c7e8989c,book,Einleitungen zu Goethes Naturwissenschaftlichen Schriften,1828,434,False
__shared__,10150852-76df-5430-9734-33d92fe5b476,lecture:19190723,book,Betriebsräte und Sozialisierung,2031,435,False
__shared__,1021df36-7755-55cb-85d0-aa0f8ab38fda,lecture:19200608,book,Die Krisis der Gegenwart und der Weg zu gesundem Denken,1888,438,False
__shared__,10261fa0-b5cf-5b2e-a5b7-0689cedf35c3,lecture:19191024,book,Soziale Zukunft,2026,437,False
__shared__,103339c9-5a72-584e-a70d-09644ead8321,f3b36ec2-031d-4715-ad66-dfc7f43cc491,book,Cypherpunks,1497,459,False
__shared__,10814792-e6d6-59f8-98c4-f50b6bab33ec,f3b36ec2-031d-4715-ad66-dfc7f43cc491,book,Cypherpunks,1773,408,False
__shared__,1083569a-974c-5105-b717-3fffde1e1166,f287d43a-5108-4e0c-baa8-5e7d3badfef7,book,Gesammelte Aufsätze zur Kultur- und Zeitgeschichte,1791,468,False
__shared__,10a8e94a-583c-5a9e-abb3-384ec0e262a9,lecture:19191026,book,Soziale Zukunft,1961,420,False
__shared__,10c068b2-c523-5031-8a13-4dd90836d6f4,c2a4e407-cdf7-4802-be84-010cc485ef00,book,Methodische Grundlagen der Anthroposophie,2028,478,False
__shared__,10da6f6d-a826-5dec-a34d-75495fd30503,lecture:19191029,book,Soziale Zukunft,2175,457,False
__shared__,10ecddf7-ced9-5d17-9387-3704f824b510,7758c53c-72bd-41f1-ae51-843eb2a0f718,book,Various Interviews and Articles,2055,488,False
__shared__,10fca396-1e6b-50e7-9fa4-ee74bd690388,908fc041-096e-4440-8593-b3267b712bf5,book,Die Wahrheit als Gesamtumfang aller Weltansichten,1806,421,False
__shared__,110eba9f-5235-579a-aeae-bf0bb1be8196,36371313-0400-4c90-9656-67d54052cf89,book,Julian Assange in his own words,1811,442,False
__shared__,1136283c-4dc0-5fad-8588-f1f5b2036762,lecture:19190825b,book,Erziehungskunst. Methodisch-Didaktisches,2196,501,False
__shared__,113b735e-b80f-5aed-b8ff-638c1d8cdb27,lecture:19200417b,book,Entsprechungen zwischen Mikrokosmos und Makrokosmos. Der Mensch — eine Hieroglyphe des Weltenalls.,1865,469,False
__shared__,114fe065-5d5e-5601-8fff-413384377ad5,lecture:19200426b,book,Vom Einheitsstaat zum dreigliedrigen sozialen Organismus,2116,490,False
__shared__,1152cf52-8648-5319-92e7-7ba87709df35,47b137d3-f414-406f-b142-ed72c7e8989c,book,Einleitungen zu Goethes Naturwissenschaftlichen Schriften,1429,417,False
__shared__,115e39da-41ea-52b0-a848-a0196e8fbdd5,lecture:19200910,book,Geisteswissenschaft als Erkenntnis der Grundimpulse sozialer Gestaltung,1974,434,False
__shared__,11809aa7-164f-5a56-ac1a-10d3f24ee8fa,lecture:19190422b,book,Neugestaltung des sozialen Organismus,1865,423,False
__shared__,11b1fe84-61e2-5d6a-a15d-b6ec0df39169,lecture:19220726b,book,Nationalökonomischer Kurs.,2226,491,False
__shared__,11e270e8-3968-5e4c-aac6-3f9f3c1e5ae0,908fc041-096e-4440-8593-b3267b712bf5,book,Die Wahrheit als Gesamtumfang aller Weltansichten,2088,512,False
__shared__,11ea975f-0610-5eb9-8e5d-b09bf6426e6c,44217040-65bf-4150-9fa8-bac9c57cd1b1,book,Grundlinien einer Erkenntnistheorie der Goetheschen Weltanschauung,1684,433,False
__shared__,11fe0799-83cf-5ac8-a39b-73266b5c9e83,44217040-65bf-4150-9fa8-bac9c57cd1b1,book,Grundlinien einer Erkenntnistheorie der Goetheschen Weltanschauung,1743,425,False
__shared__,120a5154-b839-5f37-aeed-559bede78028,d64fa532-6040-4fc2-9c43-ed4e5368bb92,book,Die Rätsel der Philosophie,1745,406,False
__shared__,12271a68-c2c1-597a-a25c-215209748d83,f287d43a-5108-4e0c-baa8-5e7d3badfef7,book,Gesammelte Aufsätze zur Kultur- und Zeitgeschichte,2063,495,False
__shared__,122c7185-c168-5980-8c24-dedc6bfcb92e,f78a79d5-8e8f-435e-bb58-ef6577312f57,book,Lucifer-Gnosis. Grundlegende Aufsätze zur Anthroposophie und Berichte aus,1941,476,False
__shared__,122fbb1a-441b-537d-9da5-a028d51df4cf,c2a4e407-cdf7-4802-be84-010cc485ef00,book,Methodische Grundlagen der Anthroposophie,1919,458,False
__shared__,1234eeda-6637-5758-8b36-65733eba348f,lecture:19190317,book,Die Befreiung des Menschenwesens als Grundlage für eine soziale Neugestaltung.,1793,410,False
__shared__,12921bba-0f1c-56ae-a671-6be80249f75f,lecture:19140123c,book,Der menschliche und der kosmische Gedanke,1875,429,False
__shared__,12ca2aad-0c7a-5c82-868e-0a4efb558f9e,f78a79d5-8e8f-435e-bb58-ef6577312f57,book,Lucifer-Gnosis. Grundlegende Aufsätze zur Anthroposophie und Berichte aus,1449,402,False
__shared__,12d9a04c-cdc5-5e54-a803-6e668a7dd299,47b137d3-f414-406f-b142-ed72c7e8989c,book,Einleitungen zu Goethes Naturwissenschaftlichen Schriften,1933,470,False
__shared__,12ddc031-bbcc-52c8-8b2a-37e44120547e,lecture:19200920,book,Die Krisis der Gegenwart und der Weg zu gesundem Denken,1850,413,False
__shared__,12ea6ab7-7477-5644-a49e-afc7f119f72c,lecture:19200105,book,Vom Einheitsstaat zum dreigliedrigen sozialen Organismus,1705,404,False
__shared__,1307e4b9-e261-5acc-911a-300404cf3c7c,36371313-0400-4c90-9656-67d54052cf89,book,Julian Assange in his own words,1800,442,False
__shared__,133114d7-35bb-5670-8265-c2c580d0e58a,lecture:19200920,book,Die Krisis der Gegenwart und der Weg zu gesundem Denken,2182,481,False
__shared__,1371c4d6-4814-5843-b828-bd6119fe8815,d64fa532-6040-4fc2-9c43-ed4e5368bb92,book,Die Rätsel der Philosophie,1867,446,False
__shared__,13737df3-09d4-5ab3-b8d1-7b26234d68df,lecture:19211201,book,Die Wirklichkeit der höheren Welten,2144,491,False
__shared__,138a27e2-fc5d-5cfd-a33e-a7d7d8d58ec6,lecture:19190212,book,Die soziale Frage,2311,492,False
__shared__,1399f282-b475-5ee3-abcf-a65a97bf0729,47b137d3-f414-406f-b142-ed72c7e8989c,book,Einleitungen zu Goethes Naturwissenschaftlichen Schriften,1827,468,False
__shared__,13a2963c-d244-5ef6-be0d-ce9224282798,f287d43a-5108-4e0c-baa8-5e7d3badfef7,book,Gesammelte Aufsätze zur Kultur- und Zeitgeschichte,2072,489,False
__shared__,13b2d1fd-f00b-5a45-b4e5-dca1f5fde4bb,f78a79d5-8e8f-435e-bb58-ef6577312f57,book,Lucifer-Gnosis. Grundlegende Aufsätze zur Anthroposophie und Berichte aus,2089,495,False
__shared__,13de4ec6-9f06-5ca9-930f-0ea210a94819,lecture:19190826c,book,Erziehungskunst. Seminarbesprechungen und Lehrplanvorträge,1879,432,False
__shared__,141a8085-4fb3-5a6d-8627-c5d2b29da28a,908fc041-096e-4440-8593-b3267b712bf5,book,Die Wahrheit als Gesamtumfang aller Weltansichten,1953,484,False
__shared__,1434a301-16a7-55cc-9629-284b8ff0b914,f287d43a-5108-4e0c-baa8-5e7d3badfef7,book,Gesammelte Aufsätze zur Kultur- und Zeitgeschichte,1665,470,False
__shared__,143e9a74-9591-5fe0-a0b4-6e35f493888e,f8e6c475-a0e5-4081-b265-61a7536a183e,book,Die Kernpunkte der sozialen Frage,1997,417,False
__shared__,146faf3d-1ddc-5bdf-8adf-5f5a086c6bf0,f78a79d5-8e8f-435e-bb58-ef6577312f57,book,Lucifer-Gnosis. Grundlegende Aufsätze zur Anthroposophie und Berichte aus,1886,471,False
__shared__,148f75bc-db61-5825-963a-d8d2ea1bf1b1,lecture:19200823,book,Soziale Ideen.,1805,406,False
__shared__,14a63498-db3d-566d-97ca-cdc2e2a3bd98,f78a79d5-8e8f-435e-bb58-ef6577312f57,book,Lucifer-Gnosis. Grundlegende Aufsätze zur Anthroposophie und Berichte aus,1767,490,False
__shared__,14a653c7-6f99-5e99-8e82-42ff4cca982b,lecture:19190531,book,Neugestaltung des sozialen Organismus,1962,450,False
__shared__,14bd58d3-b0b4-5833-aeb2-db7486eb3b24,e58f6369-f7a7-4213-845f-c5b9bf82ffe5,book,Wahrheit und Wissenschaft,2108,497,False
__shared__,14db6a09-ae35-53b0-b9d9-bb55b073d48b,lecture:19190525,book,Soziale Ideen.,2305,491,False
__shared__,14e5ed13-c6e8-5291-98f7-2d5ca7b163d8,d64fa532-6040-4fc2-9c43-ed4e5368bb92,book,Die Rätsel der Philosophie,1557,410,False
__shared__,14fc0131-5860-5faf-8d0c-7b6aa976a737,lecture:19220731c,book,Nationalökonomisches Seminar.,1899,436,False
__shared__,150fd518-6782-5f3e-9b4b-849f8c4513ac,lecture:19190425,book,Neugestaltung des sozialen Organismus,1791,402,False
__shared__,1511d6f2-8620-572f-a112-bc3826fd7aa5,c2a4e407-cdf7-4802-be84-010cc485ef00,book,Methodische Grundlagen der Anthroposophie,2021,466,False
__shared__,15515aea-6702-5cfa-bc9f-fbef6ac04284,7758c53c-72bd-41f1-ae51-843eb2a0f718,book,Various Interviews and Articles,1877,416,False
__shared__,155e4807-1e36-57a9-94af-ce50244911bb,e58f6369-f7a7-4213-845f-c5b9bf82ffe5,book,Wahrheit und Wissenschaft,1795,438,False
__shared__,1581999f-118c-58f1-8c88-6dc1fdf3e1b8,lecture:19210406a,book,Die befruchtende Wirkung der Anthroposophie auf die Fachwissenschaften,2026,442,False
__shared__,15864702-496a-5600-afd7-991d9924c132,lecture:19200312b,book,Die Krisis der Gegenwart und der Weg zu gesundem Denken,2222,504,False
__shared__,158f58fd-7a4e-5667-b693-d7db68b91699,d64fa532-6040-4fc2-9c43-ed4e5368bb92,book,Die Rätsel der Philosophie,1970,490,False
__shared__,15dc945d-47a5-542c-91fc-58a1701d7f74,4b8e4c2a-3f1b-4d2e-9c4a-8e4f4b2c3a1d,book,Die Philosophie der Freiheit,1764,420,False
__shared__,1606749e-3f08-534d-b282-e1cda47e3348,lecture:19220410,book,Damit der Mensch ganz Mensch werde,1983,468,False
__shared__,1617a268-ae7a-5a80-a8f2-906175473096,f287d43a-5108-4e0c-baa8-5e7d3badfef7,book,Gesammelte Aufsätze zur Kultur- und Zeitgeschichte,2063,493,False
__shared__,162e6234-8362-58ae-809b-913660a5d63e,lecture:19210115b,book,Fachwissenschaften und Anthroposophie,1893,429,False
__shared__,164a55ef-414d-5a50-b935-4c81a1b12a91,d64fa532-6040-4fc2-9c43-ed4e5368bb92,book,Die Rätsel der Philosophie,2092,497,False
__shared__,1669b98b-924f-5e39-a46d-1f6436b95a10,e58f6369-f7a7-4213-845f-c5b9bf82ffe5,book,Wahrheit und Wissenschaft,2086,479,False
__shared__,166b2250-02be-5ed4-9abf-080ad74ddbf8,lecture:19220806a,book,Nationalökonomischer Kurs.,2019,449,False
__shared__,1693dee5-d848-5425-ac9b-a4a2a71febc6,lecture:19200615,book,Die Krisis der Gegenwart und der Weg zu gesundem Denken,1687,421,False
__shared__,16a2ce1f-ec2d-57c1-9000-1f4ab5e0a02a,lecture:19211130,book,Die Wirklichkeit der höheren Welten,2225,490,False
__shared__,16c4657a-074e-5bd8-81da-388b2c4b521d,lecture:19200808b,book,Geisteswissenschaft als Erkenntnis der Grundimpulse sozialer Gestaltung,2112,488,False
__shared__,17400fa8-2cb7-56ec-85d8-4857fa2813aa,lecture:19200107,book,Vom Einheitsstaat zum dreigliedrigen sozialen Organismus,1962,458,False
__shared__,17432111-3892-5f56-92d1-29d2b6a6f4ca,lecture:19190828a,book,Allgemeine Menschenkunde als Grundlage der Pädagogik,2083,501,False
__shared__,174338f0-b82c-5a95-ae62-684f4d108134,44217040-65bf-4150-9fa8-bac9c57cd1b1,book,Grundlinien einer Erkenntnistheorie der Goetheschen Weltanschauung,1736,425,False
__shared__,1744d721-2837-5879-9646-bb472df6e8cc,lecture:19200406b,book,Soziale Ideen.,1929,432,False
__shared__,175f1852-9ac6-5544-aead-fdbeec26007f,f78a79d5-8e8f-435e-bb58-ef6577312f57,book,Lucifer-Gnosis. Grundlegende Aufsätze zur Anthroposophie und Berichte aus,1784,411,False
__shared__,1784d618-7650-5970-8d4a-0b0e0dc669f1,d64fa532-6040-4fc2-9c43-ed4e5368bb92,book,Die Rätsel der Philosophie,1681,430,False
__shared__,17c185f6-150e-5b36-a2f1-d001a2d5e454,47b137d3-f414-406f-b142-ed72c7e8989c,book,Einleitungen zu Goethes Naturwissenschaftlichen Schriften,2064,468,False
__shared__,17c9fffa-6ca1-52e7-9efd-39cdd6d34459,lecture:19190821b,book,Erziehungskunst. Methodisch-Didaktisches,2021,478,False
__shared__,17e20506-c490-5508-b6c5-daf9d5cd8bef,lecture:19210407a,book,Die befruchtende Wirkung der Anthroposophie auf die Fachwissenschaften,1841,418,False
__shared__,17e93ff0-4935-5f57-894d-5f2cb1888881,lecture:19210407a,book,Die befruchtende Wirkung der Anthroposophie auf die Fachwissenschaften,1865,427,False
__shared__,17fffebb-812a-5af0-803f-8d2f20ccf0c9,lecture:19190711,book,Neugestaltung des sozialen Organismus,2154,491,False
__shared__,1807e3f1-e7fa-5d49-85e0-9a5e1b0ec238,lecture:19190822b,book,Erziehungskunst. Methodisch-Didaktisches,1901,465,False
__shared__,18156eee-56a7-5689-81a7-7e22ff1113af,908fc041-096e-4440-8593-b3267b712bf5,book,Die Wahrheit als Gesamtumfang aller Weltansichten,2039,501,False
__shared__,1827d952-68ed-5249-8e93-c3d7099f6b85,lecture:19201007b,book,Soziale Ideen.,2176,486,False
__shared__,182d65ff-c2e4-5d91-8be4-62333eede5ed,908fc041-096e-4440-8593-b3267b712bf5,book,Die Wahrheit als Gesamtumfang aller Weltansichten,1795,416,False
__shared__,18542380-a435-579a-ab88-bdee67e6435a,f8e6c475-a0e5-4081-b265-61a7536a183e,book,Die Kernpunkte der sozialen Frage,2087,452,False
__shared__,1869d794-9bed-5b44-8f15-da424caf6526,lecture:19190205,book,Die soziale Frage,1920,423,False
__shared__,188e708a-9b65-51f0-b9df-ebd5b04d945c,f287d43a-5108-4e0c-baa8-5e7d3badfef7,book,Gesammelte Aufsätze zur Kultur- und Zeitgeschichte,1816,417,False
__shared__,18e72f03-be4d-5b7e-97da-ffb41633def7,f78a79d5-8e8f-435e-bb58-ef6577312f57,book,Lucifer-Gnosis. Grundlegende Aufsätze zur Anthroposophie und Berichte aus,1847,436,False
__shared__,18f3b6d7-7130-58e9-8e17-08c8b20d0242,f78a79d5-8e8f-435e-bb58-ef6577312f57,book,Lucifer-Gnosis. Grundlegende Aufsätze zur Anthroposophie und Berichte aus,2097,477,False
__shared__,1925e99d-aeb7-5e36-ae94-0a0c80a24f43,lecture:19190828a,book,Allgemeine Menschenkunde als Grundlage der Pädagogik,2070,504,False
__shared__,192b7188-1e15-5702-9f53-1ac2eb16026c,64e881df-0501-4815-9b0c-6cf545c383b6,book,Goethes Weltanschauung,1863,423,False
__shared__,195a9462-9049-530a-92f2-8487b26710d4,lecture:19200816,book,Soziale Ideen.,1800,407,False
__shared__,1964b4cf-0198-5650-9e76-3c603c81ecca,lecture:19191020,book,Die Befreiung des Menschenwesens als Grundlage für eine soziale Neugestaltung.,1960,453,False
__shared__,1983cdce-d97a-551c-92a0-75bfec6c6ae3,lecture:19200319,book,Vom Einheitsstaat zum dreigliedrigen sozialen Organismus,2175,494,False
__shared__,198f2d3f-a7cc-52d9-917e-221392279a0a,f78a79d5-8e8f-435e-bb58-ef6577312f57,book,Lucifer-Gnosis. Grundlegende Aufsätze zur Anthroposophie und Berichte aus,2018,473,False
__shared__,1994eed7-a68b-53eb-b47a-eac0f6dd15a2,lecture:19200807,book,Geisteswissenschaft als Erkenntnis der Grundimpulse sozialer Gestaltung,1706,404,False
__shared__,19995710-365c-5c41-8fe4-5d026a488fcd,lecture:19211126,book,Die Wirklichkeit der höheren Welten,1855,447,False
__shared__,199af731-28e2-54c3-9273-7480f0bf66df,f3b36ec2-031d-4715-ad66-dfc7f43cc491,book,Cypherpunks,1456,434,False
__shared__,19ad5fb8-d4d7-5d03-b02e-91a8cdc47a04,3b38df84-e9bc-4e70-9032-d3fa65517cfd,book,Aufsätze über die Dreigliederung des sozialen Organismus und zur Zeitlage,1835,442,False
__shared__,19c3713e-8093-554a-974a-bd0bc2429203,f287d43a-5108-4e0c-baa8-5e7d3badfef7,book,Gesammelte Aufsätze zur Kultur- und Zeitgeschichte,1792,438,False
__shared__,19cbc21f-93ef-5127-acf4-c910f0c5adc4,lecture:19190823b,book,Erziehungskunst. Methodisch-Didaktisches,1803,434,False
__shared__,19cc8304-df8f-53cb-ade0-b2d8ff7de793,lecture:19190528,book,Betriebsräte und Sozialisierung,2187,465,False
__shared__,19d5b536-c180-576a-ba6c-6b392df8c675,lecture:19201011,book,Soziale Ideen.,1910,426,False
__shared__,19e15e1a-e27f-53f3-ab98-a831553e72aa,lecture:19200714,book,Soziale Ideen.,2231,501,False
__shared__,1a19e326-e1e5-52a0-8b21-e7c56009031a,lecture:19190825c,book,Erziehungskunst. Seminarbesprechungen und Lehrplanvorträge,1887,441,False
__shared__,1a28fd1e-8ee2-581e-bff0-5bf24519969a,lecture:19211125,book,Die Wirklichkeit der höheren Welten,1847,431,False
__shared__,1a3c8e73-be5b-5997-9644-b3616a2ea261,f3b36ec2-031d-4715-ad66-dfc7f43cc491,book,Cypherpunks,1898,443,False
__shared__,1a468e84-d566-5582-b1b0-c8d3d4e6aeb9,3b38df84-e9bc-4e70-9032-d3fa65517cfd,book,Aufsätze über die Dreigliederung des sozialen Organismus und zur Zeitlage,1750,438,False
__shared__,1a786714-5444-50c0-9c44-dc08fb080979,lecture:19200418a,book,Vom Einheitsstaat zum dreigliedrigen sozialen Organismus,2161,492,False
__shared__,1a849d40-d08f-5a44-a34b-330237a5c7bb,lecture:19190225,book,Die soziale Frage,2393,509,False
__shared__,1a86670b-c490-5acb-97dc-f32286065cfe,lecture:19190308,book,Die soziale Frage,1924,422,False
__shared__,1a9d56a1-7f28-53d8-a699-aaadac5683c5,lecture:19220804c,book,Nationalökonomisches Seminar.,2014,461,False
__shared__,1aa0a6dc-e6a6-5af3-9f87-3b204b7d87cd,f78a79d5-8e8f-435e-bb58-ef6577312f57,book,Lucifer-Gnosis. Grundlegende Aufsätze zur Anthroposophie und Berichte aus,1650,408,False
__shared__,1ab281bd-41e1-5c78-81df-994e3ae7be0f,lecture:19211016a,book,Anthroposophie soziale Dreigliederung und Redekunst.,1798,474,False
__shared__,1ac5e509-9d2e-55d7-8c86-d22437955fdc,c2a4e407-cdf7-4802-be84-010cc485ef00,book,Methodische Grundlagen der Anthroposophie,2054,483,False
__shared__,1ae7751c-c6c1-5c2b-8eb5-3374101e1105,lecture:19200904a,book,Geisteswissenschaft als Erkenntnis der Grundimpulse sozialer Gestaltung,2277,511,False
__shared__,1b1fcc32-1cb3-5db2-a700-c84efc31898a,lecture:19200317,book,Vom Einheitsstaat zum dreigliedrigen sozialen Organismus,2051,488,False
__shared__,1b200299-d6fe-5c54-8a0a-3209e9ccbb19,0c20163d-b14e-4750-988b-3b58c0fa3126,book,Code Version 2 0,1897,440,False
__shared__,1b300f2e-7af7-5464-9346-8f2436c9ecaf,lecture:19210115b,book,Fachwissenschaften und Anthroposophie,2220,470,False
__shared__,1b443a3f-158e-5d45-9ed9-0db8c4be31b1,c2a4e407-cdf7-4802-be84-010cc485ef00,book,Methodische Grundlagen der Anthroposophie,1825,442,False
__shared__,1b73afef-ea3f-5fd0-8df0-f1939042ae03,f3b36ec2-031d-4715-ad66-dfc7f43cc491,book,Cypherpunks,2145,492,False
__shared__,1bb1e660-f4ce-5198-9c7d-611dcbcbcc05,c2a4e407-cdf7-4802-be84-010cc485ef00,book,Methodische Grundlagen der Anthroposophie,1624,403,False
__shared__,1bfb8a0f-d073-5c94-9aea-f4ceaaa3cc26,908fc041-096e-4440-8593-b3267b712bf5,book,Die Wahrheit als Gesamtumfang aller Weltansichten,2097,497,False
__shared__,1c1f27b0-7fbb-5d1b-9050-3ecbbc668c5e,3b38df84-e9bc-4e70-9032-d3fa65517cfd,book,Aufsätze über die Dreigliederung des sozialen Organismus und zur Zeitlage,1695,439,False
__shared__,1c46fdbc-e908-5d2f-9e2e-73cdf8ede0de,f287d43a-5108-4e0c-baa8-5e7d3badfef7,book,Gesammelte Aufsätze zur Kultur- und Zeitgeschichte,1900,431,False
__shared__,1c72e311-4171-53b1-961c-f23bdab1fd57,f78a79d5-8e8f-435e-bb58-ef6577312f57,book,Lucifer-Gnosis. Grundlegende Aufsätze zur Anthroposophie und Berichte aus,1923,444,False
__shared__,1ca673a7-d6fe-5670-9555-8b0aa002c623,7758c53c-72bd-41f1-ae51-843eb2a0f718,book,Various Interviews and Articles,1711,426,False
__shared__,1cabecd1-912d-51a2-9588-55db57460dab,908fc041-096e-4440-8593-b3267b712bf5,book,Die Wahrheit als Gesamtumfang aller Weltansichten,1733,424,False
__shared__,1cdf5f23-42f5-506f-8354-cb450223d5ea,f287d43a-5108-4e0c-baa8-5e7d3badfef7,book,Gesammelte Aufsätze zur Kultur- und Zeitgeschichte,1965,480,False
__shared__,1ce4515a-f1af-59cb-bbce-7ac93dfccdb8,lecture:19190829a,book,Allgemeine Menschenkunde als Grundlage der Pädagogik,1922,468,False
__shared__,1cfab83f-3522-58a7-9c4a-d562749b2ef4,4c09f3d5-3f5c-42b7-beba-f12fc46594bc,book,Free Software Free Society,1756,453,False
__shared__,1d01d313-4cea-5fe6-892d-2d1a0b57f92e,lecture:19190821a,book,Allgemeine Menschenkunde als Grundlage der Pädagogik,1944,442,False
__shared__,1d0cb7cd-72e1-5482-84e7-6dfea65c3dcd,3b38df84-e9bc-4e70-9032-d3fa65517cfd,book,Aufsätze über die Dreigliederung des sozialen Organismus und zur Zeitlage,1731,410,False
__shared__,1d110c17-c55e-5a34-a03c-e684d64337ea,lecture:19211128,book,Die Wirklichkeit der höheren Welten,2249,474,False
__shared__,1d159f65-4867-5040-88db-6b57bf4f501a,c2a4e407-cdf7-4802-be84-010cc485ef00,book,Methodische Grundlagen der Anthroposophie,1917,433,False
__shared__,1d16fe84-cf02-519b-9f76-5b9b3705a543,lecture:19201005,book,Soziale Ideen.,1874,425,False
__shared__,1d3434a3-3e83-55cb-92d4-85cb87c17551,lecture:19210407a,book,Die befruchtende Wirkung der Anthroposophie auf die Fachwissenschaften,1800,426,False
__shared__,1d39ffa3-40a5-5240-bda0-6a685acc5a58,908fc041-096e-4440-8593-b3267b712bf5,book,Die Wahrheit als Gesamtumfang aller Weltansichten,1748,448,False
__shared__,1d3e210b-ff3f-5a89-b32b-3a48ef9f6995,lecture:19190513,book,Neugestaltung des sozialen Organismus,2331,499,False
__shared__,1d3e2442-bbb4-5036-81b3-c262dbd8ad1b,f287d43a-5108-4e0c-baa8-5e7d3badfef7,book,Gesammelte Aufsätze zur Kultur- und Zeitgeschichte,1900,472,False
__shared__,1d44ac61-8443-5387-9a06-ee387bd7c208,lecture:19200312b,book,Die Krisis der Gegenwart und der Weg zu gesundem Denken,2214,494,False
__shared__,1d601da8-a54b-5ece-ad99-2a92ec482c5a,lecture:19190423a,book,Neugestaltung des sozialen Organismus,2218,480,False
__shared__,1d72a3d3-2994-5f5d-a14c-007d9db36496,3b38df84-e9bc-4e70-9032-d3fa65517cfd,book,Aufsätze über die Dreigliederung des sozialen Organismus und zur Zeitlage,2101,490,False
__shared__,1d8e816a-3047-5520-a0a0-1b3f0f7a22dd,f287d43a-5108-4e0c-baa8-5e7d3badfef7,book,Gesammelte Aufsätze zur Kultur- und Zeitgeschichte,1770,439,False
__shared__,1da52a90-9319-5cb4-ac8c-442c367693fb,7758c53c-72bd-41f1-ae51-843eb2a0f718,book,Various Interviews and Articles,2071,488,False
__shared__,1daf6a94-7702-513c-996f-6e4dc081e1b4,908fc041-096e-4440-8593-b3267b712bf5,book,Die Wahrheit als Gesamtumfang aller Weltansichten,1459,416,False
__shared__,1e1a29f7-8cb7-5bc4-8d38-e24982433ae5,lecture:19190319,book,Die Befreiung des Menschenwesens als Grundlage für eine soziale Neugestaltung.,1818,420,False
__shared__,1e1df73d-6b33-5060-b806-9c1ae1ff704a,lecture:19190530b,book,Soziale Ideen.,2027,444,False
__shared__,1e2a61fd-13bc-5a83-b745-2f6ad1ca97f8,lecture:19211126,book,Die Wirklichkeit der höheren Welten,1790,451,False
__shared__,1e325341-8d52-580b-b961-0d22949dfe76,c2a4e407-cdf7-4802-be84-010cc485ef00,book,Methodische Grundlagen der Anthroposophie,1786,414,False
__shared__,1e48a3be-28db-56ac-b6c1-ac7bf7093380,lecture:19190614,book,Betriebsräte und Sozialisierung,2329,508,False
__shared__,1e5225db-5629-50e4-9b2a-cbd61785778e,lecture:19200719,book,Soziale Ideen.,1896,463,False
__shared__,1e71573a-b29b-58cb-bf13-5b2a477daa6c,lecture:19190503,book,Neugestaltung des sozialen Organismus,1992,463,False
__shared__,1e9c39f1-36a7-54ea-86a9-274785daec82,f3b36ec2-031d-4715-ad66-dfc7f43cc491,book,Cypherpunks,1426,407,False
__shared__,1ea5c9a9-d458-5503-b7b1-7c05879e4f70,lecture:19210405a,book,Die befruchtende Wirkung der Anthroposophie auf die Fachwissenschaften,1708,407,False
__shared__,1ea84b5f-0b32-5146-a30f-1c6037bd098a,lecture:19210115b,book,Fachwissenschaften und Anthroposophie,1908,429,False
__shared__,1ee9d9d5-301d-5aad-80b2-8c0e21120566,f78a79d5-8e8f-435e-bb58-ef6577312f57,book,Lucifer-Gnosis. Grundlegende Aufsätze zur Anthroposophie und Berichte aus,1968,477,False
__shared__,1f0cd1d1-8d68-55e7-90cc-305a4f920c03,lecture:19211129a,book,Die Wirklichkeit der höheren Welten,1867,454,False
__shared__,1f262bfb-9f5a-5423-9d58-c224b7e8f66d,f78a79d5-8e8f-435e-bb58-ef6577312f57,book,Lucifer-Gnosis. Grundlegende Aufsätze zur Anthroposophie und Berichte aus,1913,461,False
__shared__,1f2fe64a-d87b-57b4-9385-4b195263f1bd,3b38df84-e9bc-4e70-9032-d3fa65517cfd,book,Aufsätze über die Dreigliederung des sozialen Organismus und zur Zeitlage,1705,433,False
__shared__,1f3c9c8f-f09f-5e97-96dd-204b79bd8489,lecture:19201007b,book,Soziale Ideen.,1921,423,False
__shared__,1f4979c3-ac99-57bd-8995-24d402baee7b,lecture:19220806a,book,Nationalökonomischer Kurs.,2223,507,False
__shared__,1f64148f-06b7-5d69-b8a0-5c5717437d76,lecture:19201010a,book,Soziale Ideen.,1975,444,False
__shared__,1f8606c9-8f1f-5c88-8844-354ffdb0e971,lecture:19211201,book,Die Wirklichkeit der höheren Welten,2110,492,False
__shared__,1f9cd640-6e7d-5883-b52f-20f0fccbdaf5,d64fa532-6040-4fc2-9c43-ed4e5368bb92,book,Die Rätsel der Philosophie,1966,488,False
__shared__,1fb6e19a-9932-51ae-aaa0-c192e0becec1,lecture:19210115b,book,Fachwissenschaften und Anthroposophie,2219,507,False
__shared__,1fd29102-9aab-5273-b8aa-303942a6e8e8,f287d43a-5108-4e0c-baa8-5e7d3badfef7,book,Gesammelte Aufsätze zur Kultur- und Zeitgeschichte,1767,434,False
__shared__,1fdcc51f-79e0-5d6f-b4cc-bf7892df5055,c2a4e407-cdf7-4802-be84-010cc485ef00,book,Methodische Grundlagen der Anthroposophie,2081,502,False
__shared__,202f492f-ac5e-54d5-b1c9-cd61f6133526,c2a4e407-cdf7-4802-be84-010cc485ef00,book,Methodische Grundlagen der Anthroposophie,1606,406,False
__shared__,20374e13-69fb-5291-9b92-a8820c71d012,lecture:19200918,book,Geisteswissenschaft als Erkenntnis der Grundimpulse sozialer Gestaltung,1828,440,False
__shared__,2049edb0-6fd2-5e9d-b53a-69ad6664adf9,3b38df84-e9bc-4e70-9032-d3fa65517cfd,book,Aufsätze über die Dreigliederung des sozialen Organismus und zur Zeitlage,1773,409,False
__shared__,206f9685-9396-55ba-9393-9fec08a97680,lecture:19200426b,book,Vom Einheitsstaat zum dreigliedrigen sozialen Organismus,2062,442,False
__shared__,209279a0-90d1-56ea-bb19-e7950f00398c,lecture:19211125,book,Die Wirklichkeit der höheren Welten,1750,419,False
__shared__,2098f603-c4e7-5813-92c9-3a1a1b16164c,d64fa532-6040-4fc2-9c43-ed4e5368bb92,book,Die Rätsel der Philosophie,2017,477,False
__shared__,209f24e3-19f9-51c2-9ae8-34e059440c67,36371313-0400-4c90-9656-67d54052cf89,book,Julian Assange in his own words,1894,463,False
__shared__,20a3e7d9-e949-5013-924f-7020e51a87fc,4b8e4c2a-3f1b-4d2e-9c4a-8e4f4b2c3a1d,book,Die Philosophie der Freiheit,1724,434,False
__shared__,20c7c989-8295-52ed-a87d-c602298d46fb,lecture:19190822a,book,Allgemeine Menschenkunde als Grundlage der Pädagogik,1869,458,False
__shared__,20d78c6c-c2c5-51f0-b662-c3f61cdb983e,lecture:19190618,book,Neugestaltung des sozialen Organismus,1818,406,False
__shared__,20e177f1-50a8-5763-b968-f48b35a1bbcd,0c20163d-b14e-4750-988b-3b58c0fa3126,book,Code Version 2 0,1895,422,False
__shared__,20e24a50-12fb-55c2-b28e-b6d1477711e4,lecture:19200616,book,Soziale Ideen.,1876,450,False
__shared__,20f63294-2aef-54ea-adb2-aa91ec076263,7758c53c-72bd-41f1-ae51-843eb2a0f718,book,Various Interviews and Articles,1706,468,False
__shared__,20fbd74e-8221-5ffe-88d6-08def2615395,f8e6c475-a0e5-4081-b265-61a7536a183e,book,Die Kernpunkte der sozialen Frage,2076,475,False
__shared__,211585c8-16a0-5a56-954b-21e3d17c06e3,f78a79d5-8e8f-435e-bb58-ef6577312f57,book,Lucifer-Gnosis. Grundlegende Aufsätze zur Anthroposophie und Berichte aus,1864,501,False
__shared__,21355d65-c0b3-565e-95e9-96432f5b669f,lecture:19190311,book,Die Befreiung des Menschenwesens als Grundlage für eine soziale Neugestaltung.,2163,497,False
__shared__,217efdb6-810b-5517-a552-fd00f87bd3ac,lecture:19190522,book,Betriebsräte und Sozialisierung,1815,403,False
__shared__,21aa8d50-4bfd-5027-937d-d1d596478be8,lecture:19190619,book,Neugestaltung des sozialen Organismus,1890,430,False
__shared__,21ad9985-4eb2-5b8a-9610-8914994ccfab,lecture:19191024,book,Soziale Zukunft,1991,442,False
__shared__,21d57296-bf01-5824-9dfa-2a210c660cc9,f287d43a-5108-4e0c-baa8-5e7d3badfef7,book,Gesammelte Aufsätze zur Kultur- und Zeitgeschichte,2183,497,False
__shared__,21e35bf6-c66d-5608-bb72-2de9f0463ba6,36371313-0400-4c90-9656-67d54052cf89,book,Julian Assange in his own words,1663,410,False
__shared__,21e8ea0a-011f-594e-b00e-0bbe6550eaa7,d64fa532-6040-4fc2-9c43-ed4e5368bb92,book,Die Rätsel der Philosophie,1686,420,False
__shared__,21ed3507-a1e2-5516-921f-d5a233ad5f00,lecture:19200318,book,Vom Einheitsstaat zum dreigliedrigen sozialen Organismus,1829,415,False
__shared__,21f13a3c-3ca2-5fac-98b6-0a37014039f5,d64fa532-6040-4fc2-9c43-ed4e5368bb92,book,Die Rätsel der Philosophie,1832,456,False
__shared__,22847a94-2a6e-5eb4-b5d2-2f517f56d9f2,lecture:19190513,book,Neugestaltung des sozialen Organismus,2155,466,False
__shared__,22b8edbf-e9ab-52b2-adbe-2de636cfd1c1,lecture:19190525,book,Soziale Ideen.,2068,482,False
__shared__,22d02448-4328-54a7-a972-d887f596c67c,e58f6369-f7a7-4213-845f-c5b9bf82ffe5,book,Wahrheit und Wissenschaft,2131,510,False
__shared__,22f7b65b-ed98-5200-850a-e0559e0fcd41,lecture:19201010a,book,Soziale Ideen.,2200,512,False
__shared__,2301a2d6-e5a0-564e-89d4-a226bf49811e,lecture:19220407,book,Damit der Mensch ganz Mensch werde,1877,414,False
__shared__,2301c94f-399b-57e1-a8a5-2f140de9ca5d,908fc041-096e-4440-8593-b3267b712bf5,book,Die Wahrheit als Gesamtumfang aller Weltansichten,1608,413,False
__shared__,2308e4dd-07c4-552e-bbc5-699703c5850c,lecture:19190825b,book,Erziehungskunst. Methodisch-Didaktisches,2074,448,False
__shared__,2339cf80-df0c-5fd7-a47b-bad41794619c,lecture:19190203,book,Die soziale Frage,1904,441,False
__shared__,233c0c08-7b60-5898-8be0-430dfe0ab8c7,3b38df84-e9bc-4e70-9032-d3fa65517cfd,book,Aufsätze über die Dreigliederung des sozialen Organismus und zur Zeitlage,2006,428,False
__shared__,233d01e0-8c59-598e-8315-6ac5789fa2c4,f287d43a-5108-4e0c-baa8-5e7d3badfef7,book,Gesammelte Aufsätze zur Kultur- und Zeitgeschichte,1745,418,False
__shared__,234bc717-2619-5f4b-903c-9a6e66b15f75,0c20163d-b14e-4750-988b-3b58c0fa3126,book,Code Version 2 0,1807,419,False
__shared__,238ab6e0-aa9b-5e66-b670-b23024bd0a64,d64fa532-6040-4fc2-9c43-ed4e5368bb92,book,Die Rätsel der Philosophie,1590,422,False
__shared__,239bd934-f7aa-5064-99b9-f6e47706189d,f287d43a-5108-4e0c-baa8-5e7d3badfef7,book,Gesammelte Aufsätze zur Kultur- und Zeitgeschichte,1969,485,False
__shared__,23b6a965-d060-59b8-8f94-75930a1ddf21,c2a4e407-cdf7-4802-be84-010cc485ef00,book,Methodische Grundlagen der Anthroposophie,1968,467,False
__shared__,240695d0-4012-5634-b4cf-4d51727b52aa,lecture:19190212,book,Die soziale Frage,2264,484,False
__shared__,24444a28-135c-5f34-ac27-8f0e49a67a5a,0c20163d-b14e-4750-988b-3b58c0fa3126,book,Code Version 2 0,1802,412,False
__shared__,246bf2bc-9470-5d26-afb8-f02adde953b5,lecture:19200416,book,Entsprechungen zwischen Mikrokosmos und Makrokosmos. Der Mensch — eine Hieroglyphe des Weltenalls.,1824,443,False
__shared__,2499cb0e-1202-515d-93c7-f982e761b160,4b8e4c2a-3f1b-4d2e-9c4a-8e4f4b2c3a1d,book,Die Philosophie der Freiheit,1892,446,False
__shared__,249a73c6-885c-54da-8275-55ea6196a960,lecture:19201011,book,Soziale Ideen.,1838,419,False
__shared__,249bf917-455a-558e-97ec-62a66cf19081,lecture:19190730,book,Soziale Ideen.,1978,488,False
__shared__,24c0c7ea-fcb6-5e80-9eee-6c0ac1da1646,c2a4e407-cdf7-4802-be84-010cc485ef00,book,Methodische Grundlagen der Anthroposophie,1740,410,False
__shared__,24c37aac-3dec-5887-b54a-d7204339cc36,3b38df84-e9bc-4e70-9032-d3fa65517cfd,book,Aufsätze über die Dreigliederung des sozialen Organismus und zur Zeitlage,2155,505,False
__shared__,24ca3b17-62c5-5a3c-b797-ff4ced7e87d4,lecture:19220412a,book,Damit der Mensch ganz Mensch werde,1960,443,False
__shared__,24d634d7-4d4a-5956-8a30-b89fc7acc6ef,0c20163d-b14e-4750-988b-3b58c0fa3126,book,Code Version 2 0,1825,410,False
__shared__,24dcdf9f-930a-5968-a8b1-49b0636685ef,lecture:19200504b,book,Vom Einheitsstaat zum dreigliedrigen sozialen Organismus,2070,486,False
__shared__,250d126e-2f54-57f7-85b8-42c74a268a86,908fc041-096e-4440-8593-b3267b712bf5,book,Die Wahrheit als Gesamtumfang aller Weltansichten,1957,475,False
__shared__,25132869-7062-55e4-954e-3af4e00c5990,lecture:19210112b,book,Fachwissenschaften und Anthroposophie,2024,460,False
__shared__,25152154-2eb6-5d39-93fc-47507b2abec2,c2a4e407-cdf7-4802-be84-010cc485ef00,book,Methodische Grundlagen der Anthroposophie,1910,464,False
__shared__,2536af90-9755-5aef-964c-c7eeda74d1c2,lecture:19190503,book,Neugestaltung des sozialen Organismus,1894,416,False
__shared__,2559a31f-dc7e-5790-91d4-f04882a37079,lecture:19200920,book,Die Krisis der Gegenwart und der Weg zu gesundem Denken,2057,449,False
__shared__,256a3b12-ede0-5538-a329-410af98b4285,f287d43a-5108-4e0c-baa8-5e7d3badfef7,book,Gesammelte Aufsätze zur Kultur- und Zeitgeschichte,2007,451,False
__shared__,256ecfb2-883c-536d-b6d4-b3e6d325dcff,c2a4e407-cdf7-4802-be84-010cc485ef00,book,Methodische Grundlagen der Anthroposophie,2039,467,False
__shared__,2580e68b-19bd-5196-b8d6-0eb44834c041,908fc041-096e-4440-8593-b3267b712bf5,book,Die Wahrheit als Gesamtumfang aller Weltansichten,1924,497,False
__shared__,2589327c-bc02-5ac4-977e-489fd1f28c90,lecture:19200728,book,Soziale Ideen.,1977,485,False
__shared__,259dde24-cb6c-56e8-931a-886d1cabb95a,f78a79d5-8e8f-435e-bb58-ef6577312f57,book,Lucifer-Gnosis. Grundlegende Aufsätze zur Anthroposophie und Berichte aus,1711,412,False
__shared__,25a2b0e6-c641-56b2-9674-16265a4b00ea,lecture:19220411,book,Damit der Mensch ganz Mensch werde,1996,442,False
__shared__,25a9c134-6a9f-56c6-84df-a0e10e6c1955,lecture:19210407a,book,Die befruchtende Wirkung der Anthroposophie auf die Fachwissenschaften,1716,407,False
__shared__,25be8e45-9da1-58d9-aac1-bcf7d93527f0,e58f6369-f7a7-4213-845f-c5b9bf82ffe5,book,Wahrheit und Wissenschaft,2040,473,False
__shared__,25c88adf-e4c5-5cd5-ad16-15967ba8e4ed,lecture:19200911,book,Geisteswissenschaft als Erkenntnis der Grundimpulse sozialer Gestaltung,1819,440,False
__shared__,25d33163-3e8c-56b7-9cce-026a28808f7f,lecture:19190624,book,Betriebsräte und Sozialisierung,1833,414,False
__shared__,26138828-2a26-576d-9616-3cad1d4579ec,lecture:19201007b,book,Soziale Ideen.,1904,404,False
__shared__,261eca35-a705-505c-af43-5b61f597b0d7,lecture:19191110,book,Die Befreiung des Menschenwesens als Grundlage für eine soziale Neugestaltung.,1774,417,False
__shared__,263ecad7-0925-5a2e-8635-42a004f928d9,64e881df-0501-4815-9b0c-6cf545c383b6,book,Goethes Weltanschauung,2129,499,False
__shared__,265d65e9-0864-5839-a749-fccf89c5e25c,d64fa532-6040-4fc2-9c43-ed4e5368bb92,book,Die Rätsel der Philosophie,1579,414,False
__shared__,26b614be-34e6-5b51-903f-d6bfa13e055f,lecture:19200830,book,Soziale Ideen.,1777,426,False
__shared__,26bc01af-9a3b-5f05-af67-fe108af1ee2c,lecture:19190425,book,Neugestaltung des sozialen Organismus,2155,487,False
__shared__,2701a869-5e33-59ba-9e18-9951b4a3bf34,c2a4e407-cdf7-4802-be84-010cc485ef00,book,Methodische Grundlagen der Anthroposophie,1805,410,False
__shared__,2709e281-1b13-5c62-ae35-fe6a4c238e01,lecture:19200409b,book,Entsprechungen zwischen Mikrokosmos und Makrokosmos. Der Mensch — eine Hieroglyphe des Weltenalls.,2142,508,False
__shared__,271735b2-2697-57fc-b4a7-4511987c4477,lecture:19200623b,book,Soziale Ideen.,2239,497,False
__shared__,2724f8aa-bc05-55fc-b535-9ccc6b23ab73,64e881df-0501-4815-9b0c-6cf545c383b6,book,Goethes Weltanschauung,1733,421,False
__shared__,273b6fb9-864e-56ea-9eda-77c3ba02f0b7,908fc041-096e-4440-8593-b3267b712bf5,book,Die Wahrheit als Gesamtumfang aller Weltansichten,1890,466,False
__shared__,2746b5d4-a199-54d4-9e97-a455f03ab897,lecture:19200303b,book,Soziale Ideen.,2099,460,False
__shared__,275956b4-cc8a-5e45-b968-3deda748cd2f,lecture:19190516,book,Neugestaltung des sozialen Organismus,1871,410,False
__shared__,27598b02-a15d-5f96-992c-97dd56cb8dac,lecture:19200616,book,Soziale Ideen.,2097,454,False
__shared__,2789ffe8-3b72-572b-837f-2a4e174bcb12,f78a79d5-8e8f-435e-bb58-ef6577312f57,book,Lucifer-Gnosis. Grundlegende Aufsätze zur Anthroposophie und Berichte aus,1974,437,False
__shared__,27910e3b-77d0-5009-8629-e173e214e7af,f8e6c475-a0e5-4081-b265-61a7536a183e,book,Die Kernpunkte der sozialen Frage,1897,451,False
__shared__,27c3905f-ca38-5537-9742-afa2e653f45a,lecture:19201004,book,Fachwissenschaften und Anthroposophie,1965,461,False
__shared__,28076841-c881-543d-8143-a60e49be9bff,lecture:19190619,book,Neugestaltung des sozialen Organismus,2083,470,False
__shared__,282100fc-47fe-50ee-a7c1-0602f1cf31e5,64e881df-0501-4815-9b0c-6cf545c383b6,book,Goethes Weltanschauung,2001,488,False
__shared__,285372f0-8507-54aa-a6ab-22848f8640e4,lecture:19190614,book,Betriebsräte und Sozialisierung,2012,452,False
__shared__,2896adb9-e44d-5f03-8aac-db72b5a71996,lecture:19200418a,book,Vom Einheitsstaat zum dreigliedrigen sozialen Organismus,1861,433,False
__shared__,289ae2e7-730a-5dbb-9290-40acc4521f80,7758c53c-72bd-41f1-ae51-843eb2a0f718,book,Various Interviews and Articles,1809,451,False
__shared__,28aedf82-b74f-5539-a80d-eb4183119472,lecture:19200820a,book,Geisteswissenschaft als Erkenntnis der Grundimpulse sozialer Gestaltung,1851,444,False
__shared__,28bab76e-d2ed-5802-bcb6-cea802539be4,lecture:19200729b,book,Die Krisis der Gegenwart und der Weg zu gesundem Denken,2173,508,False
__shared__,28dd7b87-6c15-5d15-b52a-32dc4c17d967,f287d43a-5108-4e0c-baa8-5e7d3badfef7,book,Gesammelte Aufsätze zur Kultur- und Zeitgeschichte,2138,497,False
__shared__,28def857-2b6b-53a8-ba23-0c477025329e,f78a79d5-8e8f-435e-bb58-ef6577312f57,book,Lucifer-Gnosis. Grundlegende Aufsätze zur Anthroposophie und Berichte aus,1761,442,False
__shared__,28df36ee-d7a3-57a1-a50a-7447df765892,lecture:19200906,book,Soziale Ideen.,1935,445,False
__shared__,28f3fa82-7745-5c10-be5b-4f7049886826,lecture:19220408,book,Damit der Mensch ganz Mensch werde,2059,511,False
__shared__,28f52d44-bcb8-54ae-91e8-54091791a687,64e881df-0501-4815-9b0c-6cf545c383b6,book,Goethes Weltanschauung,1882,462,False
__shared__,28fb93f5-ec3c-5161-9f8d-44e722cc1337,lecture:19190423a,book,Neugestaltung des sozialen Organismus,1800,412,False
__shared__,293c25ea-d67a-5122-b6ce-c32508886a15,lecture:19200511b,book,Fachwissenschaften und Anthroposophie,1736,402,False
__shared__,2947e6cf-b0b3-568a-92f3-b1a0c2941563,lecture:19211015a,book,Anthroposophie soziale Dreigliederung und Redekunst.,1846,465,False
__shared__,296d1bf2-5a42-5e2b-aca1-8755cafc4949,d64fa532-6040-4fc2-9c43-ed4e5368bb92,book,Die Rätsel der Philosophie,2041,501,False
__shared__,29735075-8e8d-5016-81bf-50b8932fcc2d,0c20163d-b14e-4750-988b-3b58c0fa3126,book,Code Version 2 0,1875,415,False
__shared__,2999492e-4f0c-5535-95ee-a68d77bb277e,lecture:19190409,book,Die Befreiung des Menschenwesens als Grundlage für eine soziale Neugestaltung.,1870,417,False
__shared__,29a46f3b-fde4-52d5-9384-cd188b8b4c72,lecture:19190528,book,Betriebsräte und Sozialisierung,2080,466,False
__shared__,29a548a0-f68d-507e-9eaa-75ad48ac3469,f78a79d5-8e8f-435e-bb58-ef6577312f57,book,Lucifer-Gnosis. Grundlegende Aufsätze zur Anthroposophie und Berichte aus,1955,486,False
__shared__,29bbc913-06ff-55c3-8517-b16798c69eb7,3b38df84-e9bc-4e70-9032-d3fa65517cfd,book,Aufsätze über die Dreigliederung des sozialen Organismus und zur Zeitlage,1944,455,False
__shared__,29d25e5b-cdec-50ab-9cd7-4c64d18562e0,lecture:19190624,book,Betriebsräte und Sozialisierung,1759,401,False
__shared__,2a04635e-aaea-53ee-a9bc-9a024d441db4,lecture:19190905b,book,Erziehungskunst. Methodisch-Didaktisches,2093,483,False
__shared__,2a0a3312-7d76-5138-b34f-77b81d9890df,d64fa532-6040-4fc2-9c43-ed4e5368bb92,book,Die Rätsel der Philosophie,1870,470,False
__shared__,2a660a90-c429-5218-8448-4e26b2cefc2e,36371313-0400-4c90-9656-67d54052cf89,book,Julian Assange in his own words,1282,418,False
__shared__,2a7395e1-6370-553a-9ec3-7f4d729a8bcb,lecture:19190825b,book,Erziehungskunst. Methodisch-Didaktisches,1979,480,False
__shared__,2a996447-ef12-5c4c-8f1e-29be1b092cd9,f287d43a-5108-4e0c-baa8-5e7d3badfef7,book,Gesammelte Aufsätze zur Kultur- und Zeitgeschichte,2019,491,False
__shared__,2abd690d-50eb-5d74-9b60-3509d5f4d57a,4b8e4c2a-3f1b-4d2e-9c4a-8e4f4b2c3a1d,book,Die Philosophie der Freiheit,1781,459,False
__shared__,2ac149c4-3d61-5bb1-9d65-2485c2037838,f287d43a-5108-4e0c-baa8-5e7d3badfef7,book,Gesammelte Aufsätze zur Kultur- und Zeitgeschichte,2011,471,False
__shared__,2ac35f0a-7fdc-53a3-a02b-c2e0eae97a5b,f78a79d5-8e8f-435e-bb58-ef6577312f57,book,Lucifer-Gnosis. Grundlegende Aufsätze zur Anthroposophie und Berichte aus,2162,475,False
__shared__,2ac44151-b5a0-531d-a746-96778fd0c71d,lecture:19211126,book,Die Wirklichkeit der höheren Welten,1738,404,False
__shared__,2acbdd7c-45c0-5e23-87a5-ade6a9a20304,lecture:19190428,book,Neugestaltung des sozialen Organismus,1892,421,False
__shared__,2ad13b50-9092-5093-823e-b7de93aeca10,f3b36ec2-031d-4715-ad66-dfc7f43cc491,book,Cypherpunks,2121,496,False
__shared__,2add755b-56ba-5b6f-a1c5-9bd8f94fb46a,lecture:19200324b,book,Fachwissenschaften und Anthroposophie,2118,466,False
__shared__,2b467c26-1a8f-5399-82b3-0de426a8cbca,f78a79d5-8e8f-435e-bb58-ef6577312f57,book,Lucifer-Gnosis. Grundlegende Aufsätze zur Anthroposophie und Berichte aus,1995,471,False
__shared__,2b4e32e3-86ec-5920-9c12-0cb164d93fb6,lecture:19200423b,book,Entsprechungen zwischen Mikrokosmos und Makrokosmos. Der Mensch — eine Hieroglyphe des Weltenalls.,2050,494,False
__shared__,2b4ec055-fa4e-5f63-abcc-58ff3b3a9057,44217040-65bf-4150-9fa8-bac9c57cd1b1,book,Grundlinien einer Erkenntnistheorie der Goetheschen Weltanschauung,2048,502,False
__shared__,2b70e24b-176f-53aa-a22f-6f9354972649,lecture:19190428,book,Neugestaltung des sozialen Organismus,2252,478,False
__shared__,2b757de6-155f-57b7-81bc-1cc210738caf,lecture:19200913,book,Soziale Ideen.,2270,508,False
__shared__,2b826062-862a-54a0-9794-d4564a58859b,lecture:19200816,book,Soziale Ideen.,1806,408,False
__shared__,2b8cbcf5-d0c9-5666-90a6-41b2b1242531,f78a79d5-8e8f-435e-bb58-ef6577312f57,book,Lucifer-Gnosis. Grundlegende Aufsätze zur Anthroposophie und Berichte aus,1875,450,False
__shared__,2b918544-0faf-5617-90d7-505af7f55bb9,f287d43a-5108-4e0c-baa8-5e7d3badfef7,book,Gesammelte Aufsätze zur Kultur- und Zeitgeschichte,2092,483,False
__shared__,2b960c4d-7feb-5866-8913-159935ee416e,lecture:19191110,book,Die Befreiung des Menschenwesens als Grundlage für eine soziale Neugestaltung.,2038,462,False
__shared__,2ba3bdad-8bb8-5a49-a26a-c15023eebbfd,f8e6c475-a0e5-4081-b265-61a7536a183e,book,Die Kernpunkte der sozialen Frage,2125,463,False
__shared__,2ba954da-55c7-5b73-a35a-e0ea9fe2ba92,lecture:19200623b,book,Soziale Ideen.,2179,511,False
__shared__,2bb8b75a-c747-5679-bbca-a982c2144691,c2a4e407-cdf7-4802-be84-010cc485ef00,book,Methodische Grundlagen der Anthroposophie,2163,504,False
__shared__,2c0438a1-9ff5-5e00-89b0-0bd1ab4abea5,d64fa532-6040-4fc2-9c43-ed4e5368bb92,book,Die Rätsel der Philosophie,1548,451,False
__shared__,2c09f39a-d637-5646-a48d-80541468038f,f3b36ec2-031d-4715-ad66-dfc7f43cc491,book,Cypherpunks,1442,424,False
__shared__,2c1605e9-56b2-55fa-ae99-7598a40f2b9e,lecture:19200310b,book,Die Krisis der Gegenwart und der Weg zu gesundem Denken,2013,480,False
__shared__,2c2abdc3-148a-55a1-98a0-94c8873fe7ef,lecture:19190730,book,Soziale Ideen.,2052,472,False
__shared__,2c32e9bb-43ce-564d-abcd-187508410095,lecture:19220730a,book,Nationalökonomischer Kurs.,1925,430,False
__shared__,2c3b1488-f026-5b0e-91f1-7288951fdbf7,c2a4e407-cdf7-4802-be84-010cc485ef00,book,Methodische Grundlagen der Anthroposophie,1793,456,False
__shared__,2c3d89b8-0510-57fa-871e-82d726c52ce3,f78a79d5-8e8f-435e-bb58-ef6577312f57,book,Lucifer-Gnosis. Grundlegende Aufsätze zur Anthroposophie und Berichte aus,1605,409,False
__shared__,2c68aa3e-366c-5251-89d4-222ae8916054,c2a4e407-cdf7-4802-be84-010cc485ef00,book,Methodische Grundlagen der Anthroposophie,1806,443,False
__shared__,2c96b654-9b5a-5ade-95d5-c01f36da014a,lecture:19200623b,book,Soziale Ideen.,2018,475,False
__shared__,2c9a955d-01f3-53e3-93eb-608136fa697d,c2a4e407-cdf7-4802-be84-010cc485ef00,book,Methodische Grundlagen der Anthroposophie,1850,458,False
__shared__,2cc0f4bd-796f-5cda-b4bd-c5dc3db9b07f,47b137d3-f414-406f-b142-ed72c7e8989c,book,Einleitungen zu Goethes Naturwissenschaftlichen Schriften,1918,452,False
__shared__,2d28bd28-4481-5541-b4cc-38771cba210e,3b38df84-e9bc-4e70-9032-d3fa65517cfd,book,Aufsätze über die Dreigliederung des sozialen Organismus und zur Zeitlage,2262,507,False
__shared__,2d29d934-86d3-5bb0-8cce-2004c75fa0cd,lecture:19190311,book,Die Befreiung des Menschenwesens als Grundlage für eine soziale Neugestaltung.,1947,437,False
__shared__,2d2fd21f-ec93-5022-bf5b-ee1e3a1d16d3,d64fa532-6040-4fc2-9c43-ed4e5368bb92,book,Die Rätsel der Philosophie,1755,430,False
__shared__,2d4defee-4a11-5519-8e78-ae0ca50a00db,lecture:19200324b,book,Fachwissenschaften und Anthroposophie,1732,412,False
__shared__,2d4fd557-6b0e-5e51-aa34-2decc2993984,64e881df-0501-4815-9b0c-6cf545c383b6,book,Goethes Weltanschauung,1713,446,False
__shared__,2d57ee43-36e5-50e6-a104-c30d61bffcc2,c2a4e407-cdf7-4802-be84-010cc485ef00,book,Methodische Grundlagen der Anthroposophie,1965,511,False
__shared__,2d58ceb0-0eb0-5d87-afe8-efe3afa9752e,lecture:19200913,book,Soziale Ideen.,1931,427,False
__shared__,2db2a149-e0c6-5b1f-90fe-517ac76268eb,47b137d3-f414-406f-b142-ed72c7e8989c,book,Einleitungen zu Goethes Naturwissenschaftlichen Schriften,1909,447,False
__shared__,2e25e167-4575-5c6c-996f-0a1d7c08936b,f287d43a-5108-4e0c-baa8-5e7d3badfef7,book,Gesammelte Aufsätze zur Kultur- und Zeitgeschichte,1972,482,False
__shared__,2e392b40-6c69-5c0a-863f-cf8b1b2c8b34,lecture:19210406a,book,Die befruchtende Wirkung der Anthroposophie auf die Fachwissenschaften,1857,418,False
__shared__,2e4116eb-7f10-5f2a-8e27-72d305640a3e,lecture:19190402,book,Die Befreiung des Menschenwesens als Grundlage für eine soziale Neugestaltung.,2121,457,False
__shared__,2e5d685c-4cbd-5d19-b79d-02558ee0eb59,lecture:19190212,book,Die soziale Frage,2139,471,False
__shared__,2e72feef-73d1-5d3b-bc66-dad0d27b6db2,lecture:19200903,book,Geisteswissenschaft als Erkenntnis der Grundimpulse sozialer Gestaltung,1893,434,False
__shared__,2e81adb5-4659-5ca0-97c9-1fff53d00495,lecture:19191024,book,Soziale Zukunft,1952,456,False
__shared__,2ea8bebd-35f4-5983-a032-58322ee855f0,lecture:19190508,book,Betriebsräte und Sozialisierung,2230,510,False
__shared__,2ebad98f-3872-56c2-b290-19d0fef3a528,d64fa532-6040-4fc2-9c43-ed4e5368bb92,book,Die Rätsel der Philosophie,1813,451,False
__shared__,2ec66b1c-a11e-5a3b-87d3-794f7ee07abf,lecture:19190825b,book,Erziehungskunst. Methodisch-Didaktisches,2002,473,False
__shared__,2effae68-f4d4-5d29-931b-06657b3492ef,908fc041-096e-4440-8593-b3267b712bf5,book,Die Wahrheit als Gesamtumfang aller Weltansichten,1945,448,False
__shared__,2f011e8c-6fa7-588f-a079-612db6b9e4f2,lecture:19200608,book,Die Krisis der Gegenwart und der Weg zu gesundem Denken,1980,438,False
__shared__,2f160615-bfb2-5077-b5b2-4b36133934ad,lecture:19190308,book,Die soziale Frage,1859,428,False
__shared__,2f2ecd3f-d35e-514d-bed0-99b32368c02c,f8e6c475-a0e5-4081-b265-61a7536a183e,book,Die Kernpunkte der sozialen Frage,2254,490,False
__shared__,2f54132f-6b87-554a-9631-9e60e188d84d,lecture:19190530b,book,Soziale Ideen.,2045,459,False
__shared__,2f7038db-7757-5d57-b1c1-942147f89729,lecture:19190709,book,Neugestaltung des sozialen Organismus,1994,444,False
__shared__,2f9301d7-b55a-57dc-bd75-994d7923b3e9,lecture:19200903,book,Geisteswissenschaft als Erkenntnis der Grundimpulse sozialer Gestaltung,1820,405,False
__shared__,2fa3112f-9bb3-5692-8ddd-349b7db17abb,c2a4e407-cdf7-4802-be84-010cc485ef00,book,Methodische Grundlagen der Anthroposophie,2136,465,False
__shared__,2fd2175e-7ec9-5eed-9a1b-86bfcdf34fe6,f287d43a-5108-4e0c-baa8-5e7d3badfef7,book,Gesammelte Aufsätze zur Kultur- und Zeitgeschichte,2281,509,False
__shared__,2fe05a81-0986-5214-a60b-313c20425aa4,f287d43a-5108-4e0c-baa8-5e7d3badfef7,book,Gesammelte Aufsätze zur Kultur- und Zeitgeschichte,2187,504,False
__shared__,2fe5070b-765b-58e5-9e9b-0f87ba2d062b,f287d43a-5108-4e0c-baa8-5e7d3badfef7,book,Gesammelte Aufsätze zur Kultur- und Zeitgeschichte,1813,466,False
__shared__,2fe92ae8-4ab4-5806-b3ff-6b9847a5df35,f78a79d5-8e8f-435e-bb58-ef6577312f57,book,Lucifer-Gnosis. Grundlegende Aufsätze zur Anthroposophie und Berichte aus,1895,413,False
__shared__,2ff1c9c9-8f66-5ade-911f-9b9acd938309,lecture:19200107,book,Vom Einheitsstaat zum dreigliedrigen sozialen Organismus,2041,472,False
__shared__,30008a85-57ff-5ec8-9b0e-15e663090258,lecture:19210406a,book,Die befruchtende Wirkung der Anthroposophie auf die Fachwissenschaften,1821,419,False
__shared__,3008b908-b51a-5d31-a687-60b5fd60a758,lecture:19190709,book,Neugestaltung des sozialen Organismus,1755,422,False
__shared__,300e3902-95bd-59b9-bac9-7e3b812d6964,lecture:19200615,book,Die Krisis der Gegenwart und der Weg zu gesundem Denken,1684,409,False
__shared__,301f4dde-b34a-5429-9719-c781893980f1,64e881df-0501-4815-9b0c-6cf545c383b6,book,Goethes Weltanschauung,2221,501,False
__shared__,308005fc-98af-578a-9ace-652fbd29c8c0,lecture:19190624,book,Betriebsräte und Sozialisierung,1940,432,False
__shared__,30d9b151-31a1-5392-8411-d8c1dd648100,f287d43a-5108-4e0c-baa8-5e7d3badfef7,book,Gesammelte Aufsätze zur Kultur- und Zeitgeschichte,1720,425,False
__shared__,31038e8b-7764-5476-91b8-221de231c6cc,lecture:19200903,book,Geisteswissenschaft als Erkenntnis der Grundimpulse sozialer Gestaltung,1969,475,False
__shared__,310adf09-a0a5-5c79-a242-212d455d42d3,36371313-0400-4c90-9656-67d54052cf89,book,Julian Assange in his own words,1926,445,False
__shared__,310b23b7-0900-5302-bba2-c7d654f9f07b,7758c53c-72bd-41f1-ae51-843eb2a0f718,book,Various Interviews and Articles,1588,411,False
__shared__,31174451-ef9e-59c9-a1d7-6c5370b721b4,lecture:19220805c,book,Nationalökonomischer Kurs.,1877,407,False
__shared__,311dc190-7d70-546c-8a53-9893caf9709b,lecture:19190402,book,Die Befreiung des Menschenwesens als Grundlage für eine soziale Neugestaltung.,2101,466,False
__shared__,313c9ab2-ea2f-5b06-9bff-e865066f0e83,lecture:19190902b,book,Erziehungskunst. Methodisch-Didaktisches,1922,457,False
__shared__,31470b6b-9e3b-56b2-85d0-ce715730bd45,908fc041-096e-4440-8593-b3267b712bf5,book,Die Wahrheit als Gesamtumfang aller Weltansichten,1673,431,False
__shared__,316746a2-ff43-548f-9685-8f54441c6213,lecture:19190702,book,Betriebsräte und Sozialisierung,2161,486,False
__shared__,318b4901-f802-597d-b49f-008d50f1d734,908fc041-096e-4440-8593-b3267b712bf5,book,Die Wahrheit als Gesamtumfang aller Weltansichten,1836,433,False
__shared__,3191e25e-4e12-5e70-96f3-650569569855,908fc041-096e-4440-8593-b3267b712bf5,book,Die Wahrheit als Gesamtumfang aller Weltansichten,1844,460,False
__shared__,31b5add8-2235-5fe1-8a37-a6a04328aebd,lecture:19211015a,book,Anthroposophie soziale Dreigliederung und Redekunst.,1857,475,False
__shared__,31ca2a8b-3dcf-5aac-ae24-3b9da22c7a4c,908fc041-096e-4440-8593-b3267b712bf5,book,Die Wahrheit als Gesamtumfang aller Weltansichten,1872,452,False
__shared__,31dd565f-ed42-51c7-bba1-4b1d94e5ad76,lecture:19200808b,book,Geisteswissenschaft als Erkenntnis der Grundimpulse sozialer Gestaltung,1857,443,False
__shared__,31fe03d5-37e6-5e9e-aef0-b2972ebaa442,lecture:19190906a,book,Erziehungskunst. Seminarbesprechungen und Lehrplanvorträge,1990,448,False
__shared__,3204ce1f-e3e9-503b-ba61-097a19112810,47b137d3-f414-406f-b142-ed72c7e8989c,book,Einleitungen zu Goethes Naturwissenschaftlichen Schriften,1910,482,False
__shared__,32189659-6811-511a-bbf7-6f574c045669,f3b36ec2-031d-4715-ad66-dfc7f43cc491,book,Cypherpunks,1772,405,False
__shared__,322e79d0-611b-5169-9541-3d672e35ae11,lecture:19191029,book,Soziale Zukunft,2228,502,False
__shared__,32663104-7190-578c-9152-e66faa9de124,f287d43a-5108-4e0c-baa8-5e7d3badfef7,book,Gesammelte Aufsätze zur Kultur- und Zeitgeschichte,2095,507,False
__shared__,32699f3d-ccd4-525c-8639-bb5673cd3c2f,c2a4e407-cdf7-4802-be84-010cc485ef00,book,Methodische Grundlagen der Anthroposophie,1578,411,False
__shared__,32a01777-212c-5cb1-9eb5-79ae4b0e5b18,7758c53c-72bd-41f1-ae51-843eb2a0f718,book,Various Interviews and Articles,2028,451,False
__shared__,32c4cfd8-e0c8-5639-a6c6-3d4457678357,f78a79d5-8e8f-435e-bb58-ef6577312f57,book,Lucifer-Gnosis. Grundlegende Aufsätze zur Anthroposophie und Berichte aus,1855,426,False
__shared__,32c71032-a098-55b3-a299-d86399540bc9,lecture:19190516,book,Neugestaltung des sozialen Organismus,1917,412,False
__shared__,32eadac6-9c77-5358-b4bd-84bfbf0609ed,47b137d3-f414-406f-b142-ed72c7e8989c,book,Einleitungen zu Goethes Naturwissenschaftlichen Schriften,1916,465,False
__shared__,330be510-83d4-5d8a-a3e1-7cb454457557,lecture:19201004,book,Fachwissenschaften und Anthroposophie,1658,414,False
__shared__,3334cc7b-2178-5b90-a03c-e8a1620d5e0d,c2a4e407-cdf7-4802-be84-010cc485ef00,book,Methodische Grundlagen der Anthroposophie,1859,446,False
__shared__,33394cab-d91d-52c8-b990-a15a103919d8,lecture:19190616,book,Neugestaltung des sozialen Organismus,1878,426,False
__shared__,336c7592-b851-5143-9886-81858f5fd215,lecture:19191025,book,Soziale Zukunft,2002,469,False
__shared__,337e6572-1eab-5e6c-9dc4-feecc0a92dbb,c2a4e407-cdf7-4802-be84-010cc485ef00,book,Methodische Grundlagen der Anthroposophie,1974,464,False
__shared__,33bf2947-5e79-5519-8091-0b612789ea98,lecture:19201015b,book,Fachwissenschaften und Anthroposophie,1659,410,False
__shared__,33c2a53b-b2f3-53ea-bffd-07854e994874,3b38df84-e9bc-4e70-9032-d3fa65517cfd,book,Aufsätze über die Dreigliederung des sozialen Organismus und zur Zeitlage,1972,447,False
__shared__,33eaccba-5aa8-58dd-a68c-b3ff911e7c18,7758c53c-72bd-41f1-ae51-843eb2a0f718,book,Various Interviews and Articles,1898,418,False
__shared__,3420f7f5-635f-5258-9770-fd0a4e504f19,f287d43a-5108-4e0c-baa8-5e7d3badfef7,book,Gesammelte Aufsätze zur Kultur- und Zeitgeschichte,1481,411,False
__shared__,342da238-f5d4-5547-af3f-def564757353,lecture:19200617,book,Fachwissenschaften und Anthroposophie,1916,452,False
__shared__,343ba3b9-7438-534a-8900-3ef20d2a3c3a,f3b36ec2-031d-4715-ad66-dfc7f43cc491,book,Cypherpunks,1432,433,False
__shared__,34463e0c-7797-593e-a191-b802c3a3da8f,c2a4e407-cdf7-4802-be84-010cc485ef00,book,Methodische Grundlagen der Anthroposophie,1712,406,False
__shared__,3478e5ee-88d6-51cc-98b4-0586952e0ce8,36371313-0400-4c90-9656-67d54052cf89,book,Julian Assange in his own words,1871,406,False
__shared__,3479c83d-b8ab-5a6c-beec-326dab3788ac,47b137d3-f414-406f-b142-ed72c7e8989c,book,Einleitungen zu Goethes Naturwissenschaftlichen Schriften,1681,408,False
__shared__,347bc487-2128-59d0-8294-4aa153c74ef1,f78a79d5-8e8f-435e-bb58-ef6577312f57,book,Lucifer-Gnosis. Grundlegende Aufsätze zur Anthroposophie und Berichte aus,2024,476,False
__shared__,347e68a4-c775-5f63-8571-d2a026a96d97,f287d43a-5108-4e0c-baa8-5e7d3badfef7,book,Gesammelte Aufsätze zur Kultur- und Zeitgeschichte,1755,416,False
__shared__,3492345c-dd1e-532c-99d9-4ec2ba663f0b,f287d43a-5108-4e0c-baa8-5e7d3badfef7,book,Gesammelte Aufsätze zur Kultur- und Zeitgeschichte,1838,450,False
__shared__,34997c13-8acd-5029-9b39-fe0f676ed940,c2a4e407-cdf7-4802-be84-010cc485ef00,book,Methodische Grundlagen der Anthroposophie,1891,451,False
__shared__,34aec442-b5a4-53a5-8a8a-9011118c4450,d64fa532-6040-4fc2-9c43-ed4e5368bb92,book,Die Rätsel der Philosophie,1954,477,False
__shared__,34b7a9f8-2c16-5558-8bb4-e9796013627a,f287d43a-5108-4e0c-baa8-5e7d3badfef7,book,Gesammelte Aufsätze zur Kultur- und Zeitgeschichte,1711,437,False
__shared__,34b91f7c-ae63-5ec7-ad7d-f52f42409da0,lecture:19220408,book,Damit der Mensch ganz Mensch werde,1488,407,False
__shared__,34c35c61-cb5d-5587-802f-c8a29fc917da,lecture:19200830,book,Soziale Ideen.,1948,461,False
__shared__,34de8b0f-d9c9-545a-94b9-24df34782c43,3b38df84-e9bc-4e70-9032-d3fa65517cfd,book,Aufsätze über die Dreigliederung des sozialen Organismus und zur Zeitlage,2016,442,False
__shared__,35040ea2-1afe-5ff7-b3ca-2d4b6b41e9e4,lecture:19190530b,book,Soziale Ideen.,2279,506,False
__shared__,351efaeb-8285-550f-b660-78b6d56995f0,lecture:19200407b,book,Fachwissenschaften und Anthroposophie,2130,491,False
__shared__,352f1ded-916d-5483-bf17-98d354d92162,47b137d3-f414-406f-b142-ed72c7e8989c,book,Einleitungen zu Goethes Naturwissenschaftlichen Schriften,1897,486,False
__shared__,353b0ab6-c8ec-50d5-bb46-1994b28f690b,36371313-0400-4c90-9656-67d54052cf89,book,Julian Assange in his own words,1178,420,False
__shared__,3574ca9c-72c8-5d8f-9777-37a943d1fbaa,908fc041-096e-4440-8593-b3267b712bf5,book,Die Wahrheit als Gesamtumfang aller Weltansichten,1704,454,False
__shared__,3575b57a-99d8-56ca-b9ca-3941daa7ddb3,f78a79d5-8e8f-435e-bb58-ef6577312f57,book,Lucifer-Gnosis. Grundlegende Aufsätze zur Anthroposophie und Berichte aus,1943,439,False
__shared__,35853396-b8bc-50d6-8ed9-f2554517634c,lecture:19200317,book,Vom Einheitsstaat zum dreigliedrigen sozialen Organismus,2280,505,False
__shared__,3591e969-befa-5ae8-a827-cfb098ac0a11,lecture:19200728,book,Soziale Ideen.,2111,472,False
__shared__,35937641-4a02-580a-a468-c6441d7c5926,lecture:19211201,book,Die Wirklichkeit der höheren Welten,1703,415,False
__shared__,35d7f447-d575-5b9b-99da-27e970022f2e,d64fa532-6040-4fc2-9c43-ed4e5368bb92,book,Die Rätsel der Philosophie,1983,499,False
__shared__,35d9399a-2c2f-5045-8efe-c569d8fefdda,f287d43a-5108-4e0c-baa8-5e7d3badfef7,book,Gesammelte Aufsätze zur Kultur- und Zeitgeschichte,1764,411,False
__shared__,35e8edef-e020-5516-bb9a-1ae877470089,f78a79d5-8e8f-435e-bb58-ef6577312f57,book,Lucifer-Gnosis. Grundlegende Aufsätze zur Anthroposophie und Berichte aus,2074,469,False
__shared__,360ef0ef-c7d5-566f-8db8-e6bb7c35825a,f8e6c475-a0e5-4081-b265-61a7536a183e,book,Die Kernpunkte der sozialen Frage,1816,417,False
__shared__,3642ff77-b9af-5c78-9278-a572d862eaf1,f287d43a-5108-4e0c-baa8-5e7d3badfef7,book,Gesammelte Aufsätze zur Kultur- und Zeitgeschichte,1756,410,False
__shared__,3674ab05-b864-5eff-8253-014fcee852f6,f8e6c475-a0e5-4081-b265-61a7536a183e,book,Die Kernpunkte der sozialen Frage,2033,447,False
__shared__,36835adf-9def-57d5-8844-f20bd6f8eef8,d64fa532-6040-4fc2-9c43-ed4e5368bb92,book,Die Rätsel der Philosophie,1884,463,False
__shared__,36863478-d071-5b9d-88ce-b22b5378ea3f,7758c53c-72bd-41f1-ae51-843eb2a0f718,book,Various Interviews and Articles,2115,478,False
__shared__,36994fc0-b580-57d5-916e-daebd426a3e2,44217040-65bf-4150-9fa8-bac9c57cd1b1,book,Grundlinien einer Erkenntnistheorie der Goetheschen Weltanschauung,1754,406,False
__shared__,36bed5a9-edb7-5f95-93f8-b2911aaf0af0,lecture:19220728b,book,Nationalökonomischer Kurs.,1938,437,False
__shared__,36cf89b9-5d25-50c7-86d9-c578f9403585,f78a79d5-8e8f-435e-bb58-ef6577312f57,book,Lucifer-Gnosis. Grundlegende Aufsätze zur Anthroposophie und Berichte aus,1763,409,False
__shared__,36f9a607-b868-5411-9b7c-b847bcbf8d31,lecture:19200310b,book,Die Krisis der Gegenwart und der Weg zu gesundem Denken,1994,458,False
__shared__,370f9224-1535-5849-b8cb-187d11ca0ec2,lecture:19190822b,book,Erziehungskunst. Methodisch-Didaktisches,2117,481,False
__shared__,372476c9-cc3f-5393-9036-d775bd58b296,47b137d3-f414-406f-b142-ed72c7e8989c,book,Einleitungen zu Goethes Naturwissenschaftlichen Schriften,1851,474,False
__shared__,37391a95-38ef-57a6-b021-cbf8a5864818,lecture:19220806a,book,Nationalökonomischer Kurs.,2178,461,False
__shared__,37711cd5-6615-5046-a2aa-82fdc68230d4,f78a79d5-8e8f-435e-bb58-ef6577312f57,book,Lucifer-Gnosis. Grundlegende Aufsätze zur Anthroposophie und Berichte aus,1929,437,False
__shared__,377bfe93-e2dc-5b40-950f-e111b7f3ef6d,lecture:19211015a,book,Anthroposophie soziale Dreigliederung und Redekunst.,2028,467,False
__shared__,37afad8d-5f62-5e10-ad68-10ee6e3b1e3e,47b137d3-f414-406f-b142-ed72c7e8989c,book,Einleitungen zu Goethes Naturwissenschaftlichen Schriften,1791,469,False
__shared__,37c3d3af-62ac-5f9b-bcf9-7ea87371b9be,f78a79d5-8e8f-435e-bb58-ef6577312f57,book,Lucifer-Gnosis. Grundlegende Aufsätze zur Anthroposophie und Berichte aus,2028,476,False
__shared__,37f14970-2fed-5788-9cd4-f0bfa99e19ac,lecture:19210403a,book,Die befruchtende Wirkung der Anthroposophie auf die Fachwissenschaften,1808,461,False
__shared__,380c556a-14dc-5f4d-ab4a-e7a73385d2f1,c2a4e407-cdf7-4802-be84-010cc485ef00,book,Methodische Grundlagen der Anthroposophie,1954,459,False
__shared__,381374af-f420-58ad-a321-1b0958e6b5e9,lecture:19220802c,book,Nationalökonomischer Kurs.,1924,439,False
__shared__,383180d4-521f-5cf6-a2df-d50602d955a7,lecture:19200318,book,Vom Einheitsstaat zum dreigliedrigen sozialen Organismus,1901,425,False
__shared__,383fd72f-2a4e-5d41-98e4-8e1122de71af,7758c53c-72bd-41f1-ae51-843eb2a0f718,book,Various Interviews and Articles,2166,464,False
__shared__,384b311d-7cb0-5519-bbd8-2ae8c06aba9c,lecture:19190317,book,Die Befreiung des Menschenwesens als Grundlage für eine soziale Neugestaltung.,2060,483,False
__shared__,38731f83-efab-553b-bcea-30e4debfa809,47b137d3-f414-406f-b142-ed72c7e8989c,book,Einleitungen zu Goethes Naturwissenschaftlichen Schriften,1934,505,False
__shared__,3882edc6-6e26-59b6-8dae-3995c859d989,f78a79d5-8e8f-435e-bb58-ef6577312f57,book,Lucifer-Gnosis. Grundlegende Aufsätze zur Anthroposophie und Berichte aus,2043,445,False
__shared__,38972b95-f08e-583f-af60-3bafc6b6a87e,lecture:19200407b,book,Fachwissenschaften und Anthroposophie,2079,474,False
__shared__,38d24cc4-256c-5cbc-afc2-b938af19f8b7,lecture:19190730,book,Soziale Ideen.,2191,490,False
__shared__,38e0e486-952f-5bec-bd4a-53788128400a,lecture:19190503,book,Neugestaltung des sozialen Organismus,2041,459,False
__shared__,3912f405-1d66-5d09-98fd-8b3c01bce9b8,f78a79d5-8e8f-435e-bb58-ef6577312f57,book,Lucifer-Gnosis. Grundlegende Aufsätze zur Anthroposophie und Berichte aus,1611,407,False
__shared__,391918cd-5495-513b-b484-91db05b90b28,lecture:19201006c,book,Fachwissenschaften und Anthroposophie,2063,497,False
__shared__,391deb15-83df-52fa-94ee-e227392f76c3,lecture:19220410,book,Damit der Mensch ganz Mensch werde,1751,403,False
__shared__,3920e715-8dfb-597e-91b9-1ccc7a211c05,908fc041-096e-4440-8593-b3267b712bf5,book,Die Wahrheit als Gesamtumfang aller Weltansichten,1375,401,False
__shared__,39401c4f-a9af-5649-a1f0-31d09324f520,908fc041-096e-4440-8593-b3267b712bf5,book,Die Wahrheit als Gesamtumfang aller Weltansichten,1785,406,False
__shared__,396223d9-572d-5586-a876-fffb6d7c6193,lecture:19211201,book,Die Wirklichkeit der höheren Welten,1671,402,False
__shared__,39bf16c2-5204-5dd7-89b5-bb6fb39a493f,123ef8cb-a442-4bbc-9570-e8681dd67f9f,book,Rebel Code,1659,412,False
__shared__,39c343a9-6182-5a69-8081-0755dcabb7cf,c2a4e407-cdf7-4802-be84-010cc485ef00,book,Methodische Grundlagen der Anthroposophie,1975,484,False
__shared__,39c6f3d6-796c-5995-88f2-a78f4a77ade0,d64fa532-6040-4fc2-9c43-ed4e5368bb92,book,Die Rätsel der Philosophie,1984,476,False
__shared__,39dc596f-2df8-5e2d-9ef5-d950f067c08f,lecture:19190904a,book,Allgemeine Menschenkunde als Grundlage der Pädagogik,2093,509,False
__shared__,39de58cd-741b-5a6c-b590-66ccbcf60e40,lecture:19190709,book,Neugestaltung des sozialen Organismus,2040,476,False
__shared__,39f345a3-79e6-58d0-b4b2-a1b305be2224,d64fa532-6040-4fc2-9c43-ed4e5368bb92,book,Die Rätsel der Philosophie,1761,426,False
__shared__,3a18da12-5b8e-5073-849d-365fe15bbfef,f3b36ec2-031d-4715-ad66-dfc7f43cc491,book,Cypherpunks,2127,479,False
__shared__,3a2d17f8-7aa5-51ae-bc6f-b95421583416,lecture:19200505b,book,Vom Einheitsstaat zum dreigliedrigen sozialen Organismus,1745,424,False
__shared__,3a3e8293-f425-5e74-8f30-465094a69bfc,lecture:19200610b,book,Die Krisis der Gegenwart und der Weg zu gesundem Denken,1906,452,False
__shared__,3a474a02-1d36-548e-b41a-5a94f3b73fab,3b38df84-e9bc-4e70-9032-d3fa65517cfd,book,Aufsätze über die Dreigliederung des sozialen Organismus und zur Zeitlage,2091,452,False
__shared__,3a720f7c-443b-5f7a-b257-3ff3d37c3a09,f78a79d5-8e8f-435e-bb58-ef6577312f57,book,Lucifer-Gnosis. Grundlegende Aufsätze zur Anthroposophie und Berichte aus,2059,484,False
__shared__,3a78f5e5-b836-568c-85cf-0141d008421e,lecture:19200829b,book,Geisteswissenschaft als Erkenntnis der Grundimpulse sozialer Gestaltung,1687,403,False
__shared__,3a8b81da-ed49-5f2c-b3c3-83e94f8e3959,c2a4e407-cdf7-4802-be84-010cc485ef00,book,Methodische Grundlagen der Anthroposophie,1838,435,False
__shared__,3a8d6e97-d86f-5171-8a37-2332d78039a3,4b8e4c2a-3f1b-4d2e-9c4a-8e4f4b2c3a1d,book,Die Philosophie der Freiheit,2021,501,False
__shared__,3ab886d5-1a36-50d0-a955-f8f71acec2c9,lecture:19200807,book,Geisteswissenschaft als Erkenntnis der Grundimpulse sozialer Gestaltung,1996,454,False
__shared__,3ad19319-5cdc-58c6-b19e-f9ea95c502dd,lecture:19190903b,book,Erziehungskunst. Methodisch-Didaktisches,2304,510,False
__shared__,3ade8229-d5f1-5e9e-8f09-68caa39aee82,lecture:19220412a,book,Damit der Mensch ganz Mensch werde,1862,406,False
__shared__,3ae291d1-2a16-53df-9c24-35cca0ec4ef6,lecture:19190525,book,Soziale Ideen.,2195,476,False
__shared__,3b1a615e-8eb5-5d15-a428-bed8a9bd550a,f78a79d5-8e8f-435e-bb58-ef6577312f57,book,Lucifer-Gnosis. Grundlegende Aufsätze zur Anthroposophie und Berichte aus,1790,409,False
__shared__,3b397caa-29aa-5811-97d2-a17292d5b1f9,e58f6369-f7a7-4213-845f-c5b9bf82ffe5,book,Wahrheit und Wissenschaft,1740,414,False
__shared__,3b6c8f9a-48cf-54f5-b70e-e694a3e24aa2,lecture:19211130,book,Die Wirklichkeit der höheren Welten,2031,447,False
__shared__,3b7b54e3-8ba6-5266-b51d-e9d5537a344e,0c20163d-b14e-4750-988b-3b58c0fa3126,book,Code Version 2 0,1956,475,False
__shared__,3bd1de16-0851-582f-a362-5273e080e2ac,lecture:19191014,book,Die Befreiung des Menschenwesens als Grundlage für eine soziale Neugestaltung.,1912,409,False
__shared__,3be14837-8eab-581c-b93a-1dec1cd7c203,c2a4e407-cdf7-4802-be84-010cc485ef00,book,Methodische Grundlagen der Anthroposophie,2008,460,False
__shared__,3be25ac6-2fc1-5b69-96bf-f0e0a1160b02,lecture:19190902a,book,Allgemeine Menschenkunde als Grundlage der Pädagogik,1857,423,False
__shared__,3c02dcb4-6e3d-5c06-8370-32b22c176f68,lecture:19211125,book,Die Wirklichkeit der höheren Welten,2059,487,False
__shared__,3c03c0f5-9622-5973-a870-130b3b636d5d,lecture:19190605,book,Betriebsräte und Sozialisierung,1878,415,False
__shared__,3c0686f1-7092-50ed-897c-b06c51da4381,c2a4e407-cdf7-4802-be84-010cc485ef00,book,Methodische Grundlagen der Anthroposophie,1702,444,False
__shared__,3c1f159e-8f4b-503f-b867-e6c3aeb2d4bb,f78a79d5-8e8f-435e-bb58-ef6577312f57,book,Lucifer-Gnosis. Grundlegende Aufsätze zur Anthroposophie und Berichte aus,1943,489,False
__shared__,3c341ae4-52e6-51c2-aeb7-590c17e7fe6e,f287d43a-5108-4e0c-baa8-5e7d3badfef7,book,Gesammelte Aufsätze zur Kultur- und Zeitgeschichte,1777,412,False
__shared__,3c4ddf92-2ff4-5a02-b3f4-a41db95cd911,c2a4e407-cdf7-4802-be84-010cc485ef00,book,Methodische Grundlagen der Anthroposophie,1872,426,False
__shared__,3c58264a-4f2c-5659-847e-9028895e4da8,f78a79d5-8e8f-435e-bb58-ef6577312f57,book,Lucifer-Gnosis. Grundlegende Aufsätze zur Anthroposophie und Berichte aus,2075,479,False
__shared__,3c6e8d5d-9f4b-545d-96e7-0147c6bc7524,908fc041-096e-4440-8593-b3267b712bf5,book,Die Wahrheit als Gesamtumfang aller Weltansichten,1570,409,False
__shared__,3c76d212-995f-52ff-be0f-7fc7d77bb4bf,908fc041-096e-4440-8593-b3267b712bf5,book,Die Wahrheit als Gesamtumfang aller Weltansichten,1889,403,False
__shared__,3c7fd769-9110-5455-ace0-77b44a01eb5d,c2a4e407-cdf7-4802-be84-010cc485ef00,book,Methodische Grundlagen der Anthroposophie,2022,470,False
__shared__,3c82278a-981d-55b6-88da-fcaa5958c8af,123ef8cb-a442-4bbc-9570-e8681dd67f9f,book,Rebel Code,1706,406,False
__shared__,3c93118d-d377-5ac3-9706-d15e8eb589c6,f78a79d5-8e8f-435e-bb58-ef6577312f57,book,Lucifer-Gnosis. Grundlegende Aufsätze zur Anthroposophie und Berichte aus,2048,473,False
__shared__,3cbf8796-7e8e-57e4-bbf5-1cdfaeb31217,lecture:19191024,book,Soziale Zukunft,2104,474,False
__shared__,3ccd7609-ad15-575e-8f88-adb2656f5891,f78a79d5-8e8f-435e-bb58-ef6577312f57,book,Lucifer-Gnosis. Grundlegende Aufsätze zur Anthroposophie und Berichte aus,1795,430,False
__shared__,3cd11291-f48a-5e27-9daf-c293c1031761,f8e6c475-a0e5-4081-b265-61a7536a183e,book,Die Kernpunkte der sozialen Frage,1781,430,False
__shared__,3ce49964-882c-5d86-b584-5d3ef15c98d3,7758c53c-72bd-41f1-ae51-843eb2a0f718,book,Various Interviews and Articles,2017,412,False
__shared__,3cf88373-98fa-5eea-9ac6-5dd86ece21b8,lecture:19200617,book,Fachwissenschaften und Anthroposophie,2054,470,False
__shared__,3cfeeb1c-f613-50e8-8720-d4cb7a18faee,c2a4e407-cdf7-4802-be84-010cc485ef00,book,Methodische Grundlagen der Anthroposophie,1766,440,False
__shared__,3cff4fd7-b598-5027-999a-d5756b80a25d,lecture:19200313b,book,Fachwissenschaften und Anthroposophie,2104,497,False
__shared__,3d047f5c-c12a-5224-9ed4-1324e2284328,f78a79d5-8e8f-435e-bb58-ef6577312f57,book,Lucifer-Gnosis. Grundlegende Aufsätze zur Anthroposophie und Berichte aus,2053,511,False
__shared__,3d0a98c7-cf1f-5330-a17f-b9030fd48c1e,lecture:19211128,book,Die Wirklichkeit der höheren Welten,2088,469,False
__shared__,3d14bd86-4b5a-51ec-bfb2-57fe95d8b97e,lecture:19201007b,book,Soziale Ideen.,2118,470,False
__shared__,3d211ea0-2e2f-5f1d-bc88-634fed5b6955,f78a79d5-8e8f-435e-bb58-ef6577312f57,book,Lucifer-Gnosis. Grundlegende Aufsätze zur Anthroposophie und Berichte aus,1802,444,False
__shared__,3d62bb40-8dee-52ea-8ee3-209070ab85db,3b38df84-e9bc-4e70-9032-d3fa65517cfd,book,Aufsätze über die Dreigliederung des sozialen Organismus und zur Zeitlage,1802,440,False
__shared__,3d7c9f8e-d4f8-574e-ac46-c7791743d012,908fc041-096e-4440-8593-b3267b712bf5,book,Die Wahrheit als Gesamtumfang aller Weltansichten,1608,413,False
__shared__,3d8c9a89-9d71-5c69-bff2-f7ce35f2bc15,4b8e4c2a-3f1b-4d2e-9c4a-8e4f4b2c3a1d,book,Die Philosophie der Freiheit,1753,427,False
__shared__,3da46cca-bb5b-5eb4-b0e5-9428247e037c,lecture:19200312b,book,Die Krisis der Gegenwart und der Weg zu gesundem Denken,2186,509,False
__shared__,3db73294-c324-5da4-add6-dd15f74d8af9,lecture:19211129a,book,Die Wirklichkeit der höheren Welten,1962,461,False
__shared__,3dc3c9b5-ea35-5aae-9de9-714009c6da81,lecture:19191024,book,Soziale Zukunft,2026,447,False
__shared__,3deac85c-2c00-53a5-aada-3b5de995b674,f78a79d5-8e8f-435e-bb58-ef6577312f57,book,Lucifer-Gnosis. Grundlegende Aufsätze zur Anthroposophie und Berichte aus,2033,445,False
__shared__,3e61cd72-c4ab-5e89-8156-b2f7a1bd31bc,908fc041-096e-4440-8593-b3267b712bf5,book,Die Wahrheit als Gesamtumfang aller Weltansichten,1775,472,False
__shared__,3e66562e-1fd3-578e-aeef-ef1c0b1a9c35,lecture:19190513,book,Neugestaltung des sozialen Organismus,2250,489,False
__shared__,3e8c79b3-1e18-53a4-90a4-5e82c4183955,lecture:19190530b,book,Soziale Ideen.,2163,457,False
__shared__,3ee2181a-a379-516c-91df-447ee781d492,c2a4e407-cdf7-4802-be84-010cc485ef00,book,Methodische Grundlagen der Anthroposophie,1910,417,False
__shared__,3f12db84-2ed3-5f1a-a925-6a799ff66efb,lecture:19200815b,book,Geisteswissenschaft als Erkenntnis der Grundimpulse sozialer Gestaltung,2005,462,False
__shared__,3f2b3048-4136-51a0-932e-934d790ea878,36371313-0400-4c90-9656-67d54052cf89,book,Julian Assange in his own words,2018,510,False
__shared__,3f4613f5-5651-52db-b22c-f624554b9826,lecture:19190205,book,Die soziale Frage,2187,464,False
__shared__,3f4cbde2-ffbd-5789-b617-91bc4ac3a355,lecture:19220412a,book,Damit der Mensch ganz Mensch werde,1722,422,False
__shared__,3f563f15-1a6f-5a90-bbbc-941979ba4361,lecture:19211013,book,Anthroposophie soziale Dreigliederung und Redekunst.,2058,461,False
__shared__,3f5fd312-7d4a-51c3-aef1-5838b02bf649,f8e6c475-a0e5-4081-b265-61a7536a183e,book,Die Kernpunkte der sozialen Frage,2040,459,False
__shared__,3f861277-de40-5a57-bdf7-22ef2724dc4f,4b8e4c2a-3f1b-4d2e-9c4a-8e4f4b2c3a1d,book,Die Philosophie der Freiheit,1695,419,False
__shared__,3fc5dd26-0ca2-54ac-abbc-bf1501966e42,lecture:19190619,book,Neugestaltung des sozialen Organismus,1864,425,False
__shared__,4016adfd-3e01-5556-afc0-1b831f7221a8,c2a4e407-cdf7-4802-be84-010cc485ef00,book,Methodische Grundlagen der Anthroposophie,2109,493,False
__shared__,40380e70-b6e4-5b32-8e9e-b199f38ced83,lecture:19200303b,book,Soziale Ideen.,2182,492,False
__shared__,404512f4-12af-5190-86cc-fbdab4c330e3,f287d43a-5108-4e0c-baa8-5e7d3badfef7,book,Gesammelte Aufsätze zur Kultur- und Zeitgeschichte,1916,460,False
__shared__,4058e7d0-f2eb-56ec-b47f-fe40be8137b2,lecture:19190906a,book,Erziehungskunst. Seminarbesprechungen und Lehrplanvorträge,1908,432,False
__shared__,4062c9b6-5dcf-5e9b-a03b-970b59245cd9,908fc041-096e-4440-8593-b3267b712bf5,book,Die Wahrheit als Gesamtumfang aller Weltansichten,1726,457,False
__shared__,4065ca05-7485-5b1e-afe7-e1c6dba036cb,lecture:19190618,book,Neugestaltung des sozialen Organismus,1863,421,False
__shared__,40940d86-05f4-52b0-9e9b-c8d96637cbe7,lecture:19200809,book,Soziale Ideen.,1940,425,False
__shared__,40955eaa-f46b-52c4-91f1-472dca2ad93d,lecture:19190616,book,Neugestaltung des sozialen Organismus,1973,436,False
__shared__,409b9d04-874f-5efd-8be7-33cfa5cc2e90,d64fa532-6040-4fc2-9c43-ed4e5368bb92,book,Die Rätsel der Philosophie,1977,454,False
__shared__,40a3908d-b725-5640-8d51-d1cefd81af4a,lecture:19220408,book,Damit der Mensch ganz Mensch werde,1684,416,False
__shared__,40cd28b6-6eb8-58b4-892b-55658bb5811d,lecture:19220804c,book,Nationalökonomisches Seminar.,2172,498,False
__shared__,40cfb23a-49b0-51c0-8ace-05518a4defee,f287d43a-5108-4e0c-baa8-5e7d3badfef7,book,Gesammelte Aufsätze zur Kultur- und Zeitgeschichte,1924,432,False
__shared__,40d60df6-873d-533e-9556-d13cc4c5ab28,lecture:19211012,book,Anthroposophie soziale Dreigliederung und Redekunst.,2201,498,False
__shared__,40deab1b-8cf7-5f25-acfa-6eac470152c7,lecture:19190614,book,Betriebsräte und Sozialisierung,1712,403,False
__shared__,40ed1e9f-9820-5975-84db-1298bdd6d203,lecture:19211011,book,Anthroposophie soziale Dreigliederung und Redekunst.,1773,423,False
__shared__,40fd4915-d425-53fb-9331-0d4e86a66ff1,lecture:19200827,book,Geisteswissenschaft als Erkenntnis der Grundimpulse sozialer Gestaltung,2039,507,False
__shared__,413ecdbd-36e5-5252-baa4-4d3e3a648408,lecture:19210114b,book,Fachwissenschaften und Anthroposophie,1941,425,False
__shared__,4141c9a2-bd59-54ea-b2e7-a749daa8fa86,c2a4e407-cdf7-4802-be84-010cc485ef00,book,Methodische Grundlagen der Anthroposophie,1522,409,False
__shared__,415a6108-d0e4-5025-9cd2-a2d845625f2d,f3b36ec2-031d-4715-ad66-dfc7f43cc491,book,Cypherpunks,1494,436,False
__shared__,41cae613-a9ac-5a41-ae13-92f62c15f725,3b38df84-e9bc-4e70-9032-d3fa65517cfd,book,Aufsätze über die Dreigliederung des sozialen Organismus und zur Zeitlage,1714,430,False
__shared__,41edd188-1426-521f-9af4-41cab4dd5c26,f8e6c475-a0e5-4081-b265-61a7536a183e,book,Die Kernpunkte der sozialen Frage,2125,492,False
__shared__,421da06f-74df-5862-a376-bc00db9a4341,f3b36ec2-031d-4715-ad66-dfc7f43cc491,book,Cypherpunks,1763,404,False
__shared__,42365b78-ace1-5cc2-a23e-d2000db4c8ab,lecture:19220407,book,Damit der Mensch ganz Mensch werde,1912,429,False
__shared__,42664393-b997-5d40-93e3-4ffdf30982bb,64e881df-0501-4815-9b0c-6cf545c383b6,book,Goethes Weltanschauung,1768,442,False
__shared__,429cc3e2-508d-5c59-a760-7a028883540c,lecture:19200417b,book,Entsprechungen zwischen Mikrokosmos und Makrokosmos. Der Mensch — eine Hieroglyphe des Weltenalls.,2012,452,False
__shared__,42aa898f-da13-5227-b071-be34da43b027,c2a4e407-cdf7-4802-be84-010cc485ef00,book,Methodische Grundlagen der Anthroposophie,2008,445,False
__shared__,42abacb8-41a3-54e9-a6ee-9c7885e18c0e,lecture:19200410b,book,Entsprechungen zwischen Mikrokosmos und Makrokosmos. Der Mensch — eine Hieroglyphe des Weltenalls.,1892,426,False
__shared__,42c0db79-592a-5349-b43d-d711d00e0267,lecture:19200728,book,Soziale Ideen.,2043,478,False
__shared__,42dbc190-a447-5373-8200-e9ffbeb265ff,lecture:19200609b,book,Soziale Ideen.,1826,429,False
__shared__,42e4a942-9853-5911-a5fd-4f787fec1ea8,lecture:19200830,book,Soziale Ideen.,2212,491,False
__shared__,42f4dc45-7190-5f15-8766-e6eff66cbe32,lecture:19201011,book,Soziale Ideen.,2133,461,False
__shared__,42facaf5-5a34-5bbc-8b4d-400a5e33a22a,7758c53c-72bd-41f1-ae51-843eb2a0f718,book,Various Interviews and Articles,1702,401,False
__shared__,430213a3-1e7b-5fd3-b94e-5c8b30c0f927,lecture:19200903,book,Geisteswissenschaft als Erkenntnis der Grundimpulse sozialer Gestaltung,1886,461,False
__shared__,43157a30-f900-56b3-b39b-256074b9b60c,lecture:19200409b,book,Entsprechungen zwischen Mikrokosmos und Makrokosmos. Der Mensch — eine Hieroglyphe des Weltenalls.,2010,466,False
__shared__,432ed2db-6e90-53d1-81f5-eeafcfe5f4e4,f78a79d5-8e8f-435e-bb58-ef6577312f57,book,Lucifer-Gnosis. Grundlegende Aufsätze zur Anthroposophie und Berichte aus,1798,407,False
__shared__,432ef1a7-6721-5ae8-a24d-1af246285c6b,36371313-0400-4c90-9656-67d54052cf89,book,Julian Assange in his own words,1674,410,False
__shared__,435f33f3-e070-527f-9c14-66547b30bd07,d64fa532-6040-4fc2-9c43-ed4e5368bb92,book,Die Rätsel der Philosophie,2030,447,False
__shared__,436ad369-86ff-58c2-a505-9131143b6829,lecture:19191106,book,Die Befreiung des Menschenwesens als Grundlage für eine soziale Neugestaltung.,1972,457,False
__shared__,437e761c-0d39-5beb-ba8d-60053350a85b,lecture:19190616,book,Neugestaltung des sozialen Organismus,1737,403,False
__shared__,43bcb3da-b91a-5870-9989-1521ddaf9ac7,c2a4e407-cdf7-4802-be84-010cc485ef00,book,Methodische Grundlagen der Anthroposophie,1902,457,False
__shared__,43c4d56b-c9c8-5a00-8e2a-3e57aaf5fac2,f8e6c475-a0e5-4081-b265-61a7536a183e,book,Die Kernpunkte der sozialen Frage,2082,455,False
__shared__,43ca1b46-4132-5121-a620-0138dd4386cf,lecture:19190423a,book,Neugestaltung des sozialen Organismus,2035,449,False
__shared__,43cb514f-0525-5613-867d-c2b8c6228643,lecture:19190830c,book,Erziehungskunst. Seminarbesprechungen und Lehrplanvorträge,1837,423,False
__shared__,43d4043b-4c69-5bf8-aca8-c1f2c655fd41,f287d43a-5108-4e0c-baa8-5e7d3badfef7,book,Gesammelte Aufsätze zur Kultur- und Zeitgeschichte,1439,413,False
__shared__,43d7a3e5-0608-528a-9bc2-ad9309366efb,64e881df-0501-4815-9b0c-6cf545c383b6,book,Goethes Weltanschauung,1641,422,False
__shared__,43f0d061-de58-5cf9-9c8b-8c9a1f0ae49c,908fc041-096e-4440-8593-b3267b712bf5,book,Die Wahrheit als Gesamtumfang aller Weltansichten,1900,456,False
__shared__,440246b2-e28d-5f99-83bf-3a15d7a85ad2,lecture:19201007b,book,Soziale Ideen.,2299,510,False
__shared__,440e8373-e0b9-524c-84a9-da574ce2a03f,lecture:19190311,book,Die Befreiung des Menschenwesens als Grundlage für eine soziale Neugestaltung.,1883,424,False
__shared__,445cfa4d-6846-52ad-af73-207ec86715d0,lecture:19190827b,book,Erziehungskunst. Methodisch-Didaktisches,2154,491,False
__shared__,445e0bfe-6f5a-52f7-a384-b756d2cf79f8,f78a79d5-8e8f-435e-bb58-ef6577312f57,book,Lucifer-Gnosis. Grundlegende Aufsätze zur Anthroposophie und Berichte aus,1758,408,False
__shared__,4476d464-d15b-517f-b332-c4bc49e51f7a,lecture:19200324b,book,Fachwissenschaften und Anthroposophie,1976,446,False
__shared__,4484b978-e059-5f3f-b7d5-94647272651e,lecture:19190225,book,Die soziale Frage,2224,490,False
__shared__,448d3e6a-ff8f-5d89-a795-0100bb3d6348,lecture:19190425,book,Neugestaltung des sozialen Organismus,2240,499,False
__shared__,44c470ea-dae1-5a03-a0a6-a5b88c61a12c,f78a79d5-8e8f-435e-bb58-ef6577312f57,book,Lucifer-Gnosis. Grundlegende Aufsätze zur Anthroposophie und Berichte aus,1958,466,False
__shared__,44c86e29-05ba-59d7-9b63-36094b974f3c,lecture:19190902b,book,Erziehungskunst. Methodisch-Didaktisches,1930,501,False
__shared__,44ecb041-5029-5226-bd8a-2e7b0745b7ac,f8e6c475-a0e5-4081-b265-61a7536a183e,book,Die Kernpunkte der sozialen Frage,1853,411,False
__shared__,45129803-4d3d-5fca-bda9-22e03d2d18e0,f78a79d5-8e8f-435e-bb58-ef6577312f57,book,Lucifer-Gnosis. Grundlegende Aufsätze zur Anthroposophie und Berichte aus,1654,445,False
__shared__,45213498-9f3c-598d-a68d-2b77e9b3a2df,c2a4e407-cdf7-4802-be84-010cc485ef00,book,Methodische Grundlagen der Anthroposophie,1577,401,False
__shared__,4529871c-9332-549b-a620-d9e4e7aae320,3b38df84-e9bc-4e70-9032-d3fa65517cfd,book,Aufsätze über die Dreigliederung des sozialen Organismus und zur Zeitlage,1984,476,False
__shared__,457e7965-4ea6-57b8-99ab-0694e44583b4,lecture:19210407a,book,Die befruchtende Wirkung der Anthroposophie auf die Fachwissenschaften,1797,419,False
__shared__,458b143f-205c-559a-80c2-076d83ae19eb,lecture:19140120b,book,Der menschliche und der kosmische Gedanke,2122,482,False
__shared__,45f89913-3b4a-54ac-a161-164a056b58b6,lecture:19220409,book,Damit der Mensch ganz Mensch werde,1951,469,False
__shared__,46048075-1854-57f5-8fa4-7130cd89bc91,lecture:19200424b,book,Entsprechungen zwischen Mikrokosmos und Makrokosmos. Der Mensch — eine Hieroglyphe des Weltenalls.,2087,478,False
__shared__,46164b40-b01e-5a8d-a4b1-8b3d28612ba9,lecture:19190902c,book,Erziehungskunst. Seminarbesprechungen und Lehrplanvorträge,1830,437,False
__shared__,461c30ef-0336-5dee-8b79-45fbeca3b255,f287d43a-5108-4e0c-baa8-5e7d3badfef7,book,Gesammelte Aufsätze zur Kultur- und Zeitgeschichte,1943,466,False
__shared__,462e603c-53f2-58a8-9263-73f0d6fe0e15,lecture:19190821b,book,Erziehungskunst. Methodisch-Didaktisches,1719,408,False
__shared__,465ddf8f-d73c-52d0-b993-0003ccf6ea6c,lecture:19210114b,book,Fachwissenschaften und Anthroposophie,2173,474,False
__shared__,46845809-409f-5170-b43a-0b1056d2870b,lecture:19190730,book,Soziale Ideen.,2173,512,False
__shared__,46a0ea87-197b-512f-8946-28d9e1b654ad,7758c53c-72bd-41f1-ae51-843eb2a0f718,book,Various Interviews and Articles,2071,459,False
__shared__,46d2aa93-7151-55a0-9c89-c35611b9d8ab,f78a79d5-8e8f-435e-bb58-ef6577312f57,book,Lucifer-Gnosis. Grundlegende Aufsätze zur Anthroposophie und Berichte aus,1829,451,False
__shared__,46d54326-6a94-5b8c-a62a-6adcd1aa8a11,lecture:19191026,book,Soziale Zukunft,1927,413,False
__shared__,46edc6cc-9e36-54e7-9116-04c94eab55b4,f287d43a-5108-4e0c-baa8-5e7d3badfef7,book,Gesammelte Aufsätze zur Kultur- und Zeitgeschichte,1953,453,False
__shared__,46febfb0-0b3c-525a-82e0-0edbc5ea30b5,lecture:19190717,book,Betriebsräte und Sozialisierung,2122,487,False
__shared__,470f0585-ee88-5421-8155-a94fb4f03277,c2a4e407-cdf7-4802-be84-010cc485ef00,book,Methodische Grundlagen der Anthroposophie,2070,479,False
__shared__,472c4b4f-ca7a-54cb-ac97-57c16788cbbf,47b137d3-f414-406f-b142-ed72c7e8989c,book,Einleitungen zu Goethes Naturwissenschaftlichen Schriften,1580,414,False
__shared__,473a99e6-0721-5276-9832-0cc02aa2f5ab,lecture:19190528,book,Betriebsräte und Sozialisierung,2017,434,False
__shared__,4740f0ca-d717-5b13-9b87-df14c511a55d,lecture:19200303b,book,Soziale Ideen.,1929,405,False
__shared__,474470e0-fb9a-5b93-a0d2-9b3efc3ae202,lecture:19190825b,book,Erziehungskunst. Methodisch-Didaktisches,2218,503,False
__shared__,4746fab7-f61d-5404-95bd-a311cbd5e176,47b137d3-f414-406f-b142-ed72c7e8989c,book,Einleitungen zu Goethes Naturwissenschaftlichen Schriften,1782,451,False
__shared__,4769e2cc-0ef5-5ac4-bdfb-c92bc4c32ded,f287d43a-5108-4e0c-baa8-5e7d3badfef7,book,Gesammelte Aufsätze zur Kultur- und Zeitgeschichte,1817,476,False
__shared__,479009f1-90e3-5f48-8173-4306f1f70bf7,lecture:19210403a,book,Die befruchtende Wirkung der Anthroposophie auf die Fachwissenschaften,1986,461,False
__shared__,47980ef9-bce2-5bac-9d1b-6e67530e1688,d64fa532-6040-4fc2-9c43-ed4e5368bb92,book,Die Rätsel der Philosophie,1864,462,False
__shared__,47a321a7-6c57-508b-a92d-dc038195d1a1,lecture:19191028,book,Soziale Zukunft,1932,447,False
__shared__,47cfd705-ee23-5a46-9812-b3cf48ab0acc,f287d43a-5108-4e0c-baa8-5e7d3badfef7,book,Gesammelte Aufsätze zur Kultur- und Zeitgeschichte,2138,507,False
__shared__,47edf079-e292-5237-98c2-65d472d41976,f287d43a-5108-4e0c-baa8-5e7d3badfef7,book,Gesammelte Aufsätze zur Kultur- und Zeitgeschichte,1906,476,False
__shared__,47fa53d7-0bc2-5fa1-ae07-0c8a09c91e19,lecture:19191025,book,Soziale Zukunft,2007,481,False
__shared__,4804ea20-55ad-569d-b964-2554823cf5d9,d64fa532-6040-4fc2-9c43-ed4e5368bb92,book,Die Rätsel der Philosophie,1812,468,False
__shared__,481c78d5-301d-5ad7-be71-553639ac5fa8,lecture:19201005,book,Soziale Ideen.,2047,466,False
__shared__,481f2d7d-ad1e-54df-a51a-c68b515eee35,f287d43a-5108-4e0c-baa8-5e7d3badfef7,book,Gesammelte Aufsätze zur Kultur- und Zeitgeschichte,1731,423,False
__shared__,482f6c4a-cee7-5f69-a96a-664a6f8ad822,lecture:19200920,book,Die Krisis der Gegenwart und der Weg zu gesundem Denken,1695,422,False
__shared__,487405d3-6dba-5812-8b8a-53a258b4de4f,lecture:19191020,book,Die Befreiung des Menschenwesens als Grundlage für eine soziale Neugestaltung.,2229,498,False
__shared__,488ef325-89d2-5394-b604-2750d006395b,3b38df84-e9bc-4e70-9032-d3fa65517cfd,book,Aufsätze über die Dreigliederung des sozialen Organismus und zur Zeitlage,1834,408,False
__shared__,489e35ef-9039-5d5a-a74e-495ebb562d02,lecture:19200915b,book,Soziale Ideen.,1938,442,False
__shared__,48a590f6-adfc-5b88-9a06-2148193ea042,lecture:19190828b,book,Erziehungskunst. Methodisch-Didaktisches,1985,505,False
__shared__,48bc8d80-2284-5afc-8c8a-91b0b9e26f33,4b8e4c2a-3f1b-4d2e-9c4a-8e4f4b2c3a1d,book,Die Philosophie der Freiheit,2090,466,False
__shared__,48c253d6-d538-52fe-9e3f-4da917911a5d,f78a79d5-8e8f-435e-bb58-ef6577312f57,book,Lucifer-Gnosis. Grundlegende Aufsätze zur Anthroposophie und Berichte aus,2070,487,False
__shared__,48ccf876-cbf2-5ea5-96a4-c676b037dfaf,lecture:19200904a,book,Geisteswissenschaft als Erkenntnis der Grundimpulse sozialer Gestaltung,1943,420,False
__shared__,48e259fa-1dce-570c-a8eb-3fd127dbadb3,64e881df-0501-4815-9b0c-6cf545c383b6,book,Goethes Weltanschauung,1739,421,False
__shared__,48fa8378-488c-5671-88c6-e40364183ffa,c2a4e407-cdf7-4802-be84-010cc485ef00,book,Methodische Grundlagen der Anthroposophie,2150,474,False
__shared__,48ff068b-c583-568f-80ee-ab22befb17e2,d64fa532-6040-4fc2-9c43-ed4e5368bb92,book,Die Rätsel der Philosophie,1820,438,False
__shared__,49082293-c4ba-5796-8f18-365223c1c7d1,c2a4e407-cdf7-4802-be84-010cc485ef00,book,Methodische Grundlagen der Anthroposophie,2007,485,False
__shared__,4924d29a-cb31-5ce7-9320-6891aa179544,c2a4e407-cdf7-4802-be84-010cc485ef00,book,Methodische Grundlagen der Anthroposophie,1751,424,False
__shared__,49252cb1-c8bd-54f6-a698-c67659e88c48,f287d43a-5108-4e0c-baa8-5e7d3badfef7,book,Gesammelte Aufsätze zur Kultur- und Zeitgeschichte,1644,404,False
__shared__,495fc2f1-6d8f-50db-998e-a8f661ea44be,d64fa532-6040-4fc2-9c43-ed4e5368bb92,book,Die Rätsel der Philosophie,1909,448,False
__shared__,497829e8-459e-5d67-9295-ca045966823b,lecture:19200828,book,Geisteswissenschaft als Erkenntnis der Grundimpulse sozialer Gestaltung,2151,500,False
__shared__,4995640f-5223-5bbd-ac8c-5acf9c9d4ae7,lecture:19191110,book,Die Befreiung des Menschenwesens als Grundlage für eine soziale Neugestaltung.,2137,508,False
__shared__,49a716a6-cc7d-5338-af37-5a9db737cad2,64e881df-0501-4815-9b0c-6cf545c383b6,book,Goethes Weltanschauung,1758,447,False
__shared__,49d7b388-b23d-543d-ab75-1158be4c2173,lecture:19190826a,book,Allgemeine Menschenkunde als Grundlage der Pädagogik,1866,467,False
__shared__,49e9e43f-212d-5424-8a6f-4e63d37d8a48,908fc041-096e-4440-8593-b3267b712bf5,book,Die Wahrheit als Gesamtumfang aller Weltansichten,2052,500,False
__shared__,4a1345c8-adfb-5284-87a4-8a7feb2d4507,f3b36ec2-031d-4715-ad66-dfc7f43cc491,book,Cypherpunks,1883,433,False
__shared__,4a3affc7-a284-5688-8d14-74931605a1b1,lecture:19220731b,book,Nationalökonomischer Kurs.,2114,473,False
__shared__,4a64afd4-3c2b-55cd-bef6-9bdc3860744a,f8e6c475-a0e5-4081-b265-61a7536a183e,book,Die Kernpunkte der sozialen Frage,2070,454,False
__shared__,4a6a32bc-972e-58ca-b496-349ab6789923,f287d43a-5108-4e0c-baa8-5e7d3badfef7,book,Gesammelte Aufsätze zur Kultur- und Zeitgeschichte,1905,437,False
__shared__,4a79906e-8054-5ecc-9d10-31c18bd6bff8,lecture:19200401b,book,Fachwissenschaften und Anthroposophie,1912,438,False
__shared__,4a7bb81b-366c-5b92-be1e-d4887932ec5a,lecture:19220410,book,Damit der Mensch ganz Mensch werde,1869,420,False
__shared__,4a876f61-e9fe-5727-b9a6-4a820aae6220,908fc041-096e-4440-8593-b3267b712bf5,book,Die Wahrheit als Gesamtumfang aller Weltansichten,1763,446,False
__shared__,4a8c3c2b-b304-5711-aa38-70628d93837f,lecture:19190210,book,Die soziale Frage,2195,488,False
__shared__,4abd8aec-caf9-53d6-870d-72dbab9fa286,f8e6c475-a0e5-4081-b265-61a7536a183e,book,Die Kernpunkte der sozialen Frage,1779,409,False
__shared__,4ad27a7a-cd56-578d-831f-50022a29c05e,7758c53c-72bd-41f1-ae51-843eb2a0f718,book,Various Interviews and Articles,1857,480,False
__shared__,4b1a5f9f-6b33-5003-9aeb-ab24cdec4ac8,7758c53c-72bd-41f1-ae51-843eb2a0f718,book,Various Interviews and Articles,2069,480,False
__shared__,4b284b18-8d5d-5735-b17b-ffc3ee6e6fad,f287d43a-5108-4e0c-baa8-5e7d3badfef7,book,Gesammelte Aufsätze zur Kultur- und Zeitgeschichte,1665,439,False
__shared__,4b73333e-ab43-5ab8-99e2-b8b06e162d0a,47b137d3-f414-406f-b142-ed72c7e8989c,book,Einleitungen zu Goethes Naturwissenschaftlichen Schriften,2061,492,False
__shared__,4b7a48f3-d34b-5d4c-a532-87af80de76a8,f78a79d5-8e8f-435e-bb58-ef6577312f57,book,Lucifer-Gnosis. Grundlegende Aufsätze zur Anthroposophie und Berichte aus,1673,434,False
__shared__,4b8301a4-9eeb-5203-9117-687ac51841c2,lecture:19190618,book,Neugestaltung des sozialen Organismus,1857,421,False
__shared__,4b83fbc6-4da6-559f-9801-6549737b9ea4,lecture:19200616,book,Soziale Ideen.,1988,495,False
__shared__,4b8b7b95-5152-5f62-b813-2672a8a7d428,lecture:19200318,book,Vom Einheitsstaat zum dreigliedrigen sozialen Organismus,1971,435,False
__shared__,4bace46d-206d-530b-a79c-3b36f43b1cd9,lecture:19190402,book,Die Befreiung des Menschenwesens als Grundlage für eine soziale Neugestaltung.,1841,423,False
__shared__,4bb98f98-4a09-5e66-a7ab-136e9fa11a59,lecture:19200310b,book,Die Krisis der Gegenwart und der Weg zu gesundem Denken,2074,451,False
__shared__,4c44a184-6f87-5ac5-b3c1-e67444ec9323,f287d43a-5108-4e0c-baa8-5e7d3badfef7,book,Gesammelte Aufsätze zur Kultur- und Zeitgeschichte,1633,414,False
__shared__,4c45403e-f169-58de-9b0c-53f1a270345c,lecture:19200312b,book,Die Krisis der Gegenwart und der Weg zu gesundem Denken,1943,475,False
__shared__,4c4c0da0-cbd7-5813-ae88-db8460a9bfda,908fc041-096e-4440-8593-b3267b712bf5,book,Die Wahrheit als Gesamtumfang aller Weltansichten,1873,460,False
__shared__,4c5523e6-ff7f-5a78-b9ad-af2fcc003270,f78a79d5-8e8f-435e-bb58-ef6577312f57,book,Lucifer-Gnosis. Grundlegende Aufsätze zur Anthroposophie und Berichte aus,1783,405,False
__shared__,4c66edd5-c02a-5114-8957-c94d9d9f1283,lecture:19211011,book,Anthroposophie soziale Dreigliederung und Redekunst.,1872,434,False
__shared__,4c7338e2-482e-52ee-9a19-5773ae165be0,lecture:19190422b,book,Neugestaltung des sozialen Organismus,1731,415,False
__shared__,4c7426be-0cbf-5a9b-a46a-0d7a13a6cd78,lecture:19190709,book,Neugestaltung des sozialen Organismus,1913,439,False
__shared__,4cc28ba4-7c9a-5ab6-9e8f-53c8f4db2da3,4c09f3d5-3f5c-42b7-beba-f12fc46594bc,book,Free Software Free Society,1812,413,False
__shared__,4cd2aa6f-2f94-54f4-8c38-06dc552a78e7,f78a79d5-8e8f-435e-bb58-ef6577312f57,book,Lucifer-Gnosis. Grundlegende Aufsätze zur Anthroposophie und Berichte aus,1906,436,False
__shared__,4cf73670-5aae-5a1b-b47a-4caeab173e22,lecture:19190828c,book,Erziehungskunst. Seminarbesprechungen und Lehrplanvorträge,1999,453,False
__shared__,4cf8ece5-5e5d-58de-8eac-e3a8adad2b0b,lecture:19190702,book,Betriebsräte und Sozialisierung,1906,414,False
__shared__,4cfa4b8b-1f7d-58d9-b191-b8583a9c7e52,lecture:19220409,book,Damit der Mensch ganz Mensch werde,1689,404,False
__shared__,4d3b035d-f7d9-5ee5-a855-e2f058e36614,0c20163d-b14e-4750-988b-3b58c0fa3126,book,Code Version 2 0,2004,465,False
__shared__,4d550f25-414f-52b1-a044-5f0bc73df9a0,lecture:19211130,book,Die Wirklichkeit der höheren Welten,2168,508,False
__shared__,4d80bee6-e4f7-545e-963b-6162044470d6,lecture:19201010a,book,Soziale Ideen.,2281,492,False
__shared__,4d832949-11a2-5bf5-89d0-8b93e7532bdf,lecture:19190821b,book,Erziehungskunst. Methodisch-Didaktisches,2003,497,False
__shared__,4da1bf67-f6a1-5634-bcc1-f0be4fa89514,lecture:19200905,book,Geisteswissenschaft als Erkenntnis der Grundimpulse sozialer Gestaltung,1760,419,False
__shared__,4dd002e7-74d0-59cc-9e9f-8863bc333d24,d64fa532-6040-4fc2-9c43-ed4e5368bb92,book,Die Rätsel der Philosophie,2109,492,False
__shared__,4dd7aa2a-7062-567c-ab8d-27204379354a,d64fa532-6040-4fc2-9c43-ed4e5368bb92,book,Die Rätsel der Philosophie,1773,441,False
__shared__,4dfb9c5f-d3dc-5d78-bea8-ea29271f1178,c2a4e407-cdf7-4802-be84-010cc485ef00,book,Methodische Grundlagen der Anthroposophie,1793,432,False
__shared__,4e10a33b-baec-5fcc-9f85-aac32d4f599f,lecture:19190530b,book,Soziale Ideen.,2202,510,False
__shared__,4e1cd571-b226-52e1-8aaf-7a639a090189,lecture:19200920,book,Die Krisis der Gegenwart und der Weg zu gesundem Denken,2224,491,False
__shared__,4e4351ff-64cc-5a06-af7d-45db45c32947,f287d43a-5108-4e0c-baa8-5e7d3badfef7,book,Gesammelte Aufsätze zur Kultur- und Zeitgeschichte,1515,411,False
__shared__,4e67fd46-87b5-5c23-b809-836fdecec1f8,7758c53c-72bd-41f1-ae51-843eb2a0f718,book,Various Interviews and Articles,1543,432,False
__shared__,4e9420b7-8b6a-5f9c-91b7-f95ccde9f6ac,3b38df84-e9bc-4e70-9032-d3fa65517cfd,book,Aufsätze über die Dreigliederung des sozialen Organismus und zur Zeitlage,1917,428,False
__shared__,4eaa9de1-764e-5645-9cd4-44c377d755b1,3b38df84-e9bc-4e70-9032-d3fa65517cfd,book,Aufsätze über die Dreigliederung des sozialen Organismus und zur Zeitlage,2094,463,False
__shared__,4f0cb797-ab15-570f-a4b2-07c80bc48811,7758c53c-72bd-41f1-ae51-843eb2a0f718,book,Various Interviews and Articles,1733,451,False
__shared__,4f1760b2-ed68-5732-91bc-b8755ce824fd,lecture:19190827c,book,Erziehungskunst. Seminarbesprechungen und Lehrplanvorträge,1733,408,False
__shared__,4f3056dd-773a-5c68-905d-faa7714c90b6,lecture:19190624,book,Betriebsräte und Sozialisierung,1931,401,False
__shared__,4f6f1597-f65c-55a8-a875-b1cc1fd567e3,d64fa532-6040-4fc2-9c43-ed4e5368bb92,book,Die Rätsel der Philosophie,1872,511,False
__shared__,4faa919d-8cfe-5138-8f46-fd949c9b3129,lecture:19220805c,book,Nationalökonomischer Kurs.,1749,405,False
__shared__,4fb77fff-fb9e-559b-bb50-ae44ba8eb45a,f287d43a-5108-4e0c-baa8-5e7d3badfef7,book,Gesammelte Aufsätze zur Kultur- und Zeitgeschichte,1842,440,False
__shared__,4ff0e0f8-b660-5535-809d-77c650d9c93c,lecture:19211201,book,Die Wirklichkeit der höheren Welten,1731,431,False
__shared__,5001edba-fb10-551c-aa81-7d4024b14e9e,lecture:19190730,book,Soziale Ideen.,2147,493,False
__shared__,502c0019-333b-5e5c-80b6-135207d4db5c,d64fa532-6040-4fc2-9c43-ed4e5368bb92,book,Die Rätsel der Philosophie,1718,442,False
__shared__,50586fc9-7691-5229-8920-01fe14698222,lecture:19190827b,book,Erziehungskunst. Methodisch-Didaktisches,1757,404,False
__shared__,506f0a7a-bd21-5b97-b98f-8b12548f9d48,lecture:19211126,book,Die Wirklichkeit der höheren Welten,1803,417,False
__shared__,508bbe80-41d8-504f-94f5-f9f41d34a0a7,lecture:19201012,book,Soziale Ideen.,1727,401,False
__shared__,50b324f4-fe9d-50a5-91cf-cda96c2dc161,lecture:19191025,book,Soziale Zukunft,1805,424,False
__shared__,50b513a7-f61a-5a35-9479-77d60787c292,lecture:19190402,book,Die Befreiung des Menschenwesens als Grundlage für eine soziale Neugestaltung.,1926,419,False
__shared__,50e0ad72-8700-5cc4-ba0b-490f340424d2,lecture:19210114b,book,Fachwissenschaften und Anthroposophie,2014,476,False
__shared__,50e16592-4439-5fbc-8983-890fefcd1a0d,lecture:19200918,book,Geisteswissenschaft als Erkenntnis der Grundimpulse sozialer Gestaltung,1705,410,False
__shared__,5136b977-fc3f-5c58-8367-0e4ffc136827,lecture:19190903a,book,Allgemeine Menschenkunde als Grundlage der Pädagogik,1802,430,False
__shared__,5141e352-d01d-5a0b-a9c2-461841e6ff48,c2a4e407-cdf7-4802-be84-010cc485ef00,book,Methodische Grundlagen der Anthroposophie,1725,407,False
__shared__,515795db-4467-5f47-901a-5b043770d4d6,lecture:19201010a,book,Soziale Ideen.,1835,429,False
__shared__,5170b6b0-41ef-5637-9749-6075b531e27f,lecture:19200729b,book,Die Krisis der Gegenwart und der Weg zu gesundem Denken,2127,498,False
__shared__,51b42796-7bae-5371-9685-72a7e8aee780,lecture:19200302b,book,Die Krisis der Gegenwart und der Weg zu gesundem Denken,1839,427,False
__shared__,51b5cc99-2794-52d9-a669-f2c24e7fa4d7,lecture:19200504b,book,Vom Einheitsstaat zum dreigliedrigen sozialen Organismus,1896,447,False
__shared__,51eae9eb-3254-520b-a458-eb21c0d42de4,908fc041-096e-4440-8593-b3267b712bf5,book,Die Wahrheit als Gesamtumfang aller Weltansichten,1742,445,False
__shared__,52004461-cf5d-5e60-b896-1becc7f36ef6,lecture:19190829b,book,Erziehungskunst. Methodisch-Didaktisches,2108,474,False
__shared__,520b6a35-e5c7-539f-81ff-4d34001b8fc0,lecture:19200823,book,Soziale Ideen.,2120,505,False
__shared__,521204d7-24ce-5988-87a2-2f0304325507,f287d43a-5108-4e0c-baa8-5e7d3badfef7,book,Gesammelte Aufsätze zur Kultur- und Zeitgeschichte,2121,497,False
__shared__,52195243-3930-585b-9d59-2bb3dc3b5069,908fc041-096e-4440-8593-b3267b712bf5,book,Die Wahrheit als Gesamtumfang aller Weltansichten,1636,415,False
__shared__,52211fcf-6b3d-5779-b916-8cf399aadf4a,f8e6c475-a0e5-4081-b265-61a7536a183e,book,Die Kernpunkte der sozialen Frage,1954,469,False
__shared__,5231263c-df2a-58f6-9de4-3f173a1fd689,908fc041-096e-4440-8593-b3267b712bf5,book,Die Wahrheit als Gesamtumfang aller Weltansichten,1514,407,False
__shared__,52660231-e800-5cf8-9d19-1df5463b6ce8,c2a4e407-cdf7-4802-be84-010cc485ef00,book,Methodische Grundlagen der Anthroposophie,2004,455,False
__shared__,52675016-9924-5c90-921b-f2ba4d39a62c,d64fa532-6040-4fc2-9c43-ed4e5368bb92,book,Die Rätsel der Philosophie,2206,509,False
__shared__,5288d01c-3cf6-5e62-bbfe-bcc2ce3cc336,f78a79d5-8e8f-435e-bb58-ef6577312f57,book,Lucifer-Gnosis. Grundlegende Aufsätze zur Anthroposophie und Berichte aus,2080,482,False
__shared__,52989cba-a0c0-596d-871c-a0fe2fb7a58c,f8e6c475-a0e5-4081-b265-61a7536a183e,book,Die Kernpunkte der sozialen Frage,2196,460,False
__shared__,52c6db61-35df-590d-9dea-1b076dc46005,c2a4e407-cdf7-4802-be84-010cc485ef00,book,Methodische Grundlagen der Anthroposophie,1779,408,False
__shared__,52c739fa-129a-599e-acbd-b85318e850bb,c2a4e407-cdf7-4802-be84-010cc485ef00,book,Methodische Grundlagen der Anthroposophie,2104,509,False
__shared__,52e82928-5e5e-55c2-812a-1152e6a3ca50,f8e6c475-a0e5-4081-b265-61a7536a183e,book,Die Kernpunkte der sozialen Frage,2245,454,False
__shared__,5312d9c6-a090-5b2c-8885-66623ee042d6,d64fa532-6040-4fc2-9c43-ed4e5368bb92,book,Die Rätsel der Philosophie,2080,493,False
__shared__,5321021e-e1a8-5db4-a376-7452a9481ee0,lecture:19200318,book,Vom Einheitsstaat zum dreigliedrigen sozialen Organismus,1662,410,False
__shared__,536c6951-6488-59b6-9c1c-29de10db05d3,f8e6c475-a0e5-4081-b265-61a7536a183e,book,Die Kernpunkte der sozialen Frage,2008,458,False
__shared__,53807406-87ac-51aa-9747-ef86fd5cd232,lecture:19190508,book,Betriebsräte und Sozialisierung,2026,439,False
__shared__,5384e5bc-1732-50ed-bae2-6094d18776eb,3b38df84-e9bc-4e70-9032-d3fa65517cfd,book,Aufsätze über die Dreigliederung des sozialen Organismus und zur Zeitlage,1834,435,False
__shared__,53918790-6a61-5f6e-b98e-3eb066a3b15f,lecture:19210115b,book,Fachwissenschaften und Anthroposophie,2124,511,False
__shared__,5396bda7-9e6e-5ecf-a02d-5a9688169599,lecture:19190605,book,Betriebsräte und Sozialisierung,2229,494,False
__shared__,53b84b87-0e49-5620-985d-fc89fe413e7d,f78a79d5-8e8f-435e-bb58-ef6577312f57,book,Lucifer-Gnosis. Grundlegende Aufsätze zur Anthroposophie und Berichte aus,1801,449,False
__shared__,53dd6e90-7d2d-5068-9786-a37ecf746a91,c2a4e407-cdf7-4802-be84-010cc485ef00,book,Methodische Grundlagen der Anthroposophie,1673,403,False
__shared__,53e07de7-97a0-50e4-9c3c-90b857905415,3b38df84-e9bc-4e70-9032-d3fa65517cfd,book,Aufsätze über die Dreigliederung des sozialen Organismus und zur Zeitlage,2076,475,False
__shared__,53e6bf7b-af5f-5873-89c7-804802696a9d,lecture:19190830a,book,Allgemeine Menschenkunde als Grundlage der Pädagogik,1876,412,False
__shared__,53edcb12-08d5-599b-8aff-0145466c81e4,c2a4e407-cdf7-4802-be84-010cc485ef00,book,Methodische Grundlagen der Anthroposophie,2025,455,False
__shared__,5407a185-a40b-546d-baac-8cdb3e26c8fa,47b137d3-f414-406f-b142-ed72c7e8989c,book,Einleitungen zu Goethes Naturwissenschaftlichen Schriften,2058,483,False
__shared__,541534b7-1514-5a10-add1-fd85ae81900b,3b38df84-e9bc-4e70-9032-d3fa65517cfd,book,Aufsätze über die Dreigliederung des sozialen Organismus und zur Zeitlage,2076,490,False
__shared__,543405c1-be27-572f-b9b8-3bef6dd46a82,4b8e4c2a-3f1b-4d2e-9c4a-8e4f4b2c3a1d,book,Die Philosophie der Freiheit,1715,404,False
__shared__,545cad90-3105-5640-b82c-07e607f24e8f,47b137d3-f414-406f-b142-ed72c7e8989c,book,Einleitungen zu Goethes Naturwissenschaftlichen Schriften,1840,417,False
__shared__,54c0bd9d-581f-5c42-b332-a5823b20a6ec,36371313-0400-4c90-9656-67d54052cf89,book,Julian Assange in his own words,1990,470,False
__shared__,54d1f41e-b68c-57f9-916d-56dccb04eba9,3b38df84-e9bc-4e70-9032-d3fa65517cfd,book,Aufsätze über die Dreigliederung des sozialen Organismus und zur Zeitlage,2174,464,False
__shared__,54d6f85e-0d09-5361-9bc4-6eb5cfbbc0a3,lecture:19190901a,book,Allgemeine Menschenkunde als Grundlage der Pädagogik,2065,481,False
__shared__,54dec993-5969-5c60-9105-5bd310df2d1a,908fc041-096e-4440-8593-b3267b712bf5,book,Die Wahrheit als Gesamtumfang aller Weltansichten,1538,433,False
__shared__,54ee8d4c-fc58-5019-b707-bc4e6d50c47c,lecture:19211014a,book,Anthroposophie soziale Dreigliederung und Redekunst.,2018,472,False
__shared__,55024ea9-5c59-5ad9-b94f-00a4488e20e9,lecture:19210115b,book,Fachwissenschaften und Anthroposophie,1742,410,False
__shared__,5506ea4f-7cd6-579c-9f40-e4a0dfd11b75,lecture:19191028,book,Soziale Zukunft,1817,414,False
__shared__,5514839a-c5f2-599b-a1d7-e08152691b38,f78a79d5-8e8f-435e-bb58-ef6577312f57,book,Lucifer-Gnosis. Grundlegende Aufsätze zur Anthroposophie und Berichte aus,1634,406,False
__shared__,5528ff28-9ea2-553d-b927-3efc2e6f6ef6,lecture:19200304b,book,Die Krisis der Gegenwart und der Weg zu gesundem Denken,1919,449,False
__shared__,55308741-01ee-5951-8d83-8a7769bbbec0,f78a79d5-8e8f-435e-bb58-ef6577312f57,book,Lucifer-Gnosis. Grundlegende Aufsätze zur Anthroposophie und Berichte aus,2085,478,False
__shared__,5555a73e-444a-52fe-9730-7a6e81f945b9,lecture:19190308,book,Die soziale Frage,1997,445,False
__shared__,55b43b11-3095-5555-a1c3-d74ba44b7a13,44217040-65bf-4150-9fa8-bac9c57cd1b1,book,Grundlinien einer Erkenntnistheorie der Goetheschen Weltanschauung,1752,414,False
__shared__,55dae2f2-7d68-58a3-8632-06b63fc1c9f9,f287d43a-5108-4e0c-baa8-5e7d3badfef7,book,Gesammelte Aufsätze zur Kultur- und Zeitgeschichte,1619,437,False
__shared__,55fc109c-ce19-51e2-9ed8-44def72b13b9,lecture:19201110,book,Die Krisis der Gegenwart und der Weg zu gesundem Denken,1790,402,False
__shared__,560413f9-865f-51f6-921b-4e965b768b23,d64fa532-6040-4fc2-9c43-ed4e5368bb92,book,Die Rätsel der Philosophie,1611,407,False
__shared__,5606cfd1-d5a4-598f-a4d3-20dc6b08ce9d,lecture:19200920,book,Die Krisis der Gegenwart und der Weg zu gesundem Denken,1926,450,False
__shared__,566945b1-6ec3-5b33-bfda-4a13308d3462,36371313-0400-4c90-9656-67d54052cf89,book,Julian Assange in his own words,1474,425,False
__shared__,569aba3e-4413-5895-a474-72ea4a955224,lecture:19210115b,book,Fachwissenschaften und Anthroposophie,1801,436,False
__shared__,56c9f4dc-f694-5030-9b06-6a77e7eaada0,lecture:19220729b,book,Nationalökonomischer Kurs.,1926,421,False
__shared__,570bbefa-8844-55e7-b970-cce15722f02d,7758c53c-72bd-41f1-ae51-843eb2a0f718,book,Various Interviews and Articles,2077,440,False
__shared__,5720d34f-097c-58a7-8661-cce1f37bf7d5,lecture:19190409,book,Die Befreiung des Menschenwesens als Grundlage für eine soziale Neugestaltung.,2130,485,False
__shared__,574b0d7b-d286-532a-a599-ba39e4e9fb21,f78a79d5-8e8f-435e-bb58-ef6577312f57,book,Lucifer-Gnosis. Grundlegende Aufsätze zur Anthroposophie und Berichte aus,1990,483,False
__shared__,575278f3-5c48-542c-8608-a2bb3aa45457,36371313-0400-4c90-9656-67d54052cf89,book,Julian Assange in his own words,1421,414,False
__shared__,5753187f-3023-5d50-a1bf-9aaf958ae80d,908fc041-096e-4440-8593-b3267b712bf5,book,Die Wahrheit als Gesamtumfang aller Weltansichten,1894,443,False
__shared__,575ad99d-5049-5e71-ac1f-ea7bee8523b5,3b38df84-e9bc-4e70-9032-d3fa65517cfd,book,Aufsätze über die Dreigliederung des sozialen Organismus und zur Zeitlage,1987,447,False
__shared__,57668321-1589-5afb-8434-fd68c191e9dd,lecture:19190823c,book,Erziehungskunst. Seminarbesprechungen und Lehrplanvorträge,2174,508,False
__shared__,57a3718f-cbd3-5ac0-bfdc-044b5fc91a3d,lecture:19200516b,book,Entsprechungen zwischen Mikrokosmos und Makrokosmos. Der Mensch — eine Hieroglyphe des Weltenalls.,1732,411,False
__shared__,57a89479-5767-5e0c-ac8a-5aa7487642ae,lecture:19191025,book,Soziale Zukunft,2097,494,False
__shared__,57afc810-5062-5669-a604-1ec8b51c4137,lecture:19211129a,book,Die Wirklichkeit der höheren Welten,1926,446,False
__shared__,57b47d0e-0639-538c-a751-dabba9914bc7,47b137d3-f414-406f-b142-ed72c7e8989c,book,Einleitungen zu Goethes Naturwissenschaftlichen Schriften,1845,421,False
__shared__,57b665bc-8c3f-5e98-a3b7-f4df3b5e78f1,7758c53c-72bd-41f1-ae51-843eb2a0f718,book,Various Interviews and Articles,1892,462,False
__shared__,57b74f83-6fad-57e2-9c44-47b53698d9d1,lecture:19190516,book,Neugestaltung des sozialen Organismus,2001,452,False
__shared__,57d3e9e9-fdb9-5c3f-aab1-687f849f5cad,d64fa532-6040-4fc2-9c43-ed4e5368bb92,book,Die Rätsel der Philosophie,1758,422,False
__shared__,57e424e9-8912-5283-a585-36591db90206,44217040-65bf-4150-9fa8-bac9c57cd1b1,book,Grundlinien einer Erkenntnistheorie der Goetheschen Weltanschauung,1767,435,False
__shared__,58019528-5056-5410-a9b0-e3016d1f144b,f287d43a-5108-4e0c-baa8-5e7d3badfef7,book,Gesammelte Aufsätze zur Kultur- und Zeitgeschichte,2215,499,False
__shared__,58045f65-3121-5f27-a2b4-948a5273d742,908fc041-096e-4440-8593-b3267b712bf5,book,Die Wahrheit als Gesamtumfang aller Weltansichten,1823,476,False
__shared__,58166dda-17db-5002-a558-d7a41d2b0fb9,lecture:19210112b,book,Fachwissenschaften und Anthroposophie,2005,441,False
__shared__,58335987-dac3-5052-9a6f-5612c3423394,lecture:19191030,book,Soziale Zukunft,2015,459,False
__shared__,583745ce-3b33-5347-9b72-9033a1da05cf,f287d43a-5108-4e0c-baa8-5e7d3badfef7,book,Gesammelte Aufsätze zur Kultur- und Zeitgeschichte,1805,429,False
__shared__,583e364d-bb0e-58aa-86ee-9088bb62dddb,f287d43a-5108-4e0c-baa8-5e7d3badfef7,book,Gesammelte Aufsätze zur Kultur- und Zeitgeschichte,1662,412,False
__shared__,58437152-fdbc-59ce-a93a-49343c972162,lecture:19190205,book,Die soziale Frage,2111,452,False
__shared__,5844eee2-1388-5375-a9aa-b1e998259c10,908fc041-096e-4440-8593-b3267b712bf5,book,Die Wahrheit als Gesamtumfang aller Weltansichten,1932,495,False
__shared__,585d40b5-e5f0-5ba4-8ce8-e1f893503806,lecture:19190311,book,Die Befreiung des Menschenwesens als Grundlage für eine soziale Neugestaltung.,2012,443,False
__shared__,586fe6f7-ee51-5b72-9c54-9ccc26c0ebc1,lecture:19190828a,book,Allgemeine Menschenkunde als Grundlage der Pädagogik,1968,468,False
__shared__,5878f1d6-88e0-586e-a329-e7fda5208f83,c2a4e407-cdf7-4802-be84-010cc485ef00,book,Methodische Grundlagen der Anthroposophie,1610,478,False
__shared__,588a5590-fa6a-594b-a1bf-703f64eca3b4,908fc041-096e-4440-8593-b3267b712bf5,book,Die Wahrheit als Gesamtumfang aller Weltansichten,1800,489,False
__shared__,589d9481-c69e-5bfc-835d-57a52aeb3983,lecture:19190904b,book,Erziehungskunst. Methodisch-Didaktisches,2141,477,False
__shared__,58c366ea-fd97-51c8-86d3-4e11dcf9a996,lecture:19201010a,book,Soziale Ideen.,2259,474,False
__shared__,58f3c3be-14c1-54b8-824a-1dec7a756cd2,47b137d3-f414-406f-b142-ed72c7e8989c,book,Einleitungen zu Goethes Naturwissenschaftlichen Schriften,2188,511,False
__shared__,5911fcdc-66e8-59a8-acc4-95d9006d0309,f78a79d5-8e8f-435e-bb58-ef6577312f57,book,Lucifer-Gnosis. Grundlegende Aufsätze zur Anthroposophie und Berichte aus,1901,497,False
__shared__,591402a4-b175-502e-89ce-11e334bcbbeb,lecture:19200508b,book,Entsprechungen zwischen Mikrokosmos und Makrokosmos. Der Mensch — eine Hieroglyphe des Weltenalls.,1703,404,False
__shared__,592297d7-9c02-5937-803d-add8dbf1b3c0,d64fa532-6040-4fc2-9c43-ed4e5368bb92,book,Die Rätsel der Philosophie,1891,454,False
__shared__,5942e110-a4e3-5deb-977e-4f99a9a9430b,lecture:19200729b,book,Die Krisis der Gegenwart und der Weg zu gesundem Denken,2086,457,False
__shared__,594fb4f9-35dd-5b0f-8d39-734265b487c4,c2a4e407-cdf7-4802-be84-010cc485ef00,book,Methodische Grundlagen der Anthroposophie,1802,424,False
__shared__,596f87af-d4c3-51d5-860d-417e2b4a0ed6,lecture:19200324b,book,Fachwissenschaften und Anthroposophie,2021,467,False
__shared__,59719f02-43b5-555e-9db7-d72f87de4593,lecture:19190624,book,Betriebsräte und Sozialisierung,2175,489,False
__shared__,5974440e-fd80-5c36-8ebb-07ed82d20f15,lecture:19200827,book,Geisteswissenschaft als Erkenntnis der Grundimpulse sozialer Gestaltung,1850,443,False
__shared__,597f2c35-f2f4-5d9d-bc6b-5ec8c485a364,lecture:19220806a,book,Nationalökonomischer Kurs.,2050,430,False
__shared__,597ffdbd-d12a-5d73-9b19-56540998d2c8,908fc041-096e-4440-8593-b3267b712bf5,book,Die Wahrheit als Gesamtumfang aller Weltansichten,1854,457,False
__shared__,5983e354-055d-5698-8054-85d19713ade1,lecture:19200616,book,Soziale Ideen.,1651,403,False
__shared__,59ac0d93-98cf-5a7d-95da-21a3796ac3aa,lecture:19210408a,book,Soziale Ideen.,2141,484,False
__shared__,59b3a18d-6d55-5c9e-8ce6-d738c33726ab,c2a4e407-cdf7-4802-be84-010cc485ef00,book,Methodische Grundlagen der Anthroposophie,1884,457,False
__shared__,59f06a12-1041-5e2b-b632-cfd3d538e962,lecture:19190717,book,Betriebsräte und Sozialisierung,2115,475,False
__shared__,59f2e633-4890-5b2d-91e3-3e567492805a,lecture:19200728,book,Soziale Ideen.,1860,438,False
__shared__,5a02f07f-0c31-594c-8ba2-4e30b57adf6f,908fc041-096e-4440-8593-b3267b712bf5,book,Die Wahrheit als Gesamtumfang aller Weltansichten,1846,471,False
__shared__,5a10092b-8ee1-5a6b-8a16-faefce836983,64e881df-0501-4815-9b0c-6cf545c383b6,book,Goethes Weltanschauung,1816,447,False
__shared__,5a1ec44b-3367-5175-bbe2-7b00157ae7fa,lecture:19191029,book,Soziale Zukunft,2225,475,False
__shared__,5a34143c-e7be-59a8-9554-860a64e8c45f,lecture:19220731b,book,Nationalökonomischer Kurs.,1760,405,False
__shared__,5a7eac4d-dfa3-527c-964c-a45a00de4076,908fc041-096e-4440-8593-b3267b712bf5,book,Die Wahrheit als Gesamtumfang aller Weltansichten,1858,497,False
__shared__,5a875018-d46f-54d1-b7e6-c206c9faf8b6,lecture:19201010a,book,Soziale Ideen.,1796,406,False
__shared__,5aaef849-f881-59c4-bd34-db59c6f84fed,4b8e4c2a-3f1b-4d2e-9c4a-8e4f4b2c3a1d,book,Die Philosophie der Freiheit,1651,461,False
__shared__,5ab112a1-c6a5-555d-9994-acc2e82a76f0,lecture:19211012,book,Anthroposophie soziale Dreigliederung und Redekunst.,2112,504,False
__shared__,5ab93891-4257-55b6-9250-facacad6becc,lecture:19200616,book,Soziale Ideen.,1941,426,False
__shared__,5abb1e75-a5d3-58a1-92be-d00c33d1c3bf,c2a4e407-cdf7-4802-be84-010cc485ef00,book,Methodische Grundlagen der Anthroposophie,1811,441,False
__shared__,5b17bfad-b30d-575b-8a50-7f121041d1d9,lecture:19191025,book,Soziale Zukunft,1903,413,False
__shared__,5b1c5238-b659-5165-906f-d3157a5d9f41,lecture:19191025,book,Soziale Zukunft,2064,441,False
__shared__,5b59c150-1a6c-579b-99bc-6d25c6a596d0,f3b36ec2-031d-4715-ad66-dfc7f43cc491,book,Cypherpunks,1880,422,False
__shared__,5b63b0ef-9e7d-55c9-a40d-6d95567e4435,lecture:19200319,book,Vom Einheitsstaat zum dreigliedrigen sozialen Organismus,2415,508,False
__shared__,5b9183c0-c074-5ffd-a9a2-aa74b6ec0fd2,lecture:19200416,book,Entsprechungen zwischen Mikrokosmos und Makrokosmos. Der Mensch — eine Hieroglyphe des Weltenalls.,2128,512,False
__shared__,5b96aa76-7505-5572-8724-953a9abbae32,lecture:19200107,book,Vom Einheitsstaat zum dreigliedrigen sozialen Organismus,1744,413,False
__shared__,5bb2d091-cc23-5408-ad0b-6a6ccefedb1c,123ef8cb-a442-4bbc-9570-e8681dd67f9f,book,Rebel Code,1653,410,False
__shared__,5bceee36-bddc-5f37-9a55-d12b413f5459,c2a4e407-cdf7-4802-be84-010cc485ef00,book,Methodische Grundlagen der Anthroposophie,1928,441,False
__shared__,5bde82bb-db1d-586d-818a-332510f4a763,f78a79d5-8e8f-435e-bb58-ef6577312f57,book,Lucifer-Gnosis. Grundlegende Aufsätze zur Anthroposophie und Berichte aus,2059,472,False
__shared__,5be376ce-b64e-5ada-92f5-ebf78755b138,lecture:19220412a,book,Damit der Mensch ganz Mensch werde,1941,472,False
__shared__,5bf65f04-e259-5b9c-a937-87438c7972e2,e58f6369-f7a7-4213-845f-c5b9bf82ffe5,book,Wahrheit und Wissenschaft,1768,444,False
__shared__,5c19df7e-e10d-5294-9edc-8287cb808c1e,lecture:19201004,book,Fachwissenschaften und Anthroposophie,2024,452,False
__shared__,5c1b7df1-19e0-5cfa-911a-4fc3fd5a8364,lecture:19190203,book,Die soziale Frage,2384,507,False
__shared__,5c3db87c-6c9e-5d5f-b586-aadd5651744c,lecture:19200324b,book,Fachwissenschaften und Anthroposophie,2314,508,False
__shared__,5c54b623-4fc9-53e2-bb48-514fa592ff66,lecture:19200319,book,Vom Einheitsstaat zum dreigliedrigen sozialen Organismus,1795,432,False
__shared__,5c65b614-144d-5794-a88d-daa1a57aa17c,908fc041-096e-4440-8593-b3267b712bf5,book,Die Wahrheit als Gesamtumfang aller Weltansichten,2169,492,False
__shared__,5c6d5597-12c7-5a7e-a883-0b8fd124f22a,lecture:19200317,book,Vom Einheitsstaat zum dreigliedrigen sozialen Organismus,2139,476,False
__shared__,5c97f117-12d8-50c3-b14d-7724486a2998,f3b36ec2-031d-4715-ad66-dfc7f43cc491,book,Cypherpunks,1379,409,False
__shared__,5cef967a-94d6-51ab-997a-ac96ecc751b0,lecture:19190702,book,Betriebsräte und Sozialisierung,2231,462,False
__shared__,5cefb024-e077-5a33-a9ae-b5787756c3e4,f3b36ec2-031d-4715-ad66-dfc7f43cc491,book,Cypherpunks,1849,456,False
__shared__,5cf046e3-d52f-5039-801f-263e922f3d93,3b38df84-e9bc-4e70-9032-d3fa65517cfd,book,Aufsätze über die Dreigliederung des sozialen Organismus und zur Zeitlage,1744,417,False
__shared__,5cf407fd-1773-53fa-b15b-5edd6b1830c1,lecture:19200918,book,Geisteswissenschaft als Erkenntnis der Grundimpulse sozialer Gestaltung,2040,467,False
__shared__,5d0a9fac-e13e-54fb-aca7-374dae51a452,lecture:19210408a,book,Soziale Ideen.,2105,467,False
__shared__,5d10c818-1ba5-5d20-9b1d-9d516ab821cc,f3b36ec2-031d-4715-ad66-dfc7f43cc491,book,Cypherpunks,1995,428,False
__shared__,5d2fd228-8335-572d-b13a-cc73f8d3c4eb,lecture:19200615,book,Die Krisis der Gegenwart und der Weg zu gesundem Denken,2063,502,False
__shared__,5d3795c4-2d5a-5783-a651-d561d964d358,47b137d3-f414-406f-b142-ed72c7e8989c,book,Einleitungen zu Goethes Naturwissenschaftlichen Schriften,1545,420,False
__shared__,5d477244-3162-5356-8c75-1be09ac70511,lecture:19200918,book,Geisteswissenschaft als Erkenntnis der Grundimpulse sozialer Gestaltung,2062,493,False
__shared__,5d6cb04d-20c6-5c39-9bec-359c23992737,3b38df84-e9bc-4e70-9032-d3fa65517cfd,book,Aufsätze über die Dreigliederung des sozialen Organismus und zur Zeitlage,2095,470,False
__shared__,5d6f9377-deb3-5afa-9aa9-edb0ccf73675,4b8e4c2a-3f1b-4d2e-9c4a-8e4f4b2c3a1d,book,Die Philosophie der Freiheit,1860,417,False
__shared__,5d702e64-c975-543e-a8a2-5f0b4fafe825,lecture:19190530b,book,Soziale Ideen.,2155,476,False
__shared__,5d8fdb81-3e0f-5f41-ab43-15eee15ba5fb,lecture:19190317,book,Die Befreiung des Menschenwesens als Grundlage für eine soziale Neugestaltung.,2089,470,False
__shared__,5dd93d55-9649-5c27-bd87-cfab33b3bdcf,f78a79d5-8e8f-435e-bb58-ef6577312f57,book,Lucifer-Gnosis. Grundlegende Aufsätze zur Anthroposophie und Berichte aus,1814,418,False
__shared__,5de9a278-9e4a-5f68-af06-adb8a9493ddf,f3b36ec2-031d-4715-ad66-dfc7f43cc491,book,Cypherpunks,1738,404,False
__shared__,5ded01ce-e037-5804-a896-11329abaa0b3,f3b36ec2-031d-4715-ad66-dfc7f43cc491,book,Cypherpunks,1852,417,False
__shared__,5e0d6746-9e54-50fb-8a8c-19f5ec7b57e5,3b38df84-e9bc-4e70-9032-d3fa65517cfd,book,Aufsätze über die Dreigliederung des sozialen Organismus und zur Zeitlage,1819,433,False
__shared__,5e0d7495-d92c-5ce4-9624-2a6fe41d0584,4b8e4c2a-3f1b-4d2e-9c4a-8e4f4b2c3a1d,book,Die Philosophie der Freiheit,1815,409,False
__shared__,5e0d7b18-c255-578d-aaba-4e2ce5ccd3c9,7758c53c-72bd-41f1-ae51-843eb2a0f718,book,Various Interviews and Articles,1999,506,False
__shared__,5e16612a-8848-5f40-abf9-7ffd25262179,f8e6c475-a0e5-4081-b265-61a7536a183e,book,Die Kernpunkte der sozialen Frage,2250,496,False
__shared__,5e19e2e1-ab4d-5b17-8c3d-13753b9628fe,0c20163d-b14e-4750-988b-3b58c0fa3126,book,Code Version 2 0,1630,431,False
__shared__,5e2a27a9-ab5d-50a7-bc3f-bffeb00e9352,4b8e4c2a-3f1b-4d2e-9c4a-8e4f4b2c3a1d,book,Die Philosophie der Freiheit,2038,502,False
__shared__,5e3cf7d9-be06-5370-80a7-5bb0db197c24,lecture:19200806,book,Geisteswissenschaft als Erkenntnis der Grundimpulse sozialer Gestaltung,1786,430,False
__shared__,5e8605d1-439c-5c6a-b0fb-006499d0c88b,lecture:19190902a,book,Allgemeine Menschenkunde als Grundlage der Pädagogik,1905,465,False
__shared__,5f057d51-5bea-563f-9ae6-511d722f40c1,lecture:19200617,book,Fachwissenschaften und Anthroposophie,2183,502,False
__shared__,5f2febf3-de77-5189-a98d-1b97f57b6e51,lecture:19190317,book,Die Befreiung des Menschenwesens als Grundlage für eine soziale Neugestaltung.,1955,413,False
__shared__,5f4d702f-0051-54c6-aa7a-b16c713e9028,lecture:19190723,book,Betriebsräte und Sozialisierung,1951,421,False
__shared__,5f534d49-55d5-5a41-aa66-e014e9ebfad0,123ef8cb-a442-4bbc-9570-e8681dd67f9f,book,Rebel Code,1802,417,False
__shared__,5f5bc5df-9681-5e54-a9d8-adf711f7c8e0,lecture:19191024,book,Soziale Zukunft,2148,462,False
__shared__,5f603a0a-32ef-5e47-a220-2bf3acc0c031,lecture:19210115b,book,Fachwissenschaften und Anthroposophie,1728,402,False
__shared__,5f6ec0d1-9904-5dc2-ac47-4ddea6ab4dd6,lecture:19190830b,book,Erziehungskunst. Methodisch-Didaktisches,1865,421,False
__shared__,5f8bb740-c0ef-5eb8-b754-91434f8d770e,d64fa532-6040-4fc2-9c43-ed4e5368bb92,book,Die Rätsel der Philosophie,1971,452,False
__shared__,5fc67692-ee6b-55b8-9eff-63c129ddd4d1,7758c53c-72bd-41f1-ae51-843eb2a0f718,book,Various Interviews and Articles,2071,463,False
__shared__,5fdadb95-dc4e-567b-8e8e-061b25165a5b,3b38df84-e9bc-4e70-9032-d3fa65517cfd,book,Aufsätze über die Dreigliederung des sozialen Organismus und zur Zeitlage,1957,449,False
__shared__,5fecf43c-427a-57ef-8500-66b63fa9af23,f78a79d5-8e8f-435e-bb58-ef6577312f57,book,Lucifer-Gnosis. Grundlegende Aufsätze zur Anthroposophie und Berichte aus,1901,467,False
__shared__,6025d8b9-5528-576f-8bcb-592d71524284,f287d43a-5108-4e0c-baa8-5e7d3badfef7,book,Gesammelte Aufsätze zur Kultur- und Zeitgeschichte,1810,408,False
__shared__,603f53ac-64d2-5b38-afe1-617113effa43,f287d43a-5108-4e0c-baa8-5e7d3badfef7,book,Gesammelte Aufsätze zur Kultur- und Zeitgeschichte,1926,453,False
__shared__,60559299-63ea-54dc-b34e-739c6215c21b,lecture:19191024,book,Soziale Zukunft,2145,477,False
__shared__,6060e040-e14e-55c4-812c-da375e0a184f,lecture:19191025,book,Soziale Zukunft,1997,409,False
__shared__,607a8282-ff2f-5802-af63-6ca6f5dbb217,lecture:19220407,book,Damit der Mensch ganz Mensch werde,2147,502,False
__shared__,609932a5-1c0e-54e9-9b68-12e6cbb2275b,lecture:19210407a,book,Die befruchtende Wirkung der Anthroposophie auf die Fachwissenschaften,2112,456,False
__shared__,60c4bb5f-91fa-546b-aef7-5f69eab76274,f287d43a-5108-4e0c-baa8-5e7d3badfef7,book,Gesammelte Aufsätze zur Kultur- und Zeitgeschichte,1774,451,False
__shared__,60d89bba-d0a2-5c08-8d47-f16c7c570aba,lecture:19191110,book,Die Befreiung des Menschenwesens als Grundlage für eine soziale Neugestaltung.,1741,402,False
__shared__,614b6ef2-6815-5607-aa20-cc43e0e2ac87,d64fa532-6040-4fc2-9c43-ed4e5368bb92,book,Die Rätsel der Philosophie,1507,422,False
__shared__,6153cbd5-89bc-5e35-bb1b-b4706c8e7b7b,lecture:19200501b,book,Entsprechungen zwischen Mikrokosmos und Makrokosmos. Der Mensch — eine Hieroglyphe des Weltenalls.,2134,474,False
__shared__,61853aae-abe5-575f-8981-4d438b14a978,64e881df-0501-4815-9b0c-6cf545c383b6,book,Goethes Weltanschauung,1710,422,False
__shared__,618d6356-f1de-565d-8410-fe697869c96d,64e881df-0501-4815-9b0c-6cf545c383b6,book,Goethes Weltanschauung,2162,505,False
__shared__,61a54385-57ca-5452-841e-016dbd265feb,d64fa532-6040-4fc2-9c43-ed4e5368bb92,book,Die Rätsel der Philosophie,1748,429,False
__shared__,61a77e6d-8df0-5daf-9760-a974f1ebe30b,f287d43a-5108-4e0c-baa8-5e7d3badfef7,book,Gesammelte Aufsätze zur Kultur- und Zeitgeschichte,1661,416,False
__shared__,61c99149-a5b9-5cfa-b793-49f2cb9c23c3,lecture:19190422b,book,Neugestaltung des sozialen Organismus,1774,413,False
__shared__,61cde941-836e-5503-ae1a-23eed7479b06,908fc041-096e-4440-8593-b3267b712bf5,book,Die Wahrheit als Gesamtumfang aller Weltansichten,1978,491,False
__shared__,61e09a0b-e0b3-5765-871a-1c4c8e56b19e,f78a79d5-8e8f-435e-bb58-ef6577312f57,book,Lucifer-Gnosis. Grundlegende Aufsätze zur Anthroposophie und Berichte aus,2074,488,False
__shared__,61eadc67-7e06-543f-b1fc-8db5728d0749,lecture:19220803c,book,Nationalökonomisches Seminar.,1939,458,False
__shared__,61f3de5b-c25b-5438-b80a-c5a64a0c9c61,lecture:19200610b,book,Die Krisis der Gegenwart und der Weg zu gesundem Denken,1899,419,False
__shared__,61f553d5-8f16-5bb3-a1ff-43170693a122,908fc041-096e-4440-8593-b3267b712bf5,book,Die Wahrheit als Gesamtumfang aller Weltansichten,1868,428,False
__shared__,62489aca-7e2f-5b56-a987-f5d331d77a97,36371313-0400-4c90-9656-67d54052cf89,book,Julian Assange in his own words,1768,426,False
__shared__,6257615c-59c3-5f30-a310-a976b4e282f3,lecture:19200829b,book,Geisteswissenschaft als Erkenntnis der Grundimpulse sozialer Gestaltung,1983,454,False
__shared__,625b950f-ef6e-584c-b30e-ec70974e9d1a,lecture:19200416,book,Entsprechungen zwischen Mikrokosmos und Makrokosmos. Der Mensch — eine Hieroglyphe des Weltenalls.,1692,429,False
__shared__,626e01ce-70bc-5da7-aeca-e7b3ac910ef0,3b38df84-e9bc-4e70-9032-d3fa65517cfd,book,Aufsätze über die Dreigliederung des sozialen Organismus und zur Zeitlage,1948,428,False
__shared__,629f05f1-6e4b-523c-906e-3cb6fe71175d,f287d43a-5108-4e0c-baa8-5e7d3badfef7,book,Gesammelte Aufsätze zur Kultur- und Zeitgeschichte,1756,432,False
__shared__,62a9fc0e-4a6f-5371-ac6c-4fa0b9977cb4,f3b36ec2-031d-4715-ad66-dfc7f43cc491,book,Cypherpunks,2146,501,False
__shared__,62b90998-5101-5989-af58-26a4c1d87aaf,lecture:19200910,book,Geisteswissenschaft als Erkenntnis der Grundimpulse sozialer Gestaltung,1994,452,False
__shared__,62d30747-7c75-5d0d-8480-4d8bc025af8d,f3b36ec2-031d-4715-ad66-dfc7f43cc491,book,Cypherpunks,2187,507,False
__shared__,62d5ffb9-fac6-547c-a5e0-9b3043c523a5,lecture:19190210,book,Die soziale Frage,2161,462,False
__shared__,62e9c8fc-78af-5272-a981-1d9ceb1c2983,c2a4e407-cdf7-4802-be84-010cc485ef00,book,Methodische Grundlagen der Anthroposophie,1704,480,False
__shared__,62f0ac63-2dd9-5b7b-b865-753c6f76b9b3,lecture:19200303b,book,Soziale Ideen.,1836,402,False
__shared__,62fbd1b4-9200-5510-a973-3727f1d4ac2f,lecture:19220407,book,Damit der Mensch ganz Mensch werde,1912,461,False
__shared__,6300e472-f491-5b72-994c-8a51ab90909d,3b38df84-e9bc-4e70-9032-d3fa65517cfd,book,Aufsätze über die Dreigliederung des sozialen Organismus und zur Zeitlage,2044,453,False
__shared__,630d6142-72e8-59d6-8b47-d291d3776eb0,f78a79d5-8e8f-435e-bb58-ef6577312f57,book,Lucifer-Gnosis. Grundlegende Aufsätze zur Anthroposophie und Berichte aus,1876,442,False
__shared__,631b17ae-3ce4-59f2-b314-439aa547f332,lecture:19191020,book,Die Befreiung des Menschenwesens als Grundlage für eine soziale Neugestaltung.,2256,495,False
__shared__,634385df-89f1-5396-b6eb-0dfd0beedecb,lecture:19200317,book,Vom Einheitsstaat zum dreigliedrigen sozialen Organismus,2060,458,False
__shared__,634fc5b1-ccf2-53ea-8e50-e163be6e7fc5,f287d43a-5108-4e0c-baa8-5e7d3badfef7,book,Gesammelte Aufsätze zur Kultur- und Zeitgeschichte,1809,448,False
__shared__,63965a2c-160f-5b0c-b069-1788a5976e2f,f3b36ec2-031d-4715-ad66-dfc7f43cc491,book,Cypherpunks,2195,512,False
__shared__,6396f806-623a-5035-9d30-c078091aaf5c,lecture:19201004,book,Fachwissenschaften und Anthroposophie,2090,481,False
__shared__,639e4fb5-2b23-5f01-b22b-002b6d60cfb1,lecture:19210115b,book,Fachwissenschaften und Anthroposophie,2001,425,False
__shared__,63cf133f-ed9f-551e-9a75-1f27672fe489,lecture:19201004,book,Fachwissenschaften und Anthroposophie,2024,476,False
__shared__,63d5a488-6ca7-5b50-8df0-47f21760a332,908fc041-096e-4440-8593-b3267b712bf5,book,Die Wahrheit als Gesamtumfang aller Weltansichten,1848,446,False
__shared__,63dc14c2-ea41-5d74-bd82-3a7d33ae2a66,f78a79d5-8e8f-435e-bb58-ef6577312f57,book,Lucifer-Gnosis. Grundlegende Aufsätze zur Anthroposophie und Berichte aus,1800,439,False
__shared__,63ea321e-02d3-5004-acf0-db5e3e6daa6f,lecture:19190614,book,Betriebsräte und Sozialisierung,2205,471,False
__shared__,63fa6d23-664d-5e0c-9638-86e1778077b5,lecture:19190311,book,Die Befreiung des Menschenwesens als Grundlage für eine soziale Neugestaltung.,1859,404,False
__shared__,63fbbd3d-db6a-5eeb-8fb2-3b6a7eae314c,f78a79d5-8e8f-435e-bb58-ef6577312f57,book,Lucifer-Gnosis. Grundlegende Aufsätze zur Anthroposophie und Berichte aus,2012,491,False
__shared__,6415d2c3-811b-52e7-9ba4-5ad269ca9f6e,lecture:19200910,book,Geisteswissenschaft als Erkenntnis der Grundimpulse sozialer Gestaltung,2089,482,False
__shared__,64167634-f799-586e-87b1-da7704693bdb,d64fa532-6040-4fc2-9c43-ed4e5368bb92,book,Die Rätsel der Philosophie,1915,453,False
__shared__,6440607a-9536-58ec-85be-91f702b317a8,d64fa532-6040-4fc2-9c43-ed4e5368bb92,book,Die Rätsel der Philosophie,1618,407,False
__shared__,644a811a-db1c-550f-ab97-426054af87d9,47b137d3-f414-406f-b142-ed72c7e8989c,book,Einleitungen zu Goethes Naturwissenschaftlichen Schriften,1767,416,False
__shared__,644c40fb-bd24-5dcf-9ba3-f92663f46444,lecture:19220731b,book,Nationalökonomischer Kurs.,1953,440,False
__shared__,6460ae64-00c4-5c4d-baa2-2f70b2ab7dc8,908fc041-096e-4440-8593-b3267b712bf5,book,Die Wahrheit als Gesamtumfang aller Weltansichten,1828,468,False
__shared__,647a923a-042d-5cce-92d5-bb2d4c9bab69,f287d43a-5108-4e0c-baa8-5e7d3badfef7,book,Gesammelte Aufsätze zur Kultur- und Zeitgeschichte,1670,441,False
__shared__,64905808-7b0d-50c1-b4a1-862c60c63b72,c2a4e407-cdf7-4802-be84-010cc485ef00,book,Methodische Grundlagen der Anthroposophie,1841,440,False
__shared__,64a75514-bd95-57d1-9f77-81942c131879,lecture:19220408,book,Damit der Mensch ganz Mensch werde,1646,403,False
__shared__,64ab3191-e415-5956-afe1-87343efa2bfe,lecture:19140122,book,Der menschliche und der kosmische Gedanke,1748,425,False
__shared__,64c1f024-8cac-532b-be25-d94505a3b21d,lecture:19210403a,book,Die befruchtende Wirkung der Anthroposophie auf die Fachwissenschaften,1988,493,False
__shared__,64cc4a35-ecb8-504f-8695-4c8cf2e8ebcd,lecture:19210404a,book,Die befruchtende Wirkung der Anthroposophie auf die Fachwissenschaften,1809,409,False
__shared__,650e3e38-3159-5a41-bc8e-89b7f69f4902,4b8e4c2a-3f1b-4d2e-9c4a-8e4f4b2c3a1d,book,Die Philosophie der Freiheit,1788,404,False
__shared__,653025af-28ad-5c20-a351-e244b7978338,c2a4e407-cdf7-4802-be84-010cc485ef00,book,Methodische Grundlagen der Anthroposophie,1886,475,False
__shared__,6548e3e1-0372-577e-81a4-b6128f330ade,4b8e4c2a-3f1b-4d2e-9c4a-8e4f4b2c3a1d,book,Die Philosophie der Freiheit,1992,463,False
__shared__,655bb5fe-8250-5d13-9f12-97f2ec8a025f,lecture:19190614,book,Betriebsräte und Sozialisierung,1952,421,False
__shared__,656f5d9e-0643-5499-b035-c4f653b74134,lecture:19190709,book,Neugestaltung des sozialen Organismus,2019,492,False
__shared__,659771e1-e993-581a-8c66-d618c79e162d,908fc041-096e-4440-8593-b3267b712bf5,book,Die Wahrheit als Gesamtumfang aller Weltansichten,1646,475,False
__shared__,65b7c820-0518-5c12-82d9-7b1bb07ae5bd,lecture:19200423b,book,Entsprechungen zwischen Mikrokosmos und Makrokosmos. Der Mensch — eine Hieroglyphe des Weltenalls.,2296,493,False
__shared__,65b8f856-7a22-5b14-bef9-77bcfac7d955,7758c53c-72bd-41f1-ae51-843eb2a0f718,book,Various Interviews and Articles,1744,403,False
__shared__,65bd54b6-e8b9-503a-961a-4b0a22955378,lecture:19200502b,book,Entsprechungen zwischen Mikrokosmos und Makrokosmos. Der Mensch — eine Hieroglyphe des Weltenalls.,2316,511,False
__shared__,65d3411b-171d-5868-bbb6-f0776d14c0d7,lecture:19210115b,book,Fachwissenschaften und Anthroposophie,2041,460,False
__shared__,65ec6f87-f009-58de-93fb-1bfdbf020366,lecture:19190830a,book,Allgemeine Menschenkunde als Grundlage der Pädagogik,1784,413,False
__shared__,660212e2-a325-5c00-aba9-0d0c9e1bb1f7,lecture:19190525,book,Soziale Ideen.,1867,403,False
__shared__,6632052e-83f4-532d-9bde-97d757542e71,f78a79d5-8e8f-435e-bb58-ef6577312f57,book,Lucifer-Gnosis. Grundlegende Aufsätze zur Anthroposophie und Berichte aus,2212,475,False
__shared__,6640aed2-6c7b-5e16-a92b-3054d4e4877c,908fc041-096e-4440-8593-b3267b712bf5,book,Die Wahrheit als Gesamtumfang aller Weltansichten,1666,413,False
__shared__,66462410-bf15-5792-bf3b-dc7644e5697e,c2a4e407-cdf7-4802-be84-010cc485ef00,book,Methodische Grundlagen der Anthroposophie,1923,491,False
__shared__,665838a1-d8fb-5979-b757-9c686d3456f7,lecture:19191110,book,Die Befreiung des Menschenwesens als Grundlage für eine soziale Neugestaltung.,2184,502,False
__shared__,6659b7b5-5a61-5eba-a7dc-8a752f8e4640,f78a79d5-8e8f-435e-bb58-ef6577312f57,book,Lucifer-Gnosis. Grundlegende Aufsätze zur Anthroposophie und Berichte aus,2124,510,False
__shared__,665a7f4f-dbb2-5f7e-ba20-8c36980d084b,lecture:19220805c,book,Nationalökonomischer Kurs.,1943,419,False
__shared__,668fbc39-e6b9-56d6-94e1-b3d79d04b7ca,lecture:19200808b,book,Geisteswissenschaft als Erkenntnis der Grundimpulse sozialer Gestaltung,1951,481,False
__shared__,66bf0720-6d46-559d-b8f1-15ce970f100d,64e881df-0501-4815-9b0c-6cf545c383b6,book,Goethes Weltanschauung,1629,410,False
__shared__,66c28e55-d32a-5cc6-8b8c-9bb1742e6d2c,lecture:19200823,book,Soziale Ideen.,1841,440,False
__shared__,66cba893-1bc2-5122-a565-1c649aa6036c,47b137d3-f414-406f-b142-ed72c7e8989c,book,Einleitungen zu Goethes Naturwissenschaftlichen Schriften,1768,401,False
__shared__,66ee8c3c-13fb-5ff0-9d42-3bab5adcfe93,3b38df84-e9bc-4e70-9032-d3fa65517cfd,book,Aufsätze über die Dreigliederung des sozialen Organismus und zur Zeitlage,1904,414,False
__shared__,6709325f-bc5a-589f-87d1-9d9d7d91ba6c,64e881df-0501-4815-9b0c-6cf545c383b6,book,Goethes Weltanschauung,1978,487,False
__shared__,674752e1-6d80-56e7-83af-132d2a5dd57f,lecture:19210407a,book,Die befruchtende Wirkung der Anthroposophie auf die Fachwissenschaften,2006,449,False
__shared__,67bd52a6-3c1b-57e3-ab85-c82fdf0f0508,lecture:19200329b,book,Fachwissenschaften und Anthroposophie,1918,420,False
__shared__,67cbc565-8d67-53cd-bee5-055dc46e8dcf,0c20163d-b14e-4750-988b-3b58c0fa3126,book,Code Version 2 0,2221,494,False
__shared__,67df2bbc-0b30-50a2-8bf4-3c1d0312265b,lecture:19211125,book,Die Wirklichkeit der höheren Welten,2101,490,False
__shared__,67e57e5f-cbd4-5aa4-8b09-c4fc15235297,c2a4e407-cdf7-4802-be84-010cc485ef00,book,Methodische Grundlagen der Anthroposophie,1909,448,False
__shared__,67eae138-12e4-5e2c-ab1a-a19e89ac1611,lecture:19220802d,book,Nationalökonomisches Seminar.,2017,439,False
__shared__,6825f1d4-6c0e-59af-83ac-b03b1ca5a1aa,lecture:19190823a,book,Allgemeine Menschenkunde als Grundlage der Pädagogik,2140,509,False
__shared__,6829ea28-b8da-5dec-ad7c-4a9b1ae2061c,d64fa532-6040-4fc2-9c43-ed4e5368bb92,book,Die Rätsel der Philosophie,2013,474,False
__shared__,68afa77b-f9f5-51c8-9c44-25343dce75bb,lecture:19191030,book,Soziale Zukunft,1824,406,False
__shared__,68c16661-ac5b-58fc-81a6-185a54c86205,f287d43a-5108-4e0c-baa8-5e7d3badfef7,book,Gesammelte Aufsätze zur Kultur- und Zeitgeschichte,1833,419,False
__shared__,68d31e17-047d-583b-868e-0e5a323ff802,3b38df84-e9bc-4e70-9032-d3fa65517cfd,book,Aufsätze über die Dreigliederung des sozialen Organismus und zur Zeitlage,2183,495,False
__shared__,6910b1df-ebea-56f0-a643-29e20d701d5c,4c09f3d5-3f5c-42b7-beba-f12fc46594bc,book,Free Software Free Society,1839,456,False
__shared__,69159969-06a8-53cd-a069-7eb86179c1eb,lecture:19200816,book,Soziale Ideen.,2003,452,False
__shared__,693411fc-fc45-5f31-bc4b-c6dbe9038b14,lecture:19220409,book,Damit der Mensch ganz Mensch werde,1992,495,False
__shared__,69375441-ab1c-5965-80f0-a348da124f52,lecture:19190826b,book,Erziehungskunst. Methodisch-Didaktisches,1985,455,False
__shared__,6969b0ee-0ad6-5512-8158-6a9a13bf74c1,f287d43a-5108-4e0c-baa8-5e7d3badfef7,book,Gesammelte Aufsätze zur Kultur- und Zeitgeschichte,1591,431,False
__shared__,6971e17f-74fc-51ca-bd01-07df5752feb7,f3b36ec2-031d-4715-ad66-dfc7f43cc491,book,Cypherpunks,2037,452,False
__shared__,69848ab9-1b26-5331-8134-80f6f3f7af70,lecture:19200515b,book,Entsprechungen zwischen Mikrokosmos und Makrokosmos. Der Mensch — eine Hieroglyphe des Weltenalls.,1677,430,False
__shared__,698614a8-8905-55f4-9cba-a54228fb8863,lecture:19200608,book,Die Krisis der Gegenwart und der Weg zu gesundem Denken,1938,441,False
__shared__,699a9830-80bc-53f7-b78c-678f44afed80,lecture:19200312b,book,Die Krisis der Gegenwart und der Weg zu gesundem Denken,1959,435,False
__shared__,69c2d6ba-667b-510c-a087-ae8e1b1c781d,lecture:19191030,book,Soziale Zukunft,1842,407,False
__shared__,69e37459-ac97-5e5f-9816-fc7dd9e136f1,f78a79d5-8e8f-435e-bb58-ef6577312f57,book,Lucifer-Gnosis. Grundlegende Aufsätze zur Anthroposophie und Berichte aus,2218,510,False
__shared__,6a2c5fdf-6be1-50a5-a342-5bd48b99a7f7,lecture:19190821b,book,Erziehungskunst. Methodisch-Didaktisches,1496,405,False
__shared__,6a342690-5129-5fed-878b-c07bd6dfc2e5,lecture:19191014,book,Die Befreiung des Menschenwesens als Grundlage für eine soziale Neugestaltung.,1956,427,False
__shared__,6a82060a-2cba-595e-a64d-8511080ee28c,c2a4e407-cdf7-4802-be84-010cc485ef00,book,Methodische Grundlagen der Anthroposophie,2125,474,False
__shared__,6a94d029-e551-5c87-a45a-fecf67336d74,lecture:19200330b,book,Fachwissenschaften und Anthroposophie,2342,507,False
__shared__,6a9a4c92-20f3-5fd8-ace4-dbf8f2bb0796,d64fa532-6040-4fc2-9c43-ed4e5368bb92,book,Die Rätsel der Philosophie,1953,457,False
__shared__,6ada201f-3ac1-5ec1-9983-f56f63c5ab0f,4b8e4c2a-3f1b-4d2e-9c4a-8e4f4b2c3a1d,book,Die Philosophie der Freiheit,1759,431,False
__shared__,6ae7e732-d39c-5859-991e-2f67c50d99c8,lecture:19200411b,book,Entsprechungen zwischen Mikrokosmos und Makrokosmos. Der Mensch — eine Hieroglyphe des Weltenalls.,1967,462,False
__shared__,6b0d7aa0-a8d8-5b54-b363-f894275f3cd4,7758c53c-72bd-41f1-ae51-843eb2a0f718,book,Various Interviews and Articles,1800,407,False
__shared__,6b20050e-7169-5097-8ca2-06a0f106466b,lecture:19211129a,book,Die Wirklichkeit der höheren Welten,2101,467,False
__shared__,6b30d75e-6de0-5da3-b483-b936864b8925,lecture:19200516b,book,Entsprechungen zwischen Mikrokosmos und Makrokosmos. Der Mensch — eine Hieroglyphe des Weltenalls.,1782,421,False
__shared__,6b5b5520-8f64-5c44-9a9c-14c54c82b83c,lecture:19190702,book,Betriebsräte und Sozialisierung,2286,506,False
__shared__,6b5c9d32-49db-54f5-9979-5beec80335a0,f78a79d5-8e8f-435e-bb58-ef6577312f57,book,Lucifer-Gnosis. Grundlegende Aufsätze zur Anthroposophie und Berichte aus,2125,477,False
__shared__,6b5e27f0-d6fc-5bdf-9412-0c4dc7d2b1cf,lecture:19200502b,book,Entsprechungen zwischen Mikrokosmos und Makrokosmos. Der Mensch — eine Hieroglyphe des Weltenalls.,2130,483,False
__shared__,6b6e534e-eb35-5a2f-85f3-e4a5d15db763,lecture:19200615,book,Die Krisis der Gegenwart und der Weg zu gesundem Denken,1890,422,False
__shared__,6b73b264-8aa2-50fc-9508-ce885f78086a,lecture:19200514,book,Entsprechungen zwischen Mikrokosmos und Makrokosmos. Der Mensch — eine Hieroglyphe des Weltenalls.,2127,491,False
__shared__,6b7ad07d-156c-5b46-88f9-8e67137ae57b,lecture:19201012,book,Soziale Ideen.,1781,416,False
__shared__,6b984f03-2269-587c-a3bc-154a64f4842a,f78a79d5-8e8f-435e-bb58-ef6577312f57,book,Lucifer-Gnosis. Grundlegende Aufsätze zur Anthroposophie und Berichte aus,1853,452,False
__shared__,6baee640-2b35-5cdc-bb45-72ad36393fbb,lecture:19210407a,book,Die befruchtende Wirkung der Anthroposophie auf die Fachwissenschaften,1748,438,False
__shared__,6c026022-e7c9-5336-a4f8-943a2bb0b1ae,lecture:19190825c,book,Erziehungskunst. Seminarbesprechungen und Lehrplanvorträge,1565,416,False
__shared__,6c130b5a-cb7d-5733-b074-789527cd9dd6,lecture:19190409,book,Die Befreiung des Menschenwesens als Grundlage für eine soziale Neugestaltung.,1799,426,False
__shared__,6c39ca63-0aa9-5e14-b7d2-c3e0a8d6a304,lecture:19190525,book,Soziale Ideen.,1875,410,False
__shared__,6c3b0419-5f84-566e-bbf1-248e35462cdd,lecture:19140122,book,Der menschliche und der kosmische Gedanke,2132,503,False
__shared__,6c50e7e3-a1c2-5797-81d5-7cd6b3cf5677,lecture:19190409,book,Die Befreiung des Menschenwesens als Grundlage für eine soziale Neugestaltung.,2280,488,False
__shared__,6c70c72a-2ea2-55fe-b8c2-2ed2d60f5c39,c2a4e407-cdf7-4802-be84-010cc485ef00,book,Methodische Grundlagen der Anthroposophie,2032,473,False
__shared__,6c95cfb3-f9c0-5bbe-902c-3471ac7396d7,f8e6c475-a0e5-4081-b265-61a7536a183e,book,Die Kernpunkte der sozialen Frage,2106,427,False
__shared__,6cb3637a-6f8e-559e-88b7-098ee6364cbc,f78a79d5-8e8f-435e-bb58-ef6577312f57,book,Lucifer-Gnosis. Grundlegende Aufsätze zur Anthroposophie und Berichte aus,2197,506,False
__shared__,6cd157b6-5346-5eb8-b418-d1cfa3d69905,lecture:19200911,book,Geisteswissenschaft als Erkenntnis der Grundimpulse sozialer Gestaltung,1961,436,False
__shared__,6ce1e05d-5c7b-5481-9081-cd495cb36b6b,lecture:19211014a,book,Anthroposophie soziale Dreigliederung und Redekunst.,1791,424,False
__shared__,6ce4a853-af94-5566-850d-985d996aea99,lecture:19200411b,book,Entsprechungen zwischen Mikrokosmos und Makrokosmos. Der Mensch — eine Hieroglyphe des Weltenalls.,1812,438,False
__shared__,6d162a77-983f-53da-b773-aa08207f89dc,lecture:19200822b,book,Geisteswissenschaft als Erkenntnis der Grundimpulse sozialer Gestaltung,2246,506,False
__shared__,6d7a0725-3b1c-5fe2-9d31-2fffe723e432,f3b36ec2-031d-4715-ad66-dfc7f43cc491,book,Cypherpunks,1477,411,False
__shared__,6d84ea15-c931-5b8d-954e-1593fa1453cf,lecture:19190730,book,Soziale Ideen.,1714,404,False
__shared__,6d87537f-e4ca-5be3-b706-701ba73e8bdc,lecture:19200501b,book,Entsprechungen zwischen Mikrokosmos und Makrokosmos. Der Mensch — eine Hieroglyphe des Weltenalls.,1743,408,False
__shared__,6d8d59ac-1d6a-5cb4-b863-efa8073ab7c9,36371313-0400-4c90-9656-67d54052cf89,book,Julian Assange in his own words,1975,472,False
__shared__,6da3c4d0-edb6-56a9-bf31-1b408071b8d1,lecture:19200615,book,Die Krisis der Gegenwart und der Weg zu gesundem Denken,2206,511,False
__shared__,6da44382-5b45-563e-b786-d5f321a68323,lecture:19211129a,book,Die Wirklichkeit der höheren Welten,1896,421,False
__shared__,6dad156e-3abf-5ca5-8f66-97071ffab891,f3b36ec2-031d-4715-ad66-dfc7f43cc491,book,Cypherpunks,1759,429,False
__shared__,6db6b6d6-9c19-58dd-a55a-c149aa4da450,lecture:19190717,book,Betriebsräte und Sozialisierung,1977,457,False
__shared__,6dc0850f-7b92-5131-af1e-06a2ec11bbd5,lecture:19200821,book,Geisteswissenschaft als Erkenntnis der Grundimpulse sozialer Gestaltung,1754,408,False
__shared__,6dca418b-7a2f-5997-9182-b872d186ff0f,d64fa532-6040-4fc2-9c43-ed4e5368bb92,book,Die Rätsel der Philosophie,1973,467,False
__shared__,6dde0f2b-b08c-50a7-be43-339d8eb6b046,lecture:19200617,book,Fachwissenschaften und Anthroposophie,1976,408,False
__shared__,6e0dd8e9-f663-50d9-b7b0-a961c8eddd95,lecture:19190823a,book,Allgemeine Menschenkunde als Grundlage der Pädagogik,1801,416,False
__shared__,6e736d28-4dde-5d13-9d9e-347a4849c054,908fc041-096e-4440-8593-b3267b712bf5,book,Die Wahrheit als Gesamtumfang aller Weltansichten,1862,486,False
__shared__,6e7863aa-d249-51c0-a651-8c773ce88582,c2a4e407-cdf7-4802-be84-010cc485ef00,book,Methodische Grundlagen der Anthroposophie,1951,502,False
__shared__,6e8bebc5-a151-5be3-b9e0-9249071995ab,lecture:19190902c,book,Erziehungskunst. Seminarbesprechungen und Lehrplanvorträge,1795,429,False
__shared__,6efdac9c-cee2-5dba-a855-131d2a61a05e,lecture:19190516,book,Neugestaltung des sozialen Organismus,2362,490,False
__shared__,6efeca25-248d-59e1-8116-272474db0000,e58f6369-f7a7-4213-845f-c5b9bf82ffe5,book,Wahrheit und Wissenschaft,1932,487,False
__shared__,6eff64b2-1975-58af-aaa7-44b57b152c8f,lecture:19200807,book,Geisteswissenschaft als Erkenntnis der Grundimpulse sozialer Gestaltung,2033,484,False
__shared__,6f390688-711b-59cf-9622-4fe81e3f5805,c2a4e407-cdf7-4802-be84-010cc485ef00,book,Methodische Grundlagen der Anthroposophie,1746,490,False
__shared__,6f6efa6c-f2e3-5cde-8837-f21120bd9fd8,f8e6c475-a0e5-4081-b265-61a7536a183e,book,Die Kernpunkte der sozialen Frage,2130,455,False
__shared__,6fc0a2b9-2fa2-59b1-aef4-746704e6e73a,lecture:19190730,book,Soziale Ideen.,2079,482,False
__shared__,6fc19e02-8607-5367-ae2c-ab7c6c6bf652,908fc041-096e-4440-8593-b3267b712bf5,book,Die Wahrheit als Gesamtumfang aller Weltansichten,2096,496,False
__shared__,6fc22689-5f42-5ee9-b887-ba20267b8b75,lecture:19220408,book,Damit der Mensch ganz Mensch werde,2110,479,False
__shared__,6fc89969-4ceb-5672-ac48-24a1d8ed12b6,lecture:19220803c,book,Nationalökonomisches Seminar.,1987,473,False
__shared__,6fd5797e-884d-58d6-8edf-eb1a79908845,lecture:19201006c,book,Fachwissenschaften und Anthroposophie,2165,463,False
__shared__,6ff9e9c1-7151-5c18-ad06-0647c38a401e,lecture:19190826a,book,Allgemeine Menschenkunde als Grundlage der Pädagogik,2074,505,False
__shared__,6ffeb9d1-21d6-592b-8563-126b6329e476,lecture:19190203,book,Die soziale Frage,1832,417,False
__shared__,700ee25f-51b5-5cc0-9858-503ffc570aa5,47b137d3-f414-406f-b142-ed72c7e8989c,book,Einleitungen zu Goethes Naturwissenschaftlichen Schriften,2025,509,False
__shared__,704283ca-ec9c-5d74-b3cc-16c8a3cd3023,lecture:19200505b,book,Vom Einheitsstaat zum dreigliedrigen sozialen Organismus,1952,445,False
__shared__,705b0b86-740a-5011-aa47-4ef50f192c32,3b38df84-e9bc-4e70-9032-d3fa65517cfd,book,Aufsätze über die Dreigliederung des sozialen Organismus und zur Zeitlage,1999,456,False
__shared__,707b0001-78bb-5c37-a6b0-cf036d669e04,lecture:19190212,book,Die soziale Frage,1927,414,False
__shared__,708c5838-43e2-5dad-8e52-188e97e8c94e,7758c53c-72bd-41f1-ae51-843eb2a0f718,book,Various Interviews and Articles,1805,414,False
__shared__,70a5e963-41c1-50f5-b33b-4eec2b0d435e,e58f6369-f7a7-4213-845f-c5b9bf82ffe5,book,Wahrheit und Wissenschaft,1952,453,False
__shared__,70f98971-991b-5898-8ccb-680cb960e608,lecture:19191110,book,Die Befreiung des Menschenwesens als Grundlage für eine soziale Neugestaltung.,1752,409,False
__shared__,7120e056-e692-54dc-9e54-0a725093369e,3b38df84-e9bc-4e70-9032-d3fa65517cfd,book,Aufsätze über die Dreigliederung des sozialen Organismus und zur Zeitlage,2437,510,False
__shared__,712fb001-f427-59d0-9829-38535bd78b1b,lecture:19190730,book,Soziale Ideen.,1904,442,False
__shared__,715ed757-2188-5345-883a-5729349517e3,f287d43a-5108-4e0c-baa8-5e7d3badfef7,book,Gesammelte Aufsätze zur Kultur- und Zeitgeschichte,1690,414,False
__shared__,716b9029-db32-587d-8164-5cb4e94c5134,lecture:19220803c,book,Nationalökonomisches Seminar.,2047,452,False
__shared__,717252ba-f7df-5c87-9bd6-826df585cecd,lecture:19200504b,book,Vom Einheitsstaat zum dreigliedrigen sozialen Organismus,1990,482,False
__shared__,719ff830-8632-52ca-9e28-24bc343ab3aa,lecture:19190528,book,Betriebsräte und Sozialisierung,2194,467,False
__shared__,71a937d7-909a-53b2-a7ed-408ceced6a06,lecture:19200106,book,Vom Einheitsstaat zum dreigliedrigen sozialen Organismus,1899,435,False
__shared__,71e9aaea-335e-58de-a0ca-d00a38d3ad2f,4b8e4c2a-3f1b-4d2e-9c4a-8e4f4b2c3a1d,book,Die Philosophie der Freiheit,1892,405,False
__shared__,71ee4c08-c41d-503f-a925-35aef76eb594,lecture:19190828a,book,Allgemeine Menschenkunde als Grundlage der Pädagogik,1758,419,False
__shared__,72058919-3cc1-5e55-9fea-c6976400b4da,lecture:19200515b,book,Entsprechungen zwischen Mikrokosmos und Makrokosmos. Der Mensch — eine Hieroglyphe des Weltenalls.,2183,498,False
__shared__,720f60a6-b568-560e-8501-bce76b774625,lecture:19201010a,book,Soziale Ideen.,2336,505,False
__shared__,722a3e86-21b2-52cf-abda-eb05d7242311,908fc041-096e-4440-8593-b3267b712bf5,book,Die Wahrheit als Gesamtumfang aller Weltansichten,1717,427,False
__shared__,7235df46-3e8c-5c9a-ab43-7668d2709b5a,lecture:19220726b,book,Nationalökonomischer Kurs.,2179,485,False
__shared__,727c4f74-b28b-5d5b-80df-069129910ed1,c2a4e407-cdf7-4802-be84-010cc485ef00,book,Methodische Grundlagen der Anthroposophie,1875,435,False
__shared__,7290cc59-f009-5f89-b522-f9290b545b69,lecture:19200407b,book,Fachwissenschaften und Anthroposophie,2143,483,False
__shared__,72c11ea9-1460-51a8-80ae-9f3021ad7b4f,lecture:19190903b,book,Erziehungskunst. Methodisch-Didaktisches,2184,479,False
__shared__,72d0a9b3-3349-5468-9859-ada61d08fc85,f3b36ec2-031d-4715-ad66-dfc7f43cc491,book,Cypherpunks,1490,451,False
__shared__,72d9099b-bc06-5ec6-904d-7111b696584f,d64fa532-6040-4fc2-9c43-ed4e5368bb92,book,Die Rätsel der Philosophie,2127,511,False
__shared__,72e14f7b-934c-56ad-9384-a480e2fe1df7,f78a79d5-8e8f-435e-bb58-ef6577312f57,book,Lucifer-Gnosis. Grundlegende Aufsätze zur Anthroposophie und Berichte aus,2008,466,False
__shared__,72e26538-026f-54db-ad11-f7beb5dab738,lecture:19200317,book,Vom Einheitsstaat zum dreigliedrigen sozialen Organismus,1989,462,False
__shared__,72f7a17c-dd12-5b16-94ff-0f416eea9e3c,44217040-65bf-4150-9fa8-bac9c57cd1b1,book,Grundlinien einer Erkenntnistheorie der Goetheschen Weltanschauung,1937,457,False
__shared__,73035d5d-568e-5368-aa7c-f7e39a7b5887,lecture:19190522,book,Betriebsräte und Sozialisierung,2178,499,False
__shared__,73151f66-696b-5757-872c-bf813b4d8b4b,3b38df84-e9bc-4e70-9032-d3fa65517cfd,book,Aufsätze über die Dreigliederung des sozialen Organismus und zur Zeitlage,2208,483,False
__shared__,73261f81-a63e-523a-bbfc-be139a78c40c,f78a79d5-8e8f-435e-bb58-ef6577312f57,book,Lucifer-Gnosis. Grundlegende Aufsätze zur Anthroposophie und Berichte aus,1739,453,False
__shared__,733dcd9c-9557-511e-84e4-5026eb957ab2,c2a4e407-cdf7-4802-be84-010cc485ef00,book,Methodische Grundlagen der Anthroposophie,2091,493,False
__shared__,7375a1fe-ff93-5c54-8b98-f2c34d8defaa,f287d43a-5108-4e0c-baa8-5e7d3badfef7,book,Gesammelte Aufsätze zur Kultur- und Zeitgeschichte,1812,432,False
__shared__,737d50ea-9b49-52bf-8b24-7c067c39b792,lecture:19140120b,book,Der menschliche und der kosmische Gedanke,2098,492,False
__shared__,73d199f1-5291-5d67-b0de-45cb2771b90b,f287d43a-5108-4e0c-baa8-5e7d3badfef7,book,Gesammelte Aufsätze zur Kultur- und Zeitgeschichte,1907,469,False
__shared__,740ddc0e-f8ea-56a1-be13-06b2f7586835,c2a4e407-cdf7-4802-be84-010cc485ef00,book,Methodische Grundlagen der Anthroposophie,1992,458,False
__shared__,740f96e9-1ecf-5b7c-95ab-928eb5d9b1f3,3b38df84-e9bc-4e70-9032-d3fa65517cfd,book,Aufsätze über die Dreigliederung des sozialen Organismus und zur Zeitlage,2108,492,False
__shared__,741a904a-dbe9-5b2e-a8fa-9b592913c42d,lecture:19200310b,book,Die Krisis der Gegenwart und der Weg zu gesundem Denken,2122,502,False
__shared__,743a8c35-7ac8-57c6-a1b8-3588942683c6,123ef8cb-a442-4bbc-9570-e8681dd67f9f,book,Rebel Code,1721,414,False
__shared__,74536e2b-0940-5996-aca3-52d09b3a6a38,lecture:19190319,book,Die Befreiung des Menschenwesens als Grundlage für eine soziale Neugestaltung.,2192,498,False
__shared__,7457a609-7821-5d1e-9aa2-e10b5cd4f826,d64fa532-6040-4fc2-9c43-ed4e5368bb92,book,Die Rätsel der Philosophie,2067,512,False
__shared__,74722977-0da8-58ac-abfe-b2a684d14606,lecture:19190212,book,Die soziale Frage,1830,404,False
__shared__,74a19a42-abef-5495-8cde-8b65de8920fc,d64fa532-6040-4fc2-9c43-ed4e5368bb92,book,Die Rätsel der Philosophie,1755,431,False
__shared__,74aaacca-d838-58e2-8f4a-ec2e70070db4,lecture:19200911,book,Geisteswissenschaft als Erkenntnis der Grundimpulse sozialer Gestaltung,2234,500,False
__shared__,74dbd81e-453a-51e1-8fa8-191774a798bc,f287d43a-5108-4e0c-baa8-5e7d3badfef7,book,Gesammelte Aufsätze zur Kultur- und Zeitgeschichte,1846,496,False
__shared__,74f46348-f716-53e5-b1e1-4bbeaf476a91,lecture:19200416,book,Entsprechungen zwischen Mikrokosmos und Makrokosmos. Der Mensch — eine Hieroglyphe des Weltenalls.,2040,497,False
__shared__,7507d895-d3c5-52d7-8325-da4b22585026,c2a4e407-cdf7-4802-be84-010cc485ef00,book,Methodische Grundlagen der Anthroposophie,1964,482,False
__shared__,75097a06-f0b6-569c-ad88-caed3bff9a6f,f287d43a-5108-4e0c-baa8-5e7d3badfef7,book,Gesammelte Aufsätze zur Kultur- und Zeitgeschichte,2089,493,False
__shared__,7568b30c-adb1-5ac7-8cba-d0957f2fd0d1,c2a4e407-cdf7-4802-be84-010cc485ef00,book,Methodische Grundlagen der Anthroposophie,1822,448,False
__shared__,75bc79c0-d0cc-5a8b-b73a-d88b1539b03f,c2a4e407-cdf7-4802-be84-010cc485ef00,book,Methodische Grundlagen der Anthroposophie,1882,452,False
__shared__,75c35bc6-a94a-5165-84a0-71d336b51d8b,lecture:19190906a,book,Erziehungskunst. Seminarbesprechungen und Lehrplanvorträge,2225,493,False
__shared__,75cbbff4-12f4-567c-9b74-1c0f28100329,123ef8cb-a442-4bbc-9570-e8681dd67f9f,book,Rebel Code,1530,421,False
__shared__,75cf3cf2-8a36-5f8b-b7b7-753f2799f419,c2a4e407-cdf7-4802-be84-010cc485ef00,book,Methodische Grundlagen der Anthroposophie,1922,445,False
__shared__,75ef7829-9ecf-5e85-8e8a-d2aaa9e4eb09,lecture:19200806,book,Geisteswissenschaft als Erkenntnis der Grundimpulse sozialer Gestaltung,2036,459,False
__shared__,75f43a51-daef-517a-9b21-31f9658a67fc,lecture:19191020,book,Die Befreiung des Menschenwesens als Grundlage für eine soziale Neugestaltung.,2048,472,False
__shared__,7605a080-826d-5db5-ab51-047dec30c4b7,64e881df-0501-4815-9b0c-6cf545c383b6,book,Goethes Weltanschauung,1812,445,False
__shared__,760f7133-5199-5e08-8fc6-93316232e345,908fc041-096e-4440-8593-b3267b712bf5,book,Die Wahrheit als Gesamtumfang aller Weltansichten,1691,408,False
__shared__,761297f4-43ab-582c-9a49-5222df553b9c,c2a4e407-cdf7-4802-be84-010cc485ef00,book,Methodische Grundlagen der Anthroposophie,1898,458,False
__shared__,761d6b4d-35ab-5dd3-b7e9-bc940a73c767,lecture:19210114b,book,Fachwissenschaften und Anthroposophie,1876,426,False
__shared__,7633e33a-1a73-59ea-889c-f87adba8a848,lecture:19200918,book,Geisteswissenschaft als Erkenntnis der Grundimpulse sozialer Gestaltung,2094,496,False
__shared__,76712eaa-d8dd-5b8f-b0cc-df3990902193,908fc041-096e-4440-8593-b3267b712bf5,book,Die Wahrheit als Gesamtumfang aller Weltansichten,1471,402,False
__shared__,767d70e2-2673-5cfd-a55d-183c81183751,3b38df84-e9bc-4e70-9032-d3fa65517cfd,book,Aufsätze über die Dreigliederung des sozialen Organismus und zur Zeitlage,1867,444,False
__shared__,76c20ee6-5097-5684-be32-0b3ab6ed2d07,lecture:19190828a,book,Allgemeine Menschenkunde als Grundlage der Pädagogik,1927,484,False
__shared__,76d49965-3690-5ce5-ba35-bb7f9f7bf40e,lecture:19190823a,book,Allgemeine Menschenkunde als Grundlage der Pädagogik,1704,406,False
__shared__,76da6b35-5ad2-59fe-8863-d935f964ba1a,e58f6369-f7a7-4213-845f-c5b9bf82ffe5,book,Wahrheit und Wissenschaft,1893,401,False
__shared__,7711e794-ec32-5f27-ba2f-195c2b84c22b,lecture:19190702,book,Betriebsräte und Sozialisierung,2250,496,False
__shared__,77710b99-9e94-57dd-8fa9-0f5fa02d2d8c,f78a79d5-8e8f-435e-bb58-ef6577312f57,book,Lucifer-Gnosis. Grundlegende Aufsätze zur Anthroposophie und Berichte aus,2045,491,False
__shared__,77864e44-368d-5c15-ac30-f045b0f98dd0,908fc041-096e-4440-8593-b3267b712bf5,book,Die Wahrheit als Gesamtumfang aller Weltansichten,1637,428,False
__shared__,77a9dd70-5ab6-5b50-ad6b-ecf32958ef05,lecture:19210112b,book,Fachwissenschaften und Anthroposophie,2184,488,False
__shared__,77b8d5be-0830-5bfb-b808-abbdb58585c2,lecture:19190522,book,Betriebsräte und Sozialisierung,2169,496,False
__shared__,77f87e9b-8372-5cf8-ae47-4a67309a1726,lecture:19140120b,book,Der menschliche und der kosmische Gedanke,1856,472,False
__shared__,781857da-e415-522a-b30b-53cd26027733,47b137d3-f414-406f-b142-ed72c7e8989c,book,Einleitungen zu Goethes Naturwissenschaftlichen Schriften,1483,414,False
__shared__,7822896e-186e-51aa-a876-6fd071133e09,123ef8cb-a442-4bbc-9570-e8681dd67f9f,book,Rebel Code,1728,419,False
__shared__,78282216-9fca-54b7-9fce-7c13c846168b,lecture:19190702,book,Betriebsräte und Sozialisierung,2298,500,False
__shared__,78523a2d-131b-5453-bce7-84848f400a00,lecture:19191026,book,Soziale Zukunft,2110,437,False
__shared__,787fdcbd-c825-5de1-8666-84a463282607,f287d43a-5108-4e0c-baa8-5e7d3badfef7,book,Gesammelte Aufsätze zur Kultur- und Zeitgeschichte,1804,474,False
__shared__,789d6946-2f28-5595-910f-0eb8b1f7877c,lecture:19191030,book,Soziale Zukunft,2201,469,False
__shared__,78a8144c-f1da-5025-acfd-d7ffcf9f19fe,47b137d3-f414-406f-b142-ed72c7e8989c,book,Einleitungen zu Goethes Naturwissenschaftlichen Schriften,2102,493,False
__shared__,78cfe88e-31be-5bcf-a984-eae759df0978,lecture:19210112b,book,Fachwissenschaften und Anthroposophie,1797,407,False
__shared__,78d165b3-e937-5e7e-9283-07449df68b37,c2a4e407-cdf7-4802-be84-010cc485ef00,book,Methodische Grundlagen der Anthroposophie,1700,416,False
__shared__,78d5002d-fd51-58be-992a-0b1d2b1a4f89,f287d43a-5108-4e0c-baa8-5e7d3badfef7,book,Gesammelte Aufsätze zur Kultur- und Zeitgeschichte,2071,486,False
__shared__,78de8d4d-540c-526f-9c3f-f3495b110e4e,lecture:19190319,book,Die Befreiung des Menschenwesens als Grundlage für eine soziale Neugestaltung.,2196,492,False
__shared__,78f51435-3ce7-5205-8c0f-e72ead31e081,lecture:19211014a,book,Anthroposophie soziale Dreigliederung und Redekunst.,2020,441,False
__shared__,7905e1f1-74b2-5e91-b45d-b9ce64e3bb4f,lecture:19190823c,book,Erziehungskunst. Seminarbesprechungen und Lehrplanvorträge,1885,450,False
__shared__,793091c2-4e5d-5831-a456-434b5b456ba6,123ef8cb-a442-4bbc-9570-e8681dd67f9f,book,Rebel Code,1658,401,False
__shared__,7952ea4e-8aa9-5b44-a94d-5835fcb1f81f,lecture:19191025,book,Soziale Zukunft,2090,456,False
__shared__,795a563b-2d09-531a-ac63-624864976ae9,f78a79d5-8e8f-435e-bb58-ef6577312f57,book,Lucifer-Gnosis. Grundlegende Aufsätze zur Anthroposophie und Berichte aus,2044,472,False
__shared__,797f35c0-0a6d-5819-b637-8d38dbcf8662,lecture:19220801c,book,Nationalökonomisches Seminar.,2084,473,False
__shared__,797fa6b4-f5fd-5c48-93a7-c71bb8fe4e10,44217040-65bf-4150-9fa8-bac9c57cd1b1,book,Grundlinien einer Erkenntnistheorie der Goetheschen Weltanschauung,1792,434,False
__shared__,79c93a0a-ff6d-556e-82ec-ed6cf7bebba8,lecture:19190308,book,Die soziale Frage,1849,401,False
__shared__,79d92b89-27ef-547d-a142-763f6a061f1d,e58f6369-f7a7-4213-845f-c5b9bf82ffe5,book,Wahrheit und Wissenschaft,1763,417,False
__shared__,7a1a7e60-4e6e-5ecf-aa81-34878aaf379c,lecture:19200809,book,Soziale Ideen.,1741,402,False
__shared__,7a3373c3-c586-5eaf-b330-1f0d0dee1e31,lecture:19211014a,book,Anthroposophie soziale Dreigliederung und Redekunst.,1993,480,False
__shared__,7a48a93c-15a2-501a-8ad8-995c98b6d517,lecture:19200501b,book,Entsprechungen zwischen Mikrokosmos und Makrokosmos. Der Mensch — eine Hieroglyphe des Weltenalls.,1801,427,False
__shared__,7a75fe22-2980-5269-bb17-cd47118a37d8,lecture:19200823,book,Soziale Ideen.,2139,505,False
__shared__,7a7d8976-3fe9-5155-92f9-077fa3f22baf,lecture:19190619,book,Neugestaltung des sozialen Organismus,1963,467,False
__shared__,7a8334e1-c01e-5df2-92ba-6ad3535d5b6d,f78a79d5-8e8f-435e-bb58-ef6577312f57,book,Lucifer-Gnosis. Grundlegende Aufsätze zur Anthroposophie und Berichte aus,1710,404,False
__shared__,7a9864c4-111f-5454-9964-988cfad0c1f1,lecture:19190425,book,Neugestaltung des sozialen Organismus,2073,494,False
__shared__,7ab92f57-f9d2-52cb-8776-a65aadf2c11e,lecture:19211126,book,Die Wirklichkeit der höheren Welten,1982,474,False
__shared__,7accdfaa-c759-5a6a-9588-332e5ac36092,lecture:19190619,book,Neugestaltung des sozialen Organismus,1974,455,False
__shared__,7ae1d0a8-d0ef-5aab-b88b-f2c8cbaad503,c2a4e407-cdf7-4802-be84-010cc485ef00,book,Methodische Grundlagen der Anthroposophie,1695,434,False
__shared__,7af36402-7428-53d5-a60f-e019ee3126b1,908fc041-096e-4440-8593-b3267b712bf5,book,Die Wahrheit als Gesamtumfang aller Weltansichten,1825,493,False
__shared__,7b06f487-74fe-5d72-a9d3-bf4ca92f0f30,c2a4e407-cdf7-4802-be84-010cc485ef00,book,Methodische Grundlagen der Anthroposophie,1768,404,False
__shared__,7b072647-ab49-55c2-bef6-ad744ddda376,lecture:19191028,book,Soziale Zukunft,1934,429,False
__shared__,7b23ae9c-9320-5d15-a21a-dd69abfa8d26,lecture:19200324b,book,Fachwissenschaften und Anthroposophie,2229,506,False
__shared__,7b2f3bea-324c-5063-9cae-8854f462fd03,lecture:19201005,book,Soziale Ideen.,1755,408,False
__shared__,7b4ac258-a461-5584-9813-d587e8df3fa8,lecture:19200425b,book,Entsprechungen zwischen Mikrokosmos und Makrokosmos. Der Mensch — eine Hieroglyphe des Weltenalls.,2192,504,False
__shared__,7b57b750-97c0-5467-871e-049c3445e8b7,lecture:19200406b,book,Soziale Ideen.,2106,445,False
__shared__,7b6b8693-9f89-5f57-810c-4aa006f91996,lecture:19190906a,book,Erziehungskunst. Seminarbesprechungen und Lehrplanvorträge,1574,403,False
__shared__,7b8307d1-d3d5-51a0-971a-1e9ff7745c54,lecture:19190311,book,Die Befreiung des Menschenwesens als Grundlage für eine soziale Neugestaltung.,1914,428,False
__shared__,7bb67439-43bf-5423-a3f4-9ab99067ecd5,lecture:19190525,book,Soziale Ideen.,2165,485,False
__shared__,7bb791c7-ff3c-5158-8342-72871bf8ee97,f3b36ec2-031d-4715-ad66-dfc7f43cc491,book,Cypherpunks,1842,414,False
__shared__,7bbc1e41-e455-5fac-885f-93de067fcd48,lecture:19220726b,book,Nationalökonomischer Kurs.,2100,457,False
__shared__,7c0cea77-c71c-570d-99bf-2b14b98a08dc,lecture:19190516,book,Neugestaltung des sozialen Organismus,1873,405,False
__shared__,7c1ca905-165c-58fc-9e63-51b626ad0236,4c09f3d5-3f5c-42b7-beba-f12fc46594bc,book,Free Software Free Society,1647,427,False
__shared__,7c204d1a-6ce0-5287-aeb5-ec552f447733,lecture:19200814,book,Geisteswissenschaft als Erkenntnis der Grundimpulse sozialer Gestaltung,2004,435,False
__shared__,7c5f2a90-78b4-55a3-87c1-381ddf4b10bb,lecture:19190428,book,Neugestaltung des sozialen Organismus,1706,403,False
__shared__,7c91024f-8098-54cb-950a-902fc8a8f47b,lecture:19190723,book,Betriebsräte und Sozialisierung,2044,429,False
__shared__,7cb98c72-d572-53b6-b3c4-d1896d1346e5,lecture:19200830,book,Soziale Ideen.,1785,409,False
__shared__,7ce83636-0e16-5e94-9fed-0ee9edf1c4b8,908fc041-096e-4440-8593-b3267b712bf5,book,Die Wahrheit als Gesamtumfang aller Weltansichten,1995,465,False
__shared__,7cf753b7-b795-5e6c-8ced-1cf6e14915fd,lecture:19190423a,book,Neugestaltung des sozialen Organismus,2202,496,False
__shared__,7d048873-2d66-5218-aa59-547eb27b0c4f,lecture:19190409,book,Die Befreiung des Menschenwesens als Grundlage für eine soziale Neugestaltung.,2071,488,False
__shared__,7d15cde2-f617-5082-b4f7-6ed3ffbb1aec,lecture:19191014,book,Die Befreiung des Menschenwesens als Grundlage für eine soziale Neugestaltung.,1850,402,False
__shared__,7d2a9404-9b01-575d-978e-6eb561e91870,lecture:19200610b,book,Die Krisis der Gegenwart und der Weg zu gesundem Denken,2068,467,False
__shared__,7d698911-54c9-51df-97c5-3d5c8434d33f,lecture:19210410a,book,Die befruchtende Wirkung der Anthroposophie auf die Fachwissenschaften,1811,419,False
__shared__,7d73ac4b-6c15-5f8b-9612-b60ba0836648,64e881df-0501-4815-9b0c-6cf545c383b6,book,Goethes Weltanschauung,1765,449,False
__shared__,7d810a5f-53de-50e7-9cc0-80b58b95def1,d64fa532-6040-4fc2-9c43-ed4e5368bb92,book,Die Rätsel der Philosophie,2178,511,False
__shared__,7da39993-51d7-5838-84f5-d623b27bbbbe,lecture:19201110,book,Die Krisis der Gegenwart und der Weg zu gesundem Denken,1791,440,False
__shared__,7da927ff-c6c5-5b26-bee2-7f2d1e96bb0f,lecture:19191110,book,Die Befreiung des Menschenwesens als Grundlage für eine soziale Neugestaltung.,1785,401,False
__shared__,7db54e6d-f76f-5a63-9b52-d682c56876e1,lecture:19190508,book,Betriebsräte und Sozialisierung,2229,504,False
__shared__,7dc568c4-2d96-5067-8e77-b200ff074a9e,lecture:19190531,book,Neugestaltung des sozialen Organismus,2243,510,False
__shared__,7de5d8ec-a348-52a8-b5ba-8af6993e21ea,0c20163d-b14e-4750-988b-3b58c0fa3126,book,Code Version 2 0,1802,422,False
__shared__,7dfd8e0f-f4ca-50e5-bbeb-7f0e3c138f22,lecture:19190828b,book,Erziehungskunst. Methodisch-Didaktisches,1815,418,False
__shared__,7e02a5a9-f3e7-5cae-ba25-db69e4761ee3,7758c53c-72bd-41f1-ae51-843eb2a0f718,book,Various Interviews and Articles,1850,413,False
__shared__,7e02b8ac-c51d-5d13-9742-3e11870faf31,f287d43a-5108-4e0c-baa8-5e7d3badfef7,book,Gesammelte Aufsätze zur Kultur- und Zeitgeschichte,1833,444,False
__shared__,7e22149c-f50c-5103-9175-8960bf9ee205,lecture:19200107,book,Vom Einheitsstaat zum dreigliedrigen sozialen Organismus,1787,419,False
__shared__,7e45c5f6-5389-5048-bcf6-af10ed383f75,lecture:19191029,book,Soziale Zukunft,2238,476,False
__shared__,7e6b4416-7c1a-5a49-84c7-17a435675277,lecture:19190717,book,Betriebsräte und Sozialisierung,2103,459,False
__shared__,7e776358-3370-534a-8c82-d15b9361c10b,lecture:19201005,book,Soziale Ideen.,2013,434,False
__shared__,7e7ad80e-98bb-5ac1-b699-cf32f78a11f0,f3b36ec2-031d-4715-ad66-dfc7f43cc491,book,Cypherpunks,1902,456,False
__shared__,7ee6a077-6caa-5bab-836e-e8f50f18767f,lecture:19190319,book,Die Befreiung des Menschenwesens als Grundlage für eine soziale Neugestaltung.,2056,456,False
__shared__,7f0ec873-b402-50a0-86d6-4402ad0d7685,lecture:19211125,book,Die Wirklichkeit der höheren Welten,1932,466,False
__shared__,7f2e8200-e5a7-5720-ac04-98e9e8c91712,908fc041-096e-4440-8593-b3267b712bf5,book,Die Wahrheit als Gesamtumfang aller Weltansichten,1677,412,False
__shared__,7f4268ad-cfbb-5318-b888-ffc567b3a27d,f78a79d5-8e8f-435e-bb58-ef6577312f57,book,Lucifer-Gnosis. Grundlegende Aufsätze zur Anthroposophie und Berichte aus,1859,468,False
__shared__,7f48144d-032b-5eae-ab65-7eb27296d4da,lecture:19210114b,book,Fachwissenschaften und Anthroposophie,2280,493,False
__shared__,7f4ae5b8-5b8f-5ea4-ad34-a134eabbb75f,lecture:19211011,book,Anthroposophie soziale Dreigliederung und Redekunst.,1946,447,False
__shared__,7f7b83da-68a6-5ff7-be87-499f24594078,lecture:19200504b,book,Vom Einheitsstaat zum dreigliedrigen sozialen Organismus,2081,480,False
__shared__,7f853c17-f92b-562d-9fc7-8dc26953a555,d64fa532-6040-4fc2-9c43-ed4e5368bb92,book,Die Rätsel der Philosophie,1826,421,False
__shared__,7f8a1550-7b2d-50bd-aa5f-8abec21afc59,908fc041-096e-4440-8593-b3267b712bf5,book,Die Wahrheit als Gesamtumfang aller Weltansichten,2000,484,False
__shared__,7faa99a7-67a6-52b4-9b6c-2aa6b718fb0e,7758c53c-72bd-41f1-ae51-843eb2a0f718,book,Various Interviews and Articles,1964,477,False
__shared__,800018e6-45bf-5510-9ba3-43b956ef072f,lecture:19200331b,book,Fachwissenschaften und Anthroposophie,1708,406,False
__shared__,8008ceb8-a4ba-52ca-8718-3eab0ae9a20c,lecture:19190402,book,Die Befreiung des Menschenwesens als Grundlage für eine soziale Neugestaltung.,1867,434,False
__shared__,800bb3d6-0fc8-579d-94f1-2569478ee477,0c20163d-b14e-4750-988b-3b58c0fa3126,book,Code Version 2 0,1695,417,False
__shared__,8017fa15-6a23-551f-93fe-25be7bc3cb66,f78a79d5-8e8f-435e-bb58-ef6577312f57,book,Lucifer-Gnosis. Grundlegende Aufsätze zur Anthroposophie und Berichte aus,1742,410,False
__shared__,80458f8d-fe81-5edf-aa6e-5cee7008b977,c2a4e407-cdf7-4802-be84-010cc485ef00,book,Methodische Grundlagen der Anthroposophie,1854,438,False
__shared__,8053f0ad-abe6-587b-ab3a-b70da08922a4,f287d43a-5108-4e0c-baa8-5e7d3badfef7,book,Gesammelte Aufsätze zur Kultur- und Zeitgeschichte,1898,448,False
__shared__,805f0c85-e98a-5b55-8a93-7a3c0eea510b,lecture:19201010a,book,Soziale Ideen.,1996,442,False
__shared__,806a0e81-3c1e-5bc5-91e6-67794fa4c678,lecture:19211126,book,Die Wirklichkeit der höheren Welten,1677,404,False
__shared__,80842ecf-55f0-5390-9044-397f6377f3cd,c2a4e407-cdf7-4802-be84-010cc485ef00,book,Methodische Grundlagen der Anthroposophie,1831,471,False
__shared__,8090637a-0eee-5e75-9ea7-8de7d1579462,lecture:19190826c,book,Erziehungskunst. Seminarbesprechungen und Lehrplanvorträge,1742,431,False
__shared__,80d7341d-3a64-53a3-9f89-c63334e3c573,lecture:19190319,book,Die Befreiung des Menschenwesens als Grundlage für eine soziale Neugestaltung.,2178,461,False
__shared__,80d80934-b67f-5f89-9766-76cfe8ff3b34,64e881df-0501-4815-9b0c-6cf545c383b6,book,Goethes Weltanschauung,1851,500,False
__shared__,80e52488-4972-54e3-9674-4925e190eeaa,lecture:19200808b,book,Geisteswissenschaft als Erkenntnis der Grundimpulse sozialer Gestaltung,2020,473,False
__shared__,80f4a47d-2ffe-5bdd-ba45-54ac7b979b8e,lecture:19190422b,book,Neugestaltung des sozialen Organismus,1845,430,False
__shared__,80fb7fb5-766f-5449-b9a2-c1845fafe643,0c20163d-b14e-4750-988b-3b58c0fa3126,book,Code Version 2 0,2400,504,False
__shared__,813ffacb-d201-56b6-86fa-734448e0e079,lecture:19200417b,book,Entsprechungen zwischen Mikrokosmos und Makrokosmos. Der Mensch — eine Hieroglyphe des Weltenalls.,1787,408,False
__shared__,81725546-dc87-5f04-a19c-8f0800edd302,lecture:19191020,book,Die Befreiung des Menschenwesens als Grundlage für eine soziale Neugestaltung.,2226,510,False
__shared__,819bb841-19b8-51f3-9df5-e3a39e53c9de,lecture:19190311,book,Die Befreiung des Menschenwesens als Grundlage für eine soziale Neugestaltung.,2052,437,False
__shared__,819df090-2080-5a8c-bf9d-44f3a4ce0cb7,f78a79d5-8e8f-435e-bb58-ef6577312f57,book,Lucifer-Gnosis. Grundlegende Aufsätze zur Anthroposophie und Berichte aus,2102,484,False
__shared__,81d73e59-9e3f-5a66-be03-b05bff0d127a,44217040-65bf-4150-9fa8-bac9c57cd1b1,book,Grundlinien einer Erkenntnistheorie der Goetheschen Weltanschauung,1772,425,False
__shared__,82125274-132a-5350-b76e-f1c528c0d5d1,lecture:19200416,book,Entsprechungen zwischen Mikrokosmos und Makrokosmos. Der Mensch — eine Hieroglyphe des Weltenalls.,2073,499,False
__shared__,8213379e-eb47-56e3-9032-06f4727c5975,lecture:19190203,book,Die soziale Frage,2066,451,False
__shared__,82237d7f-c0b4-5d29-96dd-89268a15064d,lecture:19190616,book,Neugestaltung des sozialen Organismus,2045,456,False
__shared__,824538b8-0c62-5daa-bb84-f7ea3c1d088c,lecture:19190905a,book,Allgemeine Menschenkunde als Grundlage der Pädagogik,1795,446,False
__shared__,82499456-3872-56cc-91df-082c9f0134a2,lecture:19190903c,book,Erziehungskunst. Seminarbesprechungen und Lehrplanvorträge,2082,469,False
__shared__,8254a454-fbfe-5557-aa92-972410e6662d,lecture:19191014,book,Die Befreiung des Menschenwesens als Grundlage für eine soziale Neugestaltung.,1768,405,False
__shared__,8260944b-400a-5c58-9296-467bc8ed9b26,908fc041-096e-4440-8593-b3267b712bf5,book,Die Wahrheit als Gesamtumfang aller Weltansichten,1692,408,False
__shared__,8276511c-17d5-5a41-9cac-67af3942a711,64e881df-0501-4815-9b0c-6cf545c383b6,book,Goethes Weltanschauung,1610,417,False
__shared__,8283c543-a3a5-59a5-a8f6-7f309ba255c1,lecture:19191014,book,Die Befreiung des Menschenwesens als Grundlage für eine soziale Neugestaltung.,1895,411,False
__shared__,829cd160-be6d-5b5d-b818-54f2afd2d42a,lecture:19200424b,book,Entsprechungen zwischen Mikrokosmos und Makrokosmos. Der Mensch — eine Hieroglyphe des Weltenalls.,1741,401,False
__shared__,82c042ca-ef2f-553b-8c5c-19b3370964f4,lecture:19200728,book,Soziale Ideen.,2278,481,False
__shared__,82d1502e-8f4f-5a4e-800b-782098e0c578,36371313-0400-4c90-9656-67d54052cf89,book,Julian Assange in his own words,1440,451,False
__shared__,82d40213-65cf-5c09-b319-a0f7fe9683d4,f78a79d5-8e8f-435e-bb58-ef6577312f57,book,Lucifer-Gnosis. Grundlegende Aufsätze zur Anthroposophie und Berichte aus,1989,497,False
__shared__,82ecfa1f-c79a-55a2-bc96-0431c3ed3973,908fc041-096e-4440-8593-b3267b712bf5,book,Die Wahrheit als Gesamtumfang aller Weltansichten,1884,436,False
__shared__,835c20d0-e28d-5d81-b745-5c313f4a8aef,lecture:19190422b,book,Neugestaltung des sozialen Organismus,2039,461,False
__shared__,836a53f6-a211-5901-93e0-7c436bee6fe7,lecture:19210407a,book,Die befruchtende Wirkung der Anthroposophie auf die Fachwissenschaften,1918,441,False
__shared__,8381e9e4-4324-5c94-913a-9968dd33b5c4,lecture:19220725b,book,Nationalökonomischer Kurs.,2203,465,False
__shared__,839503af-06e8-5dad-9dad-ad8675be1a20,lecture:19190624,book,Betriebsräte und Sozialisierung,1867,401,False
__shared__,83e2af79-60bd-5ad6-825e-227748e29dd0,d64fa532-6040-4fc2-9c43-ed4e5368bb92,book,Die Rätsel der Philosophie,1853,413,False
__shared__,83f5bcb8-c266-5931-9cab-64070e6937f9,lecture:19200610b,book,Die Krisis der Gegenwart und der Weg zu gesundem Denken,2045,472,False
__shared__,83fea7ae-0ad0-5046-8b44-c9a1d10f568a,f287d43a-5108-4e0c-baa8-5e7d3badfef7,book,Gesammelte Aufsätze zur Kultur- und Zeitgeschichte,1615,402,False
__shared__,840c88bb-bab6-50f6-87c1-ee8cf1aeb1ba,lecture:19190203,book,Die soziale Frage,1919,422,False
__shared__,8420dba2-1c2c-5c31-9876-fa1abdd26b2a,lecture:19190624,book,Betriebsräte und Sozialisierung,2115,470,False
__shared__,8429b399-05d1-562e-a97f-0e763a83c15e,908fc041-096e-4440-8593-b3267b712bf5,book,Die Wahrheit als Gesamtumfang aller Weltansichten,1934,450,False
__shared__,8466cfd1-544e-584b-b5c9-56ba89909627,f8e6c475-a0e5-4081-b265-61a7536a183e,book,Die Kernpunkte der sozialen Frage,2029,463,False
__shared__,8479f5e7-12de-567d-a81c-9d86f48feb21,lecture:19140122,book,Der menschliche und der kosmische Gedanke,1882,460,False
__shared__,84b1b95c-526e-5b49-aad2-50d806bbf41d,lecture:19190730,book,Soziale Ideen.,2071,462,False
__shared__,84c4d3d2-aafb-5bed-a6c2-83892cd3574d,c2a4e407-cdf7-4802-be84-010cc485ef00,book,Methodische Grundlagen der Anthroposophie,2123,490,False
__shared__,84d514c1-771c-577a-ab62-a15f84f7372d,f78a79d5-8e8f-435e-bb58-ef6577312f57,book,Lucifer-Gnosis. Grundlegende Aufsätze zur Anthroposophie und Berichte aus,2128,494,False
__shared__,8531f71c-a630-5e17-ac27-200576201c21,lecture:19210115b,book,Fachwissenschaften und Anthroposophie,1835,405,False
__shared__,8548a820-8440-54e0-b6fe-37b7cfae27e5,f287d43a-5108-4e0c-baa8-5e7d3badfef7,book,Gesammelte Aufsätze zur Kultur- und Zeitgeschichte,2055,479,False
__shared__,855650ba-a542-5a60-9b6e-5a1e2b641604,lecture:19190822b,book,Erziehungskunst. Methodisch-Didaktisches,1689,432,False
__shared__,859869f2-1519-55c2-b852-82bcecc13f78,lecture:19201004,book,Fachwissenschaften und Anthroposophie,2105,473,False
__shared__,85df3ca5-257e-536e-b586-21a865281119,lecture:19200324b,book,Fachwissenschaften und Anthroposophie,1883,461,False
__shared__,85ec790a-d535-5abf-963b-a6c462780653,d64fa532-6040-4fc2-9c43-ed4e5368bb92,book,Die Rätsel der Philosophie,1546,401,False
__shared__,85ed0288-8742-54cf-9da4-5f84f10df89c,lecture:19200411b,book,Entsprechungen zwischen Mikrokosmos und Makrokosmos. Der Mensch — eine Hieroglyphe des Weltenalls.,1882,434,False
__shared__,85fa6672-c17b-5132-adaa-cece3fa2131a,lecture:19190624,book,Betriebsräte und Sozialisierung,1851,410,False
__shared__,85ff9e64-b03b-5888-8894-5f6a25567379,lecture:19190319,book,Die Befreiung des Menschenwesens als Grundlage für eine soziale Neugestaltung.,2030,461,False
__shared__,86010085-52e8-54bf-9c04-fa7df49f445e,lecture:19190821b,book,Erziehungskunst. Methodisch-Didaktisches,2025,476,False
__shared__,860f05bd-0270-5f3f-9a36-87a83ae5958f,lecture:19190422b,book,Neugestaltung des sozialen Organismus,1991,443,False
__shared__,8638fecb-e52d-5d91-b81e-163ef2c3e369,908fc041-096e-4440-8593-b3267b712bf5,book,Die Wahrheit als Gesamtumfang aller Weltansichten,1914,465,False
__shared__,863f97f8-0c49-5970-947c-0115f9ba0773,lecture:19190823a,book,Allgemeine Menschenkunde als Grundlage der Pädagogik,2122,471,False
__shared__,864efb87-08be-5982-b423-9395e88beea1,c2a4e407-cdf7-4802-be84-010cc485ef00,book,Methodische Grundlagen der Anthroposophie,2030,467,False
__shared__,8679b216-2110-5b0f-889b-169a7f959015,d64fa532-6040-4fc2-9c43-ed4e5368bb92,book,Die Rätsel der Philosophie,1934,443,False
__shared__,867d7813-d3bd-5a74-8c7a-90afee311af1,lecture:19190906a,book,Erziehungskunst. Seminarbesprechungen und Lehrplanvorträge,2084,471,False
__shared__,86c4244a-5af7-51e2-86f7-1eb0d5defab0,lecture:19220411,book,Damit der Mensch ganz Mensch werde,1747,408,False
__shared__,86eb482a-7547-5ce2-89bb-f75a45786313,c2a4e407-cdf7-4802-be84-010cc485ef00,book,Methodische Grundlagen der Anthroposophie,2212,486,False
__shared__,86ec9fcc-224e-5902-88c9-2b69e26dc396,44217040-65bf-4150-9fa8-bac9c57cd1b1,book,Grundlinien einer Erkenntnistheorie der Goetheschen Weltanschauung,1770,431,False
__shared__,87078fbe-bfa3-5ce3-af90-b32a9dc33c4c,lecture:19200816,book,Soziale Ideen.,1832,408,False
__shared__,870e9f53-6a8f-5477-b9e4-7f44d6f26a10,3b38df84-e9bc-4e70-9032-d3fa65517cfd,book,Aufsätze über die Dreigliederung des sozialen Organismus und zur Zeitlage,1853,407,False
__shared__,871dd0be-8f82-54fd-9349-aa8291958f44,lecture:19190522,book,Betriebsräte und Sozialisierung,2028,457,False
__shared__,871f60ff-3807-592d-887e-1cce88373aa5,lecture:19200610b,book,Die Krisis der Gegenwart und der Weg zu gesundem Denken,2074,459,False
__shared__,871f6ec3-2c55-5e35-9f3b-1a387c525aa3,lecture:19211202,book,Die Wirklichkeit der höheren Welten,1817,407,False
__shared__,87270555-f3e2-5000-8f49-69f1ece43ddd,lecture:19191028,book,Soziale Zukunft,2111,482,False
__shared__,876fe114-0906-526f-9b26-136785010e03,lecture:19200623b,book,Soziale Ideen.,1971,480,False
__shared__,878a9990-5442-5ee0-bdc9-a62489b8eb76,837193ab-505b-43b6-9ab7-bec8c3ed95dc,book,How to become a hacker,1849,446,False
__shared__,87adbf1c-fd49-5add-805f-f2fd43f83905,lecture:19200729b,book,Die Krisis der Gegenwart und der Weg zu gesundem Denken,2106,506,False
__shared__,87c401fb-0ff3-50e6-899f-28c8473ff3f4,c2a4e407-cdf7-4802-be84-010cc485ef00,book,Methodische Grundlagen der Anthroposophie,2150,496,False
__shared__,87c5fd65-5261-55f9-8c11-b540300ecc71,lecture:19200616,book,Soziale Ideen.,1822,421,False
__shared__,87cd4748-7354-5572-bd6d-827171c82021,d64fa532-6040-4fc2-9c43-ed4e5368bb92,book,Die Rätsel der Philosophie,1674,408,False
__shared__,87fafafe-2443-5e3c-bad1-269cac60bc02,lecture:19220407,book,Damit der Mensch ganz Mensch werde,2061,481,False
__shared__,88211836-d04e-5b25-be0e-1a44574bd2c0,lecture:19211126,book,Die Wirklichkeit der höheren Welten,1980,462,False
__shared__,8821db39-ef75-5b18-8244-e474081b4e81,lecture:19190605,book,Betriebsräte und Sozialisierung,1861,435,False
__shared__,88281237-0830-5890-b3f0-40fd4c5a2895,lecture:19190203,book,Die soziale Frage,2272,500,False
__shared__,882bbff3-1d5d-567f-9aa3-01255aa59742,lecture:19200418b,book,Entsprechungen zwischen Mikrokosmos und Makrokosmos. Der Mensch — eine Hieroglyphe des Weltenalls.,2073,505,False
__shared__,88405bcf-f932-5553-b931-504d62abc895,lecture:19200915b,book,Soziale Ideen.,1969,433,False
__shared__,885a9cb5-f70b-5111-ba14-943fa1884f8b,lecture:19190901c,book,Erziehungskunst. Seminarbesprechungen und Lehrplanvorträge,2024,502,False
__shared__,888fb107-09a9-5ea5-8a5e-8c2964704e80,lecture:19200806,book,Geisteswissenschaft als Erkenntnis der Grundimpulse sozialer Gestaltung,2069,509,False
__shared__,8897cff3-a91d-5a14-81cb-cae78ff5935d,lecture:19201004,book,Fachwissenschaften und Anthroposophie,1859,415,False
__shared__,88bbc77c-70af-50ae-adfa-841e4417cb4e,lecture:19220408,book,Damit der Mensch ganz Mensch werde,1926,441,False
__shared__,88eb2d59-2cb2-50a9-b686-8fc9ba148233,3b38df84-e9bc-4e70-9032-d3fa65517cfd,book,Aufsätze über die Dreigliederung des sozialen Organismus und zur Zeitlage,1759,426,False
__shared__,892c63f7-3639-5952-ba99-747d3c19025c,c2a4e407-cdf7-4802-be84-010cc485ef00,book,Methodische Grundlagen der Anthroposophie,2143,489,False
__shared__,89326bd5-c4f5-5f48-82a2-812f991ed77f,lecture:19210408a,book,Soziale Ideen.,2066,458,False
__shared__,893ecf04-88fd-596b-b889-b77fb3e990aa,47b137d3-f414-406f-b142-ed72c7e8989c,book,Einleitungen zu Goethes Naturwissenschaftlichen Schriften,1745,448,False
__shared__,894736ff-b0ab-5acc-9393-4d9e442361af,lecture:19211130,book,Die Wirklichkeit der höheren Welten,2224,487,False
__shared__,895b7349-23bf-5849-906b-983385db5ac0,908fc041-096e-4440-8593-b3267b712bf5,book,Die Wahrheit als Gesamtumfang aller Weltansichten,1608,402,False
__shared__,89794fb3-c580-53f7-9c55-3d627a4c6ac1,3b38df84-e9bc-4e70-9032-d3fa65517cfd,book,Aufsätze über die Dreigliederung des sozialen Organismus und zur Zeitlage,1636,407,False
__shared__,89827856-d387-5341-bedf-d6cf021994c9,7758c53c-72bd-41f1-ae51-843eb2a0f718,book,Various Interviews and Articles,1641,414,False
__shared__,89928c3c-5ddc-5188-9bff-7da4449dd3ff,c2a4e407-cdf7-4802-be84-010cc485ef00,book,Methodische Grundlagen der Anthroposophie,2120,479,False
__shared__,89eaecd4-e7c1-58ff-903f-16fad2ae6962,908fc041-096e-4440-8593-b3267b712bf5,book,Die Wahrheit als Gesamtumfang aller Weltansichten,1804,452,False
__shared__,89f9434f-0106-5254-ab61-dc78b6c2c7f2,d64fa532-6040-4fc2-9c43-ed4e5368bb92,book,Die Rätsel der Philosophie,1805,425,False
__shared__,89fef89b-50d9-51b6-9665-8a29b9b42246,7758c53c-72bd-41f1-ae51-843eb2a0f718,book,Various Interviews and Articles,1793,416,False
__shared__,8a22d296-0684-5157-bdad-c45b7829810e,lecture:19201010a,book,Soziale Ideen.,1795,404,False
__shared__,8a25e194-5a8a-5098-80f8-738f96cad7b7,lecture:19190210,book,Die soziale Frage,1845,423,False
__shared__,8a35b154-0c66-5843-a0e7-aaa536bd9440,lecture:19220407,book,Damit der Mensch ganz Mensch werde,1730,421,False
__shared__,8a577e6f-78f8-539b-82c0-954e6259d4ed,f8e6c475-a0e5-4081-b265-61a7536a183e,book,Die Kernpunkte der sozialen Frage,1974,446,False
__shared__,8a60ffc7-28db-5494-84d3-5ab12ecb537e,908fc041-096e-4440-8593-b3267b712bf5,book,Die Wahrheit als Gesamtumfang aller Weltansichten,1647,429,False
__shared__,8a754ee1-bc5f-569c-9dcd-8ec2ff5bc8be,lecture:19190422b,book,Neugestaltung des sozialen Organismus,2004,456,False
__shared__,8ab7b216-1f42-5649-bcd4-d31ffe68f6ac,lecture:19200505b,book,Vom Einheitsstaat zum dreigliedrigen sozialen Organismus,1628,403,False
__shared__,8ac20717-0beb-5e66-9046-84c0f0f5a15a,4c09f3d5-3f5c-42b7-beba-f12fc46594bc,book,Free Software Free Society,1791,428,False
__shared__,8ade3af1-2259-55ed-aa33-447e5c13ff21,3b38df84-e9bc-4e70-9032-d3fa65517cfd,book,Aufsätze über die Dreigliederung des sozialen Organismus und zur Zeitlage,1933,432,False
__shared__,8af06290-82d7-5aff-81b4-30a81f2ee2fd,lecture:19191028,book,Soziale Zukunft,1863,428,False
__shared__,8b0233cc-5ddd-50a6-84c7-7f92b0e23ae6,f78a79d5-8e8f-435e-bb58-ef6577312f57,book,Lucifer-Gnosis. Grundlegende Aufsätze zur Anthroposophie und Berichte aus,2137,501,False
__shared__,8b12bb48-19f3-5093-8419-277d5a18b7d9,36371313-0400-4c90-9656-67d54052cf89,book,Julian Assange in his own words,1489,496,False
__shared__,8b4b552a-e550-5d26-8fc9-e3cf202d6637,f78a79d5-8e8f-435e-bb58-ef6577312f57,book,Lucifer-Gnosis. Grundlegende Aufsätze zur Anthroposophie und Berichte aus,1872,406,False
__shared__,8b538357-e56a-57ff-9c5f-22e79390398b,lecture:19190828b,book,Erziehungskunst. Methodisch-Didaktisches,1831,427,False
__shared__,8b5491aa-71a6-57b9-9ca7-b7ac97430c33,lecture:19201015b,book,Fachwissenschaften und Anthroposophie,1746,405,False
__shared__,8b62333e-fd92-5368-b9fd-d4efbe899aac,f3b36ec2-031d-4715-ad66-dfc7f43cc491,book,Cypherpunks,1899,453,False
__shared__,8b774d1a-e1f3-58f3-835d-b22faa636dc1,lecture:19190205,book,Die soziale Frage,1866,419,False
__shared__,8b7c0768-6040-59ba-91f5-70efd46846d5,lecture:19200409b,book,Entsprechungen zwischen Mikrokosmos und Makrokosmos. Der Mensch — eine Hieroglyphe des Weltenalls.,2103,473,False
__shared__,8b98429f-10f3-55f3-8fde-4871edbec3dc,d64fa532-6040-4fc2-9c43-ed4e5368bb92,book,Die Rätsel der Philosophie,1992,444,False
__shared__,8bdc30ab-ad8a-552f-9753-c85e7d31d4f6,7758c53c-72bd-41f1-ae51-843eb2a0f718,book,Various Interviews and Articles,1582,411,False
__shared__,8bf30878-d822-5dde-8e7c-f188ff932d4b,lecture:19220731b,book,Nationalökonomischer Kurs.,2089,463,False
__shared__,8c72458f-806b-5e33-af03-e5999dbfe08a,d64fa532-6040-4fc2-9c43-ed4e5368bb92,book,Die Rätsel der Philosophie,2159,502,False
__shared__,8c72492d-33e0-577f-bb07-bb8d1251fe4a,lecture:19190525,book,Soziale Ideen.,1920,435,False
__shared__,8c725b22-b1f3-5ab4-87e2-fd7adae92455,lecture:19191029,book,Soziale Zukunft,2281,483,False
__shared__,8c7f094a-57d6-50f4-aee1-3e189013951e,lecture:19200319,book,Vom Einheitsstaat zum dreigliedrigen sozialen Organismus,2245,482,False
__shared__,8c8463a7-a6cb-5724-9c34-5119fbf0567e,lecture:19190317,book,Die Befreiung des Menschenwesens als Grundlage für eine soziale Neugestaltung.,2256,505,False
__shared__,8cae9514-849a-5c6c-8fed-12a1d641ae55,f8e6c475-a0e5-4081-b265-61a7536a183e,book,Die Kernpunkte der sozialen Frage,1997,452,False
__shared__,8cc4f28e-c7cd-5ca1-97dd-aacfcb52d19b,lecture:19190319,book,Die Befreiung des Menschenwesens als Grundlage für eine soziale Neugestaltung.,1820,401,False
__shared__,8cdfe33d-a8de-5087-9ed9-5c3337796d3f,lecture:19220802d,book,Nationalökonomisches Seminar.,1935,446,False
__shared__,8d325119-ee64-5b85-a146-e1501f80ffc7,c2a4e407-cdf7-4802-be84-010cc485ef00,book,Methodische Grundlagen der Anthroposophie,1693,410,False
__shared__,8d39d728-d8ba-5071-ba8c-c4cd71226807,7758c53c-72bd-41f1-ae51-843eb2a0f718,book,Various Interviews and Articles,1845,503,False
__shared__,8d53d474-3129-52b2-91fc-6090824e07d9,lecture:19191026,book,Soziale Zukunft,1914,408,False
__shared__,8d54a845-ad3f-5331-8bc4-500848181979,e58f6369-f7a7-4213-845f-c5b9bf82ffe5,book,Wahrheit und Wissenschaft,2021,512,False
__shared__,8d5620bf-8241-57dd-a3b8-593be2061050,lecture:19200917,book,Geisteswissenschaft als Erkenntnis der Grundimpulse sozialer Gestaltung,1754,418,False
__shared__,8d649f17-71bf-50c3-a4fb-88660ff14251,lecture:19200920,book,Die Krisis der Gegenwart und der Weg zu gesundem Denken,2053,473,False
__shared__,8d69cb0f-aee0-5840-852c-d221e6257e85,lecture:19190508,book,Betriebsräte und Sozialisierung,2057,471,False
__shared__,8d81133b-e81f-5d18-aabd-c9fb5ae689f9,c2a4e407-cdf7-4802-be84-010cc485ef00,book,Methodische Grundlagen der Anthroposophie,1715,401,False
__shared__,8d824929-4d20-526b-b0c4-761a4e0c6a2e,44217040-65bf-4150-9fa8-bac9c57cd1b1,book,Grundlinien einer Erkenntnistheorie der Goetheschen Weltanschauung,1976,481,False
__shared__,8db0a633-256b-538b-ba4a-7d33fa056ea1,f78a79d5-8e8f-435e-bb58-ef6577312f57,book,Lucifer-Gnosis. Grundlegende Aufsätze zur Anthroposophie und Berichte aus,1869,502,False
__shared__,8dd2eb4c-a22b-57cb-b173-ddfbc24edd7b,4c09f3d5-3f5c-42b7-beba-f12fc46594bc,book,Free Software Free Society,1577,401,False
__shared__,8dec98f5-d4be-54cd-9e4e-b5a716d6eeab,f78a79d5-8e8f-435e-bb58-ef6577312f57,book,Lucifer-Gnosis. Grundlegende Aufsätze zur Anthroposophie und Berichte aus,2045,509,False
__shared__,8df5b59d-a616-5dc8-ae15-3112ae4f563d,lecture:19190828a,book,Allgemeine Menschenkunde als Grundlage der Pädagogik,1823,425,False
__shared__,8df79c4b-d206-57df-aec9-0ee084f0c0de,lecture:19200609b,book,Soziale Ideen.,2155,487,False
__shared__,8e2a330c-3c31-5807-817d-d2ff55a05155,f3b36ec2-031d-4715-ad66-dfc7f43cc491,book,Cypherpunks,1496,449,False
__shared__,8e4d3d3d-1b4f-5c0c-b060-c2a88fd33336,lecture:19210405a,book,Die befruchtende Wirkung der Anthroposophie auf die Fachwissenschaften,1836,415,False
__shared__,8e607e40-8762-5ca2-b89e-cde1dd3865e7,lecture:19220804c,book,Nationalökonomisches Seminar.,2005,460,False
__shared__,8e65ee8a-86f1-56fd-8ada-730ed4848abb,f287d43a-5108-4e0c-baa8-5e7d3badfef7,book,Gesammelte Aufsätze zur Kultur- und Zeitgeschichte,1725,412,False
__shared__,8e68aed7-f6eb-55b3-a5e6-8929f1fea6bd,lecture:19190730,book,Soziale Ideen.,1966,457,False
__shared__,8e77db3e-daf9-5c22-b999-e936202d5bfe,4b8e4c2a-3f1b-4d2e-9c4a-8e4f4b2c3a1d,book,Die Philosophie der Freiheit,2048,500,False
__shared__,8e7b35ba-b6f6-50f8-972e-d8e9e15e2055,lecture:19200617,book,Fachwissenschaften und Anthroposophie,1942,461,False
__shared__,8e9e0eea-d85f-5353-9493-fd4a11f30f17,lecture:19200304b,book,Die Krisis der Gegenwart und der Weg zu gesundem Denken,1886,416,False
__shared__,8ebe2f7a-093b-5cca-9cf4-362f416abe3e,lecture:19191024,book,Soziale Zukunft,1959,434,False
__shared__,8ed64711-89ba-5efe-973a-03d5632367e1,lecture:19200509b,book,Entsprechungen zwischen Mikrokosmos und Makrokosmos. Der Mensch — eine Hieroglyphe des Weltenalls.,1815,426,False
__shared__,8ee6bc27-9eb5-5470-871f-7cb4a8d96338,lecture:19200617,book,Fachwissenschaften und Anthroposophie,1954,429,False
__shared__,8ee7fa31-6d3a-5c5a-a201-977e59362991,lecture:19200107,book,Vom Einheitsstaat zum dreigliedrigen sozialen Organismus,1922,454,False
__shared__,8f0e0960-9e09-5d58-8bca-07a99ee6d2d3,lecture:19191110,book,Die Befreiung des Menschenwesens als Grundlage für eine soziale Neugestaltung.,2006,462,False
__shared__,8f0f970c-5ad3-530f-af1f-2e3ae76797ef,4b8e4c2a-3f1b-4d2e-9c4a-8e4f4b2c3a1d,book,Die Philosophie der Freiheit,1960,480,False
__shared__,8f7c790a-15ec-5d42-94b8-58b20afd5893,908fc041-096e-4440-8593-b3267b712bf5,book,Die Wahrheit als Gesamtumfang aller Weltansichten,1970,492,False
__shared__,8fc477d7-0fbe-57bf-ae1f-1b01c9d983bc,lecture:19190823b,book,Erziehungskunst. Methodisch-Didaktisches,2005,456,False
__shared__,8fc65a22-a323-5812-a503-09a8877f953d,908fc041-096e-4440-8593-b3267b712bf5,book,Die Wahrheit als Gesamtumfang aller Weltansichten,1995,481,False
__shared__,8fd4af23-1aa5-5570-88b8-3ea50609eb98,908fc041-096e-4440-8593-b3267b712bf5,book,Die Wahrheit als Gesamtumfang aller Weltansichten,1739,439,False
__shared__,9006b1df-1a6f-552f-8244-cf295fc76446,c2a4e407-cdf7-4802-be84-010cc485ef00,book,Methodische Grundlagen der Anthroposophie,1676,418,False
__shared__,9008f2cd-664b-55bc-9ceb-a321a1e0b89d,f3b36ec2-031d-4715-ad66-dfc7f43cc491,book,Cypherpunks,1414,401,False
__shared__,902c505d-fde6-5966-80cc-fff6d0a367cf,36371313-0400-4c90-9656-67d54052cf89,book,Julian Assange in his own words,1448,493,False
__shared__,902f70d3-e3e0-54a7-81eb-7c5f4269e49a,lecture:19200514,book,Entsprechungen zwischen Mikrokosmos und Makrokosmos. Der Mensch — eine Hieroglyphe des Weltenalls.,1829,415,False
__shared__,9048439f-2b3e-517f-b308-673fc9361f3c,lecture:19200617,book,Fachwissenschaften und Anthroposophie,1775,424,False
__shared__,906a2f56-d2a7-5caf-886a-2e2bc6f6cb5e,c2a4e407-cdf7-4802-be84-010cc485ef00,book,Methodische Grundlagen der Anthroposophie,2081,492,False
__shared__,906b507f-1156-592d-84f7-753e9eed0883,lecture:19200319,book,Vom Einheitsstaat zum dreigliedrigen sozialen Organismus,1822,416,False
__shared__,9086ba5a-3568-5624-a815-a4fbdc371d64,lecture:19211202,book,Die Wirklichkeit der höheren Welten,1989,484,False
__shared__,9091ff29-3608-585c-86de-7629ab3b454c,lecture:19190311,book,Die Befreiung des Menschenwesens als Grundlage für eine soziale Neugestaltung.,1980,409,False
__shared__,90d2d958-3264-507a-89c7-c5df3040bd30,lecture:19190311,book,Die Befreiung des Menschenwesens als Grundlage für eine soziale Neugestaltung.,2350,511,False
__shared__,90ec074a-2fe9-5372-92a7-0e9f85ca7a2e,4b8e4c2a-3f1b-4d2e-9c4a-8e4f4b2c3a1d,book,Die Philosophie der Freiheit,1734,418,False
__shared__,9109a608-42f1-5bb9-a776-c1bd93db3edf,7758c53c-72bd-41f1-ae51-843eb2a0f718,book,Various Interviews and Articles,1605,420,False
__shared__,9119e174-8cba-5d1c-86c4-a2ae9c0b4b32,lecture:19200312b,book,Die Krisis der Gegenwart und der Weg zu gesundem Denken,1903,466,False
__shared__,912b2ac6-6f26-5d42-b93e-b9c1ddd45dc1,36371313-0400-4c90-9656-67d54052cf89,book,Julian Assange in his own words,1416,500,False
__shared__,913504ba-be9d-5fd8-9c67-c296fc642acd,f78a79d5-8e8f-435e-bb58-ef6577312f57,book,Lucifer-Gnosis. Grundlegende Aufsätze zur Anthroposophie und Berichte aus,1876,455,False
__shared__,9140219b-4f6e-54af-82bc-8fd2fe1524b9,lecture:19200808b,book,Geisteswissenschaft als Erkenntnis der Grundimpulse sozialer Gestaltung,1895,480,False
__shared__,9144b91e-5407-5585-bb82-5d62d42d0baa,lecture:19220803b,book,Nationalökonomischer Kurs.,1794,440,False
__shared__,914be8be-d5e3-5f1a-baff-1ec98ce65e0c,lecture:19211129a,book,Die Wirklichkeit der höheren Welten,2049,475,False
__shared__,91736ad5-2ad5-5463-ab17-65d95294aa7f,lecture:19201110,book,Die Krisis der Gegenwart und der Weg zu gesundem Denken,1892,428,False
__shared__,917cec3d-84ab-50b4-84f2-e3df39570105,lecture:19211125,book,Die Wirklichkeit der höheren Welten,1983,461,False
__shared__,917e5b70-c9cd-528c-97fa-42dd6fe45566,c2a4e407-cdf7-4802-be84-010cc485ef00,book,Methodische Grundlagen der Anthroposophie,1921,467,False
__shared__,9193cbe7-a986-5d55-a66c-30a9493d287a,d64fa532-6040-4fc2-9c43-ed4e5368bb92,book,Die Rätsel der Philosophie,1682,421,False
__shared__,91a11f29-d08e-5051-a7ae-7bff50d4f5cb,lecture:19211125,book,Die Wirklichkeit der höheren Welten,1834,424,False
__shared__,91e2c7d4-7ca6-53a8-a3aa-9a421bad4481,lecture:19200918,book,Geisteswissenschaft als Erkenntnis der Grundimpulse sozialer Gestaltung,1983,458,False
__shared__,923cceaf-d34f-50be-aa25-c037b6b96ebd,lecture:19190503,book,Neugestaltung des sozialen Organismus,2232,482,False
__shared__,92439647-2975-534c-b94d-f91646e46c66,123ef8cb-a442-4bbc-9570-e8681dd67f9f,book,Rebel Code,1685,404,False
__shared__,9248eba0-c25c-55bd-95dd-b6c3e777a23e,lecture:19210112b,book,Fachwissenschaften und Anthroposophie,1885,450,False
__shared__,925f7c53-fd82-5359-a823-ab5027b95222,d64fa532-6040-4fc2-9c43-ed4e5368bb92,book,Die Rätsel der Philosophie,1927,443,False
__shared__,9267259e-94fa-512a-93f6-bc6f05054676,lecture:19220411,book,Damit der Mensch ganz Mensch werde,1928,445,False
__shared__,928fa03b-4eed-590e-9ac7-1b2107c0b4cc,f3b36ec2-031d-4715-ad66-dfc7f43cc491,book,Cypherpunks,1499,408,False
__shared__,92a2e3e1-fd08-527e-b9a9-82b16f34e0d7,44217040-65bf-4150-9fa8-bac9c57cd1b1,book,Grundlinien einer Erkenntnistheorie der Goetheschen Weltanschauung,1696,421,False
__shared__,92ad32f4-7c45-5667-bbeb-6cdb81ac5d54,lecture:19190210,book,Die soziale Frage,2347,503,False
__shared__,92becd08-85df-55fe-ad11-3f915c9b84f0,f287d43a-5108-4e0c-baa8-5e7d3badfef7,book,Gesammelte Aufsätze zur Kultur- und Zeitgeschichte,1689,433,False
__shared__,92c2edfb-227f-5e5a-aae0-030a923229b0,3b38df84-e9bc-4e70-9032-d3fa65517cfd,book,Aufsätze über die Dreigliederung des sozialen Organismus und zur Zeitlage,1888,430,False
__shared__,92cef49a-71e1-510b-8cf3-288f05ccc9d9,7758c53c-72bd-41f1-ae51-843eb2a0f718,book,Various Interviews and Articles,1931,430,False
__shared__,92e606f8-1237-562c-a52d-d2143ef43797,3b38df84-e9bc-4e70-9032-d3fa65517cfd,book,Aufsätze über die Dreigliederung des sozialen Organismus und zur Zeitlage,1890,402,False
__shared__,92efd40f-e309-5d69-ae0f-c361ad4f017a,3b38df84-e9bc-4e70-9032-d3fa65517cfd,book,Aufsätze über die Dreigliederung des sozialen Organismus und zur Zeitlage,2049,461,False
__shared__,92f4a518-affc-599a-86b9-4ce402004f7e,lecture:19200608,book,Die Krisis der Gegenwart und der Weg zu gesundem Denken,2030,459,False
__shared__,93058da6-9579-5fb2-80ad-39c3a25f88fb,f78a79d5-8e8f-435e-bb58-ef6577312f57,book,Lucifer-Gnosis. Grundlegende Aufsätze zur Anthroposophie und Berichte aus,1762,421,False
__shared__,9322b366-6d5c-51f3-8ab0-8a063efa7f3d,c2a4e407-cdf7-4802-be84-010cc485ef00,book,Methodische Grundlagen der Anthroposophie,1744,442,False
__shared__,93316eb7-d953-5b4a-8a0d-bfb417eb5211,lecture:19190901a,book,Allgemeine Menschenkunde als Grundlage der Pädagogik,1779,421,False
__shared__,93352630-3597-507d-a3c7-20a9fba3aa5a,f3b36ec2-031d-4715-ad66-dfc7f43cc491,book,Cypherpunks,2108,511,False
__shared__,933ae84d-cb26-50b4-b132-605b7fd34600,908fc041-096e-4440-8593-b3267b712bf5,book,Die Wahrheit als Gesamtumfang aller Weltansichten,1947,459,False
__shared__,933dbc14-4c50-57ca-94cd-1a1bad611330,f287d43a-5108-4e0c-baa8-5e7d3badfef7,book,Gesammelte Aufsätze zur Kultur- und Zeitgeschichte,1931,438,False
__shared__,93577f7e-18d6-5504-bebd-f92423936d48,lecture:19200821,book,Geisteswissenschaft als Erkenntnis der Grundimpulse sozialer Gestaltung,1928,450,False
__shared__,93626ddc-d824-51d7-8919-652696d4d65e,lecture:19220407,book,Damit der Mensch ganz Mensch werde,1774,412,False
__shared__,938fc3e7-1264-5ffb-9784-fe750cafd52e,lecture:19220727b,book,Nationalökonomischer Kurs.,2118,488,False
__shared__,939ed134-bebe-5fb8-9632-1b96c3627392,lecture:19201006c,book,Fachwissenschaften und Anthroposophie,2112,484,False
__shared__,940d3451-332d-5549-9ba5-5d09ea6a5e6b,lecture:19190311,book,Die Befreiung des Menschenwesens als Grundlage für eine soziale Neugestaltung.,2203,490,False
__shared__,940fbc0a-3b44-51eb-824a-63c8647bc6d8,lecture:19210111b,book,Fachwissenschaften und Anthroposophie,2185,491,False
__shared__,9411a5cf-57cb-5897-a528-88362b6408fd,lecture:19191020,book,Die Befreiung des Menschenwesens als Grundlage für eine soziale Neugestaltung.,2114,509,False
__shared__,94242763-0ed7-57dd-aa02-cb5d8918212d,e58f6369-f7a7-4213-845f-c5b9bf82ffe5,book,Wahrheit und Wissenschaft,2109,469,False
__shared__,9458ffcd-713d-54fa-89a4-d7425feb3f01,123ef8cb-a442-4bbc-9570-e8681dd67f9f,book,Rebel Code,1693,460,False
__shared__,94604a05-1aa6-5301-919a-4c564aa393b6,lecture:19200913,book,Soziale Ideen.,1940,436,False
__shared__,946b3bd3-c763-57d9-9334-956fa9538d1d,lecture:19190906a,book,Erziehungskunst. Seminarbesprechungen und Lehrplanvorträge,1967,479,False
__shared__,94748ac7-3fb1-55c9-8085-97b45ccf39b9,c2a4e407-cdf7-4802-be84-010cc485ef00,book,Methodische Grundlagen der Anthroposophie,2015,484,False
__shared__,9487b233-174d-5946-9857-e33d7077d40c,lecture:19190531,book,Neugestaltung des sozialen Organismus,2029,471,False
__shared__,94a684c1-3407-5ee7-83a9-34ca051e52b5,7758c53c-72bd-41f1-ae51-843eb2a0f718,book,Various Interviews and Articles,1853,410,False
__shared__,94bcca01-decd-5c49-bb96-481da928053f,47b137d3-f414-406f-b142-ed72c7e8989c,book,Einleitungen zu Goethes Naturwissenschaftlichen Schriften,1975,467,False
__shared__,94d10dde-bfba-55a9-a960-b96b98f507f7,7758c53c-72bd-41f1-ae51-843eb2a0f718,book,Various Interviews and Articles,1950,452,False
__shared__,94e602aa-39b8-554c-8f94-f02992dc29fe,lecture:19190830c,book,Erziehungskunst. Seminarbesprechungen und Lehrplanvorträge,1995,472,False
__shared__,950f4402-7383-580f-b239-342188c80c7d,f78a79d5-8e8f-435e-bb58-ef6577312f57,book,Lucifer-Gnosis. Grundlegende Aufsätze zur Anthroposophie und Berichte aus,1870,426,False
__shared__,9512d594-1c86-5287-a99f-45548ae1e617,4c09f3d5-3f5c-42b7-beba-f12fc46594bc,book,Free Software Free Society,1979,431,False
__shared__,95496f7c-3bc6-5898-b7f3-ab01b6b74088,7758c53c-72bd-41f1-ae51-843eb2a0f718,book,Various Interviews and Articles,2127,473,False
__shared__,9562ce84-ba6a-5a58-9a66-c748b17ebfd3,lecture:19200508b,book,Entsprechungen zwischen Mikrokosmos und Makrokosmos. Der Mensch — eine Hieroglyphe des Weltenalls.,1748,428,False
__shared__,95723ff3-a4c3-5b16-83c4-3e7f7d56b13a,lecture:19220805c,book,Nationalökonomischer Kurs.,2165,502,False
__shared__,9575534c-a320-5703-808b-7a29b9546aa5,lecture:19220804c,book,Nationalökonomisches Seminar.,2349,506,False
__shared__,958032e2-6a36-5da4-a2e0-47c54a588147,36371313-0400-4c90-9656-67d54052cf89,book,Julian Assange in his own words,1497,485,False
__shared__,958f83d7-a9fc-5997-9748-08d2b87f1c9f,lecture:19201110,book,Die Krisis der Gegenwart und der Weg zu gesundem Denken,1713,401,False
__shared__,95a35d10-1cbd-580b-adb7-597694963c8f,lecture:19200302b,book,Die Krisis der Gegenwart und der Weg zu gesundem Denken,1983,476,False
__shared__,95bdcfc3-b0ee-5658-b3c1-6e8b82200663,lecture:19200508b,book,Entsprechungen zwischen Mikrokosmos und Makrokosmos. Der Mensch — eine Hieroglyphe des Weltenalls.,1811,417,False
__shared__,95d3f294-bb7f-52e0-9b28-980d00fc31cc,47b137d3-f414-406f-b142-ed72c7e8989c,book,Einleitungen zu Goethes Naturwissenschaftlichen Schriften,1981,483,False
__shared__,960d9fef-ce17-5d6f-9fc0-c4876ad8bd46,lecture:19200407b,book,Fachwissenschaften und Anthroposophie,2276,498,False
__shared__,96563ca6-36ca-55ad-8213-f994d89c615e,4b8e4c2a-3f1b-4d2e-9c4a-8e4f4b2c3a1d,book,Die Philosophie der Freiheit,2057,487,False
__shared__,965eff7b-6a6f-5f3e-a924-2659e29a344c,lecture:19191106,book,Die Befreiung des Menschenwesens als Grundlage für eine soziale Neugestaltung.,1904,447,False
__shared__,966cb009-16e3-535e-83e0-0f2e20fde68b,lecture:19200610b,book,Die Krisis der Gegenwart und der Weg zu gesundem Denken,2054,462,False
__shared__,96990ab5-dea2-51e9-aaea-208a3cbace47,lecture:19211012,book,Anthroposophie soziale Dreigliederung und Redekunst.,1698,402,False
__shared__,96b289ca-f6b9-5a90-b343-1261621adb8d,c2a4e407-cdf7-4802-be84-010cc485ef00,book,Methodische Grundlagen der Anthroposophie,2106,484,False
__shared__,96bda554-68fc-5c8f-8a5e-b229ba85693d,3b38df84-e9bc-4e70-9032-d3fa65517cfd,book,Aufsätze über die Dreigliederung des sozialen Organismus und zur Zeitlage,1819,430,False
__shared__,96e5b94b-4d4d-551d-a472-440938b6c89e,lecture:19190624,book,Betriebsräte und Sozialisierung,2112,472,False
__shared__,96e72086-39c8-52d7-bfed-191132a633c6,lecture:19200920,book,Die Krisis der Gegenwart und der Weg zu gesundem Denken,2193,498,False
__shared__,96f7f881-618a-542a-a890-43ed757bec73,lecture:19191106,book,Die Befreiung des Menschenwesens als Grundlage für eine soziale Neugestaltung.,1631,403,False
__shared__,970890c5-6e83-55eb-9958-b2faf7478d72,lecture:19211015a,book,Anthroposophie soziale Dreigliederung und Redekunst.,2002,455,False
__shared__,970d935f-73d8-5df3-89d2-4a7d6d477a8b,lecture:19190210,book,Die soziale Frage,1862,418,False
__shared__,9711ff20-6a47-56ac-ba22-2f49009f4257,lecture:19200823,book,Soziale Ideen.,1823,424,False
__shared__,971744ba-9555-574a-bfc4-62e21cf782a7,f78a79d5-8e8f-435e-bb58-ef6577312f57,book,Lucifer-Gnosis. Grundlegende Aufsätze zur Anthroposophie und Berichte aus,2145,491,False
__shared__,974f2820-0f13-5763-ba32-0231b80ada38,lecture:19190903a,book,Allgemeine Menschenkunde als Grundlage der Pädagogik,1776,405,False
__shared__,97522a4e-2a11-5bcc-9ad2-445f7be67483,c2a4e407-cdf7-4802-be84-010cc485ef00,book,Methodische Grundlagen der Anthroposophie,2011,500,False
__shared__,975a426d-8101-58f3-88cb-169cc160c608,7758c53c-72bd-41f1-ae51-843eb2a0f718,book,Various Interviews and Articles,1896,488,False
__shared__,975f6b7e-099e-5674-a141-49109c043a24,908fc041-096e-4440-8593-b3267b712bf5,book,Die Wahrheit als Gesamtumfang aller Weltansichten,2030,484,False
__shared__,97719fad-4831-5522-80d2-c2ecdaad4b76,f78a79d5-8e8f-435e-bb58-ef6577312f57,book,Lucifer-Gnosis. Grundlegende Aufsätze zur Anthroposophie und Berichte aus,2179,492,False
__shared__,9777706b-383f-5879-ac3e-55dea2b70165,f287d43a-5108-4e0c-baa8-5e7d3badfef7,book,Gesammelte Aufsätze zur Kultur- und Zeitgeschichte,1859,475,False
__shared__,97806bcc-0b8e-56c0-adac-7c3051452f77,f287d43a-5108-4e0c-baa8-5e7d3badfef7,book,Gesammelte Aufsätze zur Kultur- und Zeitgeschichte,2010,426,False
__shared__,97889560-a06b-5246-87c7-a263a541a204,lecture:19190822b,book,Erziehungskunst. Methodisch-Didaktisches,1855,459,False
__shared__,978b80e1-5ef7-579d-9ebb-d2c6a5384751,lecture:19220409,book,Damit der Mensch ganz Mensch werde,1801,447,False
__shared__,97e7c444-fe3e-54af-b1a6-ac774caa4d08,f287d43a-5108-4e0c-baa8-5e7d3badfef7,book,Gesammelte Aufsätze zur Kultur- und Zeitgeschichte,1873,421,False
__shared__,98023ffb-1612-504c-9cd0-53157facb06e,3b38df84-e9bc-4e70-9032-d3fa65517cfd,book,Aufsätze über die Dreigliederung des sozialen Organismus und zur Zeitlage,2156,509,False
__shared__,98063313-d17f-5453-9d3a-77b403d489c0,f287d43a-5108-4e0c-baa8-5e7d3badfef7,book,Gesammelte Aufsätze zur Kultur- und Zeitgeschichte,1774,441,False
__shared__,98341d60-acdd-51e9-8a70-ca95bbc19216,lecture:19200920,book,Die Krisis der Gegenwart und der Weg zu gesundem Denken,1841,418,False
__shared__,9834a318-2f9d-5b64-aa80-c6264409c238,f3b36ec2-031d-4715-ad66-dfc7f43cc491,book,Cypherpunks,1478,424,False
__shared__,9854a1df-c52a-5ae0-85d2-f5ac396d8906,f78a79d5-8e8f-435e-bb58-ef6577312f57,book,Lucifer-Gnosis. Grundlegende Aufsätze zur Anthroposophie und Berichte aus,2180,491,False
__shared__,986420e3-5cef-5366-8b7d-94337e08ce5f,lecture:19190823a,book,Allgemeine Menschenkunde als Grundlage der Pädagogik,2003,466,False
__shared__,986e8bb9-5e3a-59f9-b05b-e324a0734c87,4b8e4c2a-3f1b-4d2e-9c4a-8e4f4b2c3a1d,book,Die Philosophie der Freiheit,1887,472,False
__shared__,987f0dad-c8e0-5262-8589-22028b99d7c8,47b137d3-f414-406f-b142-ed72c7e8989c,book,Einleitungen zu Goethes Naturwissenschaftlichen Schriften,1841,448,False
__shared__,988f6deb-6037-5239-88be-7198a70448d1,f287d43a-5108-4e0c-baa8-5e7d3badfef7,book,Gesammelte Aufsätze zur Kultur- und Zeitgeschichte,1898,456,False
__shared__,99271014-7d96-5b1a-9509-8cfe95b211ed,lecture:19200828,book,Geisteswissenschaft als Erkenntnis der Grundimpulse sozialer Gestaltung,2113,492,False
__shared__,992a7f49-2565-5121-89de-dd1c482001fd,3b38df84-e9bc-4e70-9032-d3fa65517cfd,book,Aufsätze über die Dreigliederung des sozialen Organismus und zur Zeitlage,2103,467,False
__shared__,994d8767-9557-55e8-befb-255f11caec58,f287d43a-5108-4e0c-baa8-5e7d3badfef7,book,Gesammelte Aufsätze zur Kultur- und Zeitgeschichte,1765,454,False
__shared__,995f4140-7d1b-5403-b3cf-35d62625ed50,lecture:19191106,book,Die Befreiung des Menschenwesens als Grundlage für eine soziale Neugestaltung.,1948,440,False
__shared__,99632097-426f-593a-96db-f978a6e05df1,f78a79d5-8e8f-435e-bb58-ef6577312f57,book,Lucifer-Gnosis. Grundlegende Aufsätze zur Anthroposophie und Berichte aus,1858,416,False
__shared__,999fe532-f5d1-5560-a8c4-c045115b03d1,f3b36ec2-031d-4715-ad66-dfc7f43cc491,book,Cypherpunks,2034,475,False
__shared__,99a8279c-dd58-5173-b032-b9b992ff48ad,lecture:19190513,book,Neugestaltung des sozialen Organismus,2174,487,False
__shared__,99b7c4fd-6d48-518e-b2d8-482994ad3370,f78a79d5-8e8f-435e-bb58-ef6577312f57,book,Lucifer-Gnosis. Grundlegende Aufsätze zur Anthroposophie und Berichte aus,2064,496,False
__shared__,99ea8a61-2c2e-5382-83eb-c0fab53c6ea3,lecture:19190205,book,Die soziale Frage,1791,412,False
__shared__,9a0768a8-e744-5037-ad3f-f12caf32b63d,3b38df84-e9bc-4e70-9032-d3fa65517cfd,book,Aufsätze über die Dreigliederung des sozialen Organismus und zur Zeitlage,1883,428,False
__shared__,9a0839f5-6e02-52e5-97c6-8b948ad4385c,3b38df84-e9bc-4e70-9032-d3fa65517cfd,book,Aufsätze über die Dreigliederung des sozialen Organismus und zur Zeitlage,1966,479,False
__shared__,9a33908c-1cf7-5060-8fbb-e257a3158125,4c09f3d5-3f5c-42b7-beba-f12fc46594bc,book,Free Software Free Society,1899,438,False
__shared__,9a5dca6d-efde-52b5-9bd4-c5817f57c7cc,lecture:19190619,book,Neugestaltung des sozialen Organismus,1985,446,False
__shared__,9a936fab-4594-55fb-b458-efbc2d1327cb,lecture:19211126,book,Die Wirklichkeit der höheren Welten,2039,470,False
__shared__,9ad7be46-c8bd-563e-8cfe-12f26dab2f67,lecture:19210114b,book,Fachwissenschaften und Anthroposophie,1842,423,False
__shared__,9af17186-d56b-5bf1-a8b9-1a2b440dcaa1,f3b36ec2-031d-4715-ad66-dfc7f43cc491,book,Cypherpunks,1849,416,False
__shared__,9af1a7f9-ad87-5d82-949a-53ab715bfd7a,lecture:19200616,book,Soziale Ideen.,2206,481,False
__shared__,9b20f84c-a332-596b-8d7b-35a702845246,908fc041-096e-4440-8593-b3267b712bf5,book,Die Wahrheit als Gesamtumfang aller Weltansichten,1903,466,False
__shared__,9b23edcf-1961-5f2c-87dd-d52278f4ca6e,f78a79d5-8e8f-435e-bb58-ef6577312f57,book,Lucifer-Gnosis. Grundlegende Aufsätze zur Anthroposophie und Berichte aus,1863,456,False
__shared__,9b2f3ca0-8ab9-50de-aea3-e78ea4acec44,lecture:19190522,book,Betriebsräte und Sozialisierung,2033,466,False
__shared__,9b52cbb2-1e63-5db4-8e3d-54d8f04c8dac,lecture:19200416,book,Entsprechungen zwischen Mikrokosmos und Makrokosmos. Der Mensch — eine Hieroglyphe des Weltenalls.,1966,479,False
__shared__,9b9eb996-3cae-54e5-bdaf-c819790801f2,lecture:19220411,book,Damit der Mensch ganz Mensch werde,1855,456,False
__shared__,9bb668d0-6638-524d-8628-6c78048c6a7f,lecture:19210115b,book,Fachwissenschaften und Anthroposophie,2176,474,False
__shared__,9bc8bcf7-b4e5-5b2e-a792-7732ec7d3b5d,lecture:19200920,book,Die Krisis der Gegenwart und der Weg zu gesundem Denken,1834,437,False
__shared__,9bd607db-40b6-58a1-b994-34dd5ce5a536,f78a79d5-8e8f-435e-bb58-ef6577312f57,book,Lucifer-Gnosis. Grundlegende Aufsätze zur Anthroposophie und Berichte aus,1819,458,False
__shared__,9bf439d5-0b8a-5ff8-ac87-457ecff0f7c2,lecture:19190906a,book,Erziehungskunst. Seminarbesprechungen und Lehrplanvorträge,1793,413,False
__shared__,9c164134-0b0e-54b5-978d-93c6923731ee,lecture:19190904b,book,Erziehungskunst. Methodisch-Didaktisches,1897,443,False
__shared__,9c2458d2-63eb-5be7-b26b-22bbd608813f,44217040-65bf-4150-9fa8-bac9c57cd1b1,book,Grundlinien einer Erkenntnistheorie der Goetheschen Weltanschauung,1719,412,False
__shared__,9c42a62d-aec8-5279-8df2-100901922bad,f78a79d5-8e8f-435e-bb58-ef6577312f57,book,Lucifer-Gnosis. Grundlegende Aufsätze zur Anthroposophie und Berichte aus,1821,419,False
__shared__,9c43f835-5d73-59c2-9643-3e0d101c02e7,d64fa532-6040-4fc2-9c43-ed4e5368bb92,book,Die Rätsel der Philosophie,1734,432,False
__shared__,9c4d6c2a-3272-5df6-923e-1a3a7d3e7add,lecture:19191020,book,Die Befreiung des Menschenwesens als Grundlage für eine soziale Neugestaltung.,1906,435,False
__shared__,9c549859-f9e9-56a4-b41b-4009054975f7,f287d43a-5108-4e0c-baa8-5e7d3badfef7,book,Gesammelte Aufsätze zur Kultur- und Zeitgeschichte,1770,449,False
__shared__,9c7b4cae-e190-55aa-9497-dd61c22db5a6,lecture:19200105,book,Vom Einheitsstaat zum dreigliedrigen sozialen Organismus,1714,405,False
__shared__,9c833a89-c20e-542d-b6f7-59c6b7f9aa4f,lecture:19190905c,book,Erziehungskunst. Seminarbesprechungen und Lehrplanvorträge,1671,404,False
__shared__,9caf2ce4-60ca-5326-9b78-b8687af43fb2,lecture:19191025,book,Soziale Zukunft,2270,481,False
__shared__,9cbbb5d4-bb47-539f-9de0-6ca36e92420d,908fc041-096e-4440-8593-b3267b712bf5,book,Die Wahrheit als Gesamtumfang aller Weltansichten,1945,506,False
__shared__,9cbdf3c8-e5eb-52f4-af2c-150bc272536b,lecture:19200821,book,Geisteswissenschaft als Erkenntnis der Grundimpulse sozialer Gestaltung,1819,441,False
__shared__,9cf6d801-2bfa-5a3f-8c57-83970ac22357,4b8e4c2a-3f1b-4d2e-9c4a-8e4f4b2c3a1d,book,Die Philosophie der Freiheit,2157,499,False
__shared__,9d0ebfb3-a8b6-583f-8634-242f2543e6b8,lecture:19200324b,book,Fachwissenschaften und Anthroposophie,1960,455,False
__shared__,9d10c935-f5da-5b02-8651-c2ff01ab77bd,c2a4e407-cdf7-4802-be84-010cc485ef00,book,Methodische Grundlagen der Anthroposophie,1868,437,False
__shared__,9d2733b8-d947-5e99-8c30-c84218f07757,908fc041-096e-4440-8593-b3267b712bf5,book,Die Wahrheit als Gesamtumfang aller Weltansichten,1808,442,False
__shared__,9d409a0d-dbbd-5874-b34a-5a34bacbce0a,d64fa532-6040-4fc2-9c43-ed4e5368bb92,book,Die Rätsel der Philosophie,1740,422,False
__shared__,9d5e6699-3e88-5a32-8178-0366131a86ab,c2a4e407-cdf7-4802-be84-010cc485ef00,book,Methodische Grundlagen der Anthroposophie,2041,481,False
__shared__,9d6699b0-d06b-504d-bdda-3e3104d2b877,lecture:19200416,book,Entsprechungen zwischen Mikrokosmos und Makrokosmos. Der Mensch — eine Hieroglyphe des Weltenalls.,2032,508,False
__shared__,9d6fec09-2e1a-5f0e-bb73-6d8280dcd024,7758c53c-72bd-41f1-ae51-843eb2a0f718,book,Various Interviews and Articles,2178,482,False
__shared__,9d795072-fd65-5e84-8ab5-25f8bdf9eb05,4b8e4c2a-3f1b-4d2e-9c4a-8e4f4b2c3a1d,book,Die Philosophie der Freiheit,1461,450,False
__shared__,9d7c37e9-d7bc-5349-b23f-369910357d71,3b38df84-e9bc-4e70-9032-d3fa65517cfd,book,Aufsätze über die Dreigliederung des sozialen Organismus und zur Zeitlage,1830,410,False
__shared__,9d8f90ed-aebd-54f5-81e6-613422cb3e64,lecture:19200105,book,Vom Einheitsstaat zum dreigliedrigen sozialen Organismus,1930,438,False
__shared__,9d98c46b-d2ef-546e-96e9-3c4dab49482f,f8e6c475-a0e5-4081-b265-61a7536a183e,book,Die Kernpunkte der sozialen Frage,2031,443,False
__shared__,9da3e3da-a419-5843-a772-d26ef1deb61d,lecture:19190825c,book,Erziehungskunst. Seminarbesprechungen und Lehrplanvorträge,1742,451,False
__shared__,9da4e387-9bef-5dba-a024-39cb57ec452a,lecture:19220804b,book,Nationalökonomischer Kurs.,2021,469,False
__shared__,9dc92504-c7bb-573b-a855-a28a18bc6c55,lecture:19191030,book,Soziale Zukunft,1859,431,False
__shared__,9ddb433e-a530-5502-aa77-093ef1700b53,lecture:19200615,book,Die Krisis der Gegenwart und der Weg zu gesundem Denken,2047,486,False
__shared__,9e40a417-56b4-5fb6-b035-7487ed741ae7,lecture:19200609b,book,Soziale Ideen.,1895,452,False
__shared__,9e6ec63e-d0de-5a9d-b83a-dabd16bbc833,lecture:19190503,book,Neugestaltung des sozialen Organismus,2057,457,False
__shared__,9e8ed283-a1fc-5792-935b-2c60906cc620,f78a79d5-8e8f-435e-bb58-ef6577312f57,book,Lucifer-Gnosis. Grundlegende Aufsätze zur Anthroposophie und Berichte aus,1929,503,False
__shared__,9eb24708-2591-55b3-a292-72d460153b73,lecture:19201012,book,Soziale Ideen.,1802,402,False
__shared__,9ebbe251-620a-5560-8119-efbb444f192a,c2a4e407-cdf7-4802-be84-010cc485ef00,book,Methodische Grundlagen der Anthroposophie,2081,487,False
__shared__,9ec124a7-3756-587b-ae16-a4f197abfe0b,lecture:19211201,book,Die Wirklichkeit der höheren Welten,1730,411,False
__shared__,9ec71b46-d369-509c-9d3d-0dcb3c40db07,7758c53c-72bd-41f1-ae51-843eb2a0f718,book,Various Interviews and Articles,1955,455,False
__shared__,9ed905b1-174c-5d7e-9899-3e6da26a6d7b,f78a79d5-8e8f-435e-bb58-ef6577312f57,book,Lucifer-Gnosis. Grundlegende Aufsätze zur Anthroposophie und Berichte aus,1714,407,False
__shared__,9edf4975-3751-5cc8-badf-a695060fc8d2,lecture:19220731b,book,Nationalökonomischer Kurs.,2107,448,False
__shared__,9ef398da-69e0-5115-abc5-3be0af3bcb6f,lecture:19211128,book,Die Wirklichkeit der höheren Welten,2017,484,False
__shared__,9ef5ebc5-0194-5e20-b54c-b7fac30a56a9,3b38df84-e9bc-4e70-9032-d3fa65517cfd,book,Aufsätze über die Dreigliederung des sozialen Organismus und zur Zeitlage,1692,403,False
__shared__,9f41d0fa-af16-5a19-ac7b-747fb4511fa6,4b8e4c2a-3f1b-4d2e-9c4a-8e4f4b2c3a1d,book,Die Philosophie der Freiheit,1829,433,False
__shared__,9f4f918c-14fe-5f7e-be43-22f442911cd2,lecture:19200514,book,Entsprechungen zwischen Mikrokosmos und Makrokosmos. Der Mensch — eine Hieroglyphe des Weltenalls.,2077,485,False
__shared__,9f5b6999-55f8-595c-8961-5b645460a461,4c09f3d5-3f5c-42b7-beba-f12fc46594bc,book,Free Software Free Society,1810,420,False
__shared__,9f5fa949-a7c4-535c-8334-f3c2dbb7ae10,lecture:19200827,book,Geisteswissenschaft als Erkenntnis der Grundimpulse sozialer Gestaltung,1681,411,False
__shared__,9f78663c-b51e-5cc5-aca4-cd8c05573a1d,lecture:19190825a,book,Allgemeine Menschenkunde als Grundlage der Pädagogik,2075,480,False
__shared__,9f909202-7999-59ef-81bc-f9de54dace77,lecture:19190906a,book,Erziehungskunst. Seminarbesprechungen und Lehrplanvorträge,1865,449,False
__shared__,9fa9225e-2a7c-5769-abc1-7073b7bf74c0,lecture:19200906,book,Soziale Ideen.,1542,401,False
__shared__,9fb54a16-9af9-5db6-a620-3ae621d9688a,lecture:19220412a,book,Damit der Mensch ganz Mensch werde,1714,418,False
__shared__,9fcc499b-4c4d-549c-8431-2a26c9f42438,f78a79d5-8e8f-435e-bb58-ef6577312f57,book,Lucifer-Gnosis. Grundlegende Aufsätze zur Anthroposophie und Berichte aus,1772,403,False
__shared__,9fccc1cf-b57c-5642-96f8-4900d7532b92,908fc041-096e-4440-8593-b3267b712bf5,book,Die Wahrheit als Gesamtumfang aller Weltansichten,1841,453,False
__shared__,9fe487d6-e51e-5ce0-aea3-c4a84b3aefa2,lecture:19190828b,book,Erziehungskunst. Methodisch-Didaktisches,2020,450,False
__shared__,a00c5545-4bd3-5323-9a36-d588157a453e,44217040-65bf-4150-9fa8-bac9c57cd1b1,book,Grundlinien einer Erkenntnistheorie der Goetheschen Weltanschauung,1823,427,False
__shared__,a00e3225-3bb5-5226-865a-b4ae456dec9d,44217040-65bf-4150-9fa8-bac9c57cd1b1,book,Grundlinien einer Erkenntnistheorie der Goetheschen Weltanschauung,1986,484,False
__shared__,a01261e7-0e31-508d-9ab3-1c16f3944290,lecture:19191024,book,Soziale Zukunft,2017,449,False
__shared__,a03f28f0-6a6c-5fe0-9d7c-08f5687bf81c,4b8e4c2a-3f1b-4d2e-9c4a-8e4f4b2c3a1d,book,Die Philosophie der Freiheit,1703,415,False
__shared__,a053b21f-c1cc-5e2d-a1d3-4f3ee5717ee0,f78a79d5-8e8f-435e-bb58-ef6577312f57,book,Lucifer-Gnosis. Grundlegende Aufsätze zur Anthroposophie und Berichte aus,1732,435,False
__shared__,a055d68c-c186-55c6-aa27-2fa2659eb6ea,3b38df84-e9bc-4e70-9032-d3fa65517cfd,book,Aufsätze über die Dreigliederung des sozialen Organismus und zur Zeitlage,1835,407,False
__shared__,a05aa23f-6c27-5736-b381-ed4fa4ca2ab4,lecture:19191110,book,Die Befreiung des Menschenwesens als Grundlage für eine soziale Neugestaltung.,1762,407,False
__shared__,a06edf07-ed23-50cd-babb-a68c47d5fce7,f3b36ec2-031d-4715-ad66-dfc7f43cc491,book,Cypherpunks,1471,426,False
__shared__,a07d94be-6659-5564-9d59-91082c998018,64e881df-0501-4815-9b0c-6cf545c383b6,book,Goethes Weltanschauung,1743,407,False
__shared__,a0841e0f-c9d8-539d-b81f-c27e78bcd74d,f78a79d5-8e8f-435e-bb58-ef6577312f57,book,Lucifer-Gnosis. Grundlegende Aufsätze zur Anthroposophie und Berichte aus,2078,480,False
__shared__,a0b0b490-1aef-51e5-b68b-229ad59786ef,lecture:19200317,book,Vom Einheitsstaat zum dreigliedrigen sozialen Organismus,2232,510,False
__shared__,a0e1c8e1-bffc-5b06-969b-d3c5c8318e4f,lecture:19190709,book,Neugestaltung des sozialen Organismus,2235,500,False
__shared__,a0fbc597-c4cf-516e-9c1f-a1fb2ef9b759,lecture:19190711,book,Neugestaltung des sozialen Organismus,2028,458,False
__shared__,a105f5d7-7562-5362-b87f-1d8a44070d4d,47b137d3-f414-406f-b142-ed72c7e8989c,book,Einleitungen zu Goethes Naturwissenschaftlichen Schriften,1756,427,False
__shared__,a11097be-4964-54f4-8d9a-db4cd0dd43ee,lecture:19190823b,book,Erziehungskunst. Methodisch-Didaktisches,2093,482,False
__shared__,a11e6851-c305-5bdc-8f26-74979140d44a,lecture:19190402,book,Die Befreiung des Menschenwesens als Grundlage für eine soziale Neugestaltung.,1895,437,False
__shared__,a12cdd4f-680a-5e18-88e2-04782ffa794b,lecture:19190311,book,Die Befreiung des Menschenwesens als Grundlage für eine soziale Neugestaltung.,2012,444,False
__shared__,a1353f1d-04e6-521c-9b2a-cb75e8632f86,908fc041-096e-4440-8593-b3267b712bf5,book,Die Wahrheit als Gesamtumfang aller Weltansichten,1788,401,False
__shared__,a140093f-32f8-5113-a7b3-741615decb22,lecture:19201007b,book,Soziale Ideen.,1925,446,False
__shared__,a142f6a6-1900-5dca-bb92-166f46ead23a,lecture:19200827,book,Geisteswissenschaft als Erkenntnis der Grundimpulse sozialer Gestaltung,2063,512,False
__shared__,a159c305-b0b2-5798-a92e-85451c4d7f19,908fc041-096e-4440-8593-b3267b712bf5,book,Die Wahrheit als Gesamtumfang aller Weltansichten,1910,471,False
__shared__,a169f2e5-70d8-5ee9-b8b8-e80f27b8d229,4b8e4c2a-3f1b-4d2e-9c4a-8e4f4b2c3a1d,book,Die Philosophie der Freiheit,2162,506,False
__shared__,a1bc8f78-b4f9-53bc-9c82-be943f2db485,lecture:19140121a,book,Der menschliche und der kosmische Gedanke,1830,428,False
__shared__,a1c84b54-e252-5fd8-87ae-cfb0a9c59fd4,lecture:19190614,book,Betriebsräte und Sozialisierung,1945,434,False
__shared__,a1d4b79c-d7af-510f-a3de-5e568f7c7713,lecture:19220804b,book,Nationalökonomischer Kurs.,2045,477,False
__shared__,a1dbf481-2030-5714-83dd-4833f8aa2358,lecture:19200911,book,Geisteswissenschaft als Erkenntnis der Grundimpulse sozialer Gestaltung,1809,423,False
__shared__,a22be08b-2426-5e77-bd8d-e51763e3466a,lecture:19191014,book,Die Befreiung des Menschenwesens als Grundlage für eine soziale Neugestaltung.,2025,444,False
__shared__,a246f6b8-6c58-5fe8-b686-3a4ca3f9b266,lecture:19190422b,book,Neugestaltung des sozialen Organismus,1948,427,False
__shared__,a279f5a0-beb7-576e-9e0a-518ca08f53b5,lecture:19220803b,book,Nationalökonomischer Kurs.,2066,450,False
__shared__,a28e30df-397d-5b83-8ce6-8bffc48db7f4,d64fa532-6040-4fc2-9c43-ed4e5368bb92,book,Die Rätsel der Philosophie,1831,422,False
__shared__,a297da42-8c36-5f82-86c4-693f936c34e7,lecture:19190225,book,Die soziale Frage,2189,493,False
__shared__,a30ba64b-4a25-5bbe-a319-e6893dfe1a94,lecture:19190826a,book,Allgemeine Menschenkunde als Grundlage der Pädagogik,1902,441,False
__shared__,a32e8659-8c5a-5f21-b604-81ab6630007c,lecture:19140121a,book,Der menschliche und der kosmische Gedanke,1965,481,False
__shared__,a33dcd65-c061-53b2-abbb-1723a72dc5dd,lecture:19220802c,book,Nationalökonomischer Kurs.,2141,477,False
__shared__,a36fc05e-62bf-53e9-8cda-db9fae296e69,64e881df-0501-4815-9b0c-6cf545c383b6,book,Goethes Weltanschauung,1794,414,False
__shared__,a3897ded-f8e3-51ed-9893-cac40e1d599b,lecture:19200423b,book,Entsprechungen zwischen Mikrokosmos und Makrokosmos. Der Mensch — eine Hieroglyphe des Weltenalls.,1911,465,False
__shared__,a39e7e53-f500-598d-b25c-67ba24e99f6e,7758c53c-72bd-41f1-ae51-843eb2a0f718,book,Various Interviews and Articles,2028,473,False
__shared__,a3a5cc77-698d-5f0f-8164-90d4c3d02f1a,36371313-0400-4c90-9656-67d54052cf89,book,Julian Assange in his own words,1489,510,False
__shared__,a3abb136-0dfa-5f7a-b5d0-e69bf38c090d,lecture:19220731c,book,Nationalökonomisches Seminar.,1794,423,False
__shared__,a3b4f051-2366-5463-ba3d-1ac2a07b7d45,lecture:19190711,book,Neugestaltung des sozialen Organismus,1719,406,False
__shared__,a3b8fe3f-aa73-5f70-832d-339956e91bd5,f8e6c475-a0e5-4081-b265-61a7536a183e,book,Die Kernpunkte der sozialen Frage,1769,425,False
__shared__,a3bc856d-b661-590e-b89a-cc417f6f2370,lecture:19220409,book,Damit der Mensch ganz Mensch werde,1715,402,False
__shared__,a3bd4c56-ae16-584f-a551-1bd769694402,f287d43a-5108-4e0c-baa8-5e7d3badfef7,book,Gesammelte Aufsätze zur Kultur- und Zeitgeschichte,1874,425,False
__shared__,a3c21e77-15fb-5ea6-a5cd-cd99fda1eca8,lecture:19190530b,book,Soziale Ideen.,1976,414,False
__shared__,a3d4caff-eb2d-5bce-aa48-53af5e9a2167,lecture:19200407b,book,Fachwissenschaften und Anthroposophie,2084,510,False
__shared__,a3edaff6-27ad-59ce-839a-34cc5a2f7a2a,lecture:19220725b,book,Nationalökonomischer Kurs.,2040,443,False
__shared__,a3f97db8-80d4-5a4f-b822-a1c9c4788f6f,lecture:19210111b,book,Fachwissenschaften und Anthroposophie,1981,433,False
__shared__,a408757a-ef73-514a-8056-b5f59e241345,908fc041-096e-4440-8593-b3267b712bf5,book,Die Wahrheit als Gesamtumfang aller Weltansichten,1747,447,False
__shared__,a4181ca2-bf25-50cf-a159-f89f78e19c06,lecture:19190212,book,Die soziale Frage,2245,506,False
__shared__,a486977b-92ce-56f6-b00f-6483c2237f07,4b8e4c2a-3f1b-4d2e-9c4a-8e4f4b2c3a1d,book,Die Philosophie der Freiheit,2003,478,False
__shared__,a4b4cf61-f03b-51ab-8860-a22e57dd7e49,lecture:19200409b,book,Entsprechungen zwischen Mikrokosmos und Makrokosmos. Der Mensch — eine Hieroglyphe des Weltenalls.,1909,414,False
__shared__,a4be10b8-1391-53c5-80a6-c91eeecdef1b,c2a4e407-cdf7-4802-be84-010cc485ef00,book,Methodische Grundlagen der Anthroposophie,1774,409,False
__shared__,a4cdaaea-5aec-516c-9594-2592433dc2b7,lecture:19200827,book,Geisteswissenschaft als Erkenntnis der Grundimpulse sozialer Gestaltung,1942,431,False
__shared__,a4cebf06-dd96-5ce0-b02d-1232f712d2a3,36371313-0400-4c90-9656-67d54052cf89,book,Julian Assange in his own words,1423,428,False
__shared__,a4d28cd7-ba43-5b2c-a45d-cf6a46e18f18,lecture:19190225,book,Die soziale Frage,2153,505,False
__shared__,a4d80562-1f85-5eef-b15f-4d9f7c720614,908fc041-096e-4440-8593-b3267b712bf5,book,Die Wahrheit als Gesamtumfang aller Weltansichten,1639,456,False
__shared__,a4ebb1e7-e614-52e2-95dc-fc89e227ed1e,lecture:19190822a,book,Allgemeine Menschenkunde als Grundlage der Pädagogik,2381,505,False
__shared__,a50dd519-ee9e-5138-98d0-ff450a96253c,lecture:19200105,book,Vom Einheitsstaat zum dreigliedrigen sozialen Organismus,1696,401,False
__shared__,a5101c6e-74cd-5875-9dc2-f134cbe744b4,f287d43a-5108-4e0c-baa8-5e7d3badfef7,book,Gesammelte Aufsätze zur Kultur- und Zeitgeschichte,1666,417,False
__shared__,a5ae41a5-fbf7-59bd-b811-ac8bab03d9e3,lecture:19190531,book,Neugestaltung des sozialen Organismus,2108,507,False
__shared__,a5c00043-70a1-50f3-8c28-94f47eabaa0c,lecture:19200509b,book,Entsprechungen zwischen Mikrokosmos und Makrokosmos. Der Mensch — eine Hieroglyphe des Weltenalls.,2162,468,False
__shared__,a6269838-cac3-5831-97cd-fef461ed6dd5,lecture:19200821,book,Geisteswissenschaft als Erkenntnis der Grundimpulse sozialer Gestaltung,2053,503,False
__shared__,a630490b-8eef-520b-b2e0-5bf596582e31,lecture:19190402,book,Die Befreiung des Menschenwesens als Grundlage für eine soziale Neugestaltung.,2102,479,False
__shared__,a65300b7-3fe1-5347-b25c-399172b65994,lecture:19200719,book,Soziale Ideen.,1946,455,False
__shared__,a68dd8b7-828d-5ea1-a434-097cce14df03,lecture:19200418b,book,Entsprechungen zwischen Mikrokosmos und Makrokosmos. Der Mensch — eine Hieroglyphe des Weltenalls.,2003,470,False
__shared__,a69e6c56-67c0-58a4-9578-f01f29cd671b,lecture:19211129a,book,Die Wirklichkeit der höheren Welten,1712,413,False
__shared__,a6c3ee38-899c-561a-9f78-b6d7460339e1,lecture:19211126,book,Die Wirklichkeit der höheren Welten,1653,410,False
__shared__,a6d1ed5c-de6e-550d-8927-1a8178b27b28,lecture:19211011,book,Anthroposophie soziale Dreigliederung und Redekunst.,1897,440,False
__shared__,a6d287f6-2463-567b-b2e0-cb4350036cca,f78a79d5-8e8f-435e-bb58-ef6577312f57,book,Lucifer-Gnosis. Grundlegende Aufsätze zur Anthroposophie und Berichte aus,2082,471,False
__shared__,a6d53503-df2f-5da1-8e34-672649cc19fe,lecture:19190902a,book,Allgemeine Menschenkunde als Grundlage der Pädagogik,2214,511,False
__shared__,a6ed201c-dfc5-5d33-8dd3-82f6c32b0c99,lecture:19200317,book,Vom Einheitsstaat zum dreigliedrigen sozialen Organismus,2126,495,False
__shared__,a703ae9a-21b2-5558-892a-3caaf7666b67,f287d43a-5108-4e0c-baa8-5e7d3badfef7,book,Gesammelte Aufsätze zur Kultur- und Zeitgeschichte,1791,449,False
__shared__,a7101e37-29fc-5ec5-97e4-a277d7ba4c8c,lecture:19200615,book,Die Krisis der Gegenwart und der Weg zu gesundem Denken,2186,460,False
__shared__,a72de500-bd88-565e-abcd-7e70fcf3d8fe,lecture:19190513,book,Neugestaltung des sozialen Organismus,2146,469,False
__shared__,a7347b3a-4203-5993-89f8-f8d8d5cf9957,lecture:19200107,book,Vom Einheitsstaat zum dreigliedrigen sozialen Organismus,2016,489,False
__shared__,a7828034-3191-5763-9827-2550a88aeb37,lecture:19190516,book,Neugestaltung des sozialen Organismus,2135,487,False
__shared__,a794749b-614f-542f-a23a-7fea01533745,47b137d3-f414-406f-b142-ed72c7e8989c,book,Einleitungen zu Goethes Naturwissenschaftlichen Schriften,1556,414,False
__shared__,a79d8e46-003a-5133-b3c7-4ba09e7028de,4b8e4c2a-3f1b-4d2e-9c4a-8e4f4b2c3a1d,book,Die Philosophie der Freiheit,1824,424,False
__shared__,a7a79fdc-0c82-5b02-aba5-0575ad785ca2,f78a79d5-8e8f-435e-bb58-ef6577312f57,book,Lucifer-Gnosis. Grundlegende Aufsätze zur Anthroposophie und Berichte aus,1739,406,False
__shared__,a8077c71-7dc1-55a0-bf38-aed56c444818,lecture:19190525,book,Soziale Ideen.,2003,454,False
__shared__,a80d98d6-0224-515a-a65f-eba4e3c7a020,lecture:19200823,book,Soziale Ideen.,1914,454,False
__shared__,a814b0cf-339c-5411-9540-cc618d7bf093,d64fa532-6040-4fc2-9c43-ed4e5368bb92,book,Die Rätsel der Philosophie,1734,429,False
__shared__,a84c9773-9062-5866-95d1-68ed8c1f3b88,lecture:19200504b,book,Vom Einheitsstaat zum dreigliedrigen sozialen Organismus,1852,428,False
__shared__,a85c5133-4805-5987-b595-f735c87722d2,lecture:19220410,book,Damit der Mensch ganz Mensch werde,2012,469,False
__shared__,a883d5c1-21f7-53af-b7f2-81fd35d10d17,lecture:19190402,book,Die Befreiung des Menschenwesens als Grundlage für eine soziale Neugestaltung.,2061,454,False
__shared__,a8b6ffc7-431f-59e7-ba7c-5cb56e3cb72b,lecture:19200608,book,Die Krisis der Gegenwart und der Weg zu gesundem Denken,2235,511,False
__shared__,a8e741f5-ebda-5d9e-8a8b-d94773fd35b3,lecture:19191028,book,Soziale Zukunft,2219,512,False
__shared__,a8f43e9b-e24c-5484-b0d9-2e56139864fa,f78a79d5-8e8f-435e-bb58-ef6577312f57,book,Lucifer-Gnosis. Grundlegende Aufsätze zur Anthroposophie und Berichte aus,1767,434,False
__shared__,a8fbd39b-03cf-5d73-b892-7df50b427333,f3b36ec2-031d-4715-ad66-dfc7f43cc491,book,Cypherpunks,1745,434,False
__shared__,a92cbbd9-ee12-5068-8783-707e30a02fce,lecture:19190717,book,Betriebsräte und Sozialisierung,2050,462,False
__shared__,a9468d67-0361-5a47-867e-c2ec858bfca4,f287d43a-5108-4e0c-baa8-5e7d3badfef7,book,Gesammelte Aufsätze zur Kultur- und Zeitgeschichte,1849,455,False
__shared__,a958d144-685d-5ffb-99cd-084d6669db67,f78a79d5-8e8f-435e-bb58-ef6577312f57,book,Lucifer-Gnosis. Grundlegende Aufsätze zur Anthroposophie und Berichte aus,2247,501,False
__shared__,a9741bb6-9094-5ebf-9212-43ac5a924d87,lecture:19200816,book,Soziale Ideen.,2201,455,False
__shared__,a9826048-6f11-5a8c-9ae3-0c594eb9b14c,4c09f3d5-3f5c-42b7-beba-f12fc46594bc,book,Free Software Free Society,1761,405,False
__shared__,a98301be-254e-5780-bc27-073ca008a0e4,lecture:19190904b,book,Erziehungskunst. Methodisch-Didaktisches,2282,500,False
__shared__,a9830a90-bdf7-5a59-b881-623d632e1a4f,lecture:19190317,book,Die Befreiung des Menschenwesens als Grundlage für eine soziale Neugestaltung.,2172,482,False
__shared__,a986c096-987e-55c3-994f-fb6b3b2d120b,f78a79d5-8e8f-435e-bb58-ef6577312f57,book,Lucifer-Gnosis. Grundlegende Aufsätze zur Anthroposophie und Berichte aus,2263,511,False
__shared__,a9c848a2-9439-5ca0-ae24-7a5e5b11dbad,lecture:19220411,book,Damit der Mensch ganz Mensch werde,1970,493,False
__shared__,a9dd05c0-b060-597c-af93-81a3c6ab204b,lecture:19190822b,book,Erziehungskunst. Methodisch-Didaktisches,1746,401,False
__shared__,a9f55eb3-c81c-55cf-8d8c-b7ff34bdbf85,c2a4e407-cdf7-4802-be84-010cc485ef00,book,Methodische Grundlagen der Anthroposophie,1804,444,False
__shared__,aa039b21-59cb-519a-a593-e18f7856f2f4,lecture:19190830b,book,Erziehungskunst. Methodisch-Didaktisches,2195,509,False
__shared__,aa4c8c44-b914-5b6b-bdc8-3c3bbb0f9d8d,lecture:19140123c,book,Der menschliche und der kosmische Gedanke,1842,430,False
__shared__,aa5d716a-18bd-5072-9e4e-3b8db5b8ff43,47b137d3-f414-406f-b142-ed72c7e8989c,book,Einleitungen zu Goethes Naturwissenschaftlichen Schriften,1658,407,False
__shared__,aa635e24-fa9c-5859-a422-9705a0db1f0e,d64fa532-6040-4fc2-9c43-ed4e5368bb92,book,Die Rätsel der Philosophie,1879,471,False
__shared__,aa6e3738-dc2c-5778-93f4-96d4d234f90d,lecture:19191024,book,Soziale Zukunft,1856,420,False
__shared__,aa7a071b-4bf6-5e00-8896-9b9fba73a3dc,3b38df84-e9bc-4e70-9032-d3fa65517cfd,book,Aufsätze über die Dreigliederung des sozialen Organismus und zur Zeitlage,1717,426,False
__shared__,aa7c5eb5-952d-510f-941f-23754c76349e,lecture:19200107,book,Vom Einheitsstaat zum dreigliedrigen sozialen Organismus,1924,458,False
__shared__,aa91ba48-50c0-5f11-8505-41fe47e68705,c2a4e407-cdf7-4802-be84-010cc485ef00,book,Methodische Grundlagen der Anthroposophie,1923,457,False
__shared__,aad4ce74-8950-5951-9bc7-7a56d535c8fd,lecture:19200904a,book,Geisteswissenschaft als Erkenntnis der Grundimpulse sozialer Gestaltung,2111,469,False
__shared__,aaf05629-d603-5df0-a868-f1be45084757,d64fa532-6040-4fc2-9c43-ed4e5368bb92,book,Die Rätsel der Philosophie,1750,442,False
__shared__,ab0705a6-82a9-5e4f-af46-ce588ae733ec,44217040-65bf-4150-9fa8-bac9c57cd1b1,book,Grundlinien einer Erkenntnistheorie der Goetheschen Weltanschauung,2011,511,False
__shared__,ab12e75a-d179-5d6a-81d3-6b7841b9f677,c2a4e407-cdf7-4802-be84-010cc485ef00,book,Methodische Grundlagen der Anthroposophie,1859,464,False
__shared__,ab15bcb8-d076-5201-ae04-74ec470954fb,f78a79d5-8e8f-435e-bb58-ef6577312f57,book,Lucifer-Gnosis. Grundlegende Aufsätze zur Anthroposophie und Berichte aus,1943,439,False
__shared__,ab26e1c0-db70-5f5a-b2e5-76cfb1b13779,908fc041-096e-4440-8593-b3267b712bf5,book,Die Wahrheit als Gesamtumfang aller Weltansichten,1697,419,False
__shared__,ab30d07b-2454-5d03-a891-c65ac507e077,c2a4e407-cdf7-4802-be84-010cc485ef00,book,Methodische Grundlagen der Anthroposophie,1696,402,False
__shared__,ab7397a2-2cde-574e-a58d-89a7f0ec8e9a,lecture:19140121a,book,Der menschliche und der kosmische Gedanke,2001,456,False
__shared__,ab7e4f75-b1aa-516d-a9cd-f0594f6fdd18,f78a79d5-8e8f-435e-bb58-ef6577312f57,book,Lucifer-Gnosis. Grundlegende Aufsätze zur Anthroposophie und Berichte aus,1973,439,False
__shared__,abf120d8-ac7b-56ee-8491-7047445dfa93,c2a4e407-cdf7-4802-be84-010cc485ef00,book,Methodische Grundlagen der Anthroposophie,1863,445,False
__shared__,ac2ce337-a9a2-5520-9078-269065064e83,d64fa532-6040-4fc2-9c43-ed4e5368bb92,book,Die Rätsel der Philosophie,1947,453,False
__shared__,ac2d487f-0627-5bc0-a1b9-aeccd87b6e0a,lecture:19210406a,book,Die befruchtende Wirkung der Anthroposophie auf die Fachwissenschaften,1905,416,False
__shared__,ac319374-3fd6-5d7f-9846-3d3dc14d53a1,lecture:19190826a,book,Allgemeine Menschenkunde als Grundlage der Pädagogik,1812,434,False
__shared__,ac4b1050-5929-55af-b484-0c7917eee992,lecture:19200304b,book,Die Krisis der Gegenwart und der Weg zu gesundem Denken,1858,408,False
__shared__,ac63a407-e0c8-57ed-b1e4-3d4cdf7481ee,lecture:19190624,book,Betriebsräte und Sozialisierung,2178,467,False
__shared__,ac7cc983-46d1-544f-b96b-45378055a234,3b38df84-e9bc-4e70-9032-d3fa65517cfd,book,Aufsätze über die Dreigliederung des sozialen Organismus und zur Zeitlage,1736,411,False
__shared__,ac89e09e-7a5e-54c2-bec4-31f26bb5ab47,lecture:19211013,book,Anthroposophie soziale Dreigliederung und Redekunst.,2141,494,False
__shared__,ac9745da-41b6-5ff3-b0e7-4e8f1b673f7c,lecture:19190730,book,Soziale Ideen.,2142,485,False
__shared__,aca3fa19-bce8-5e61-88f1-4ae894edd105,lecture:19191106,book,Die Befreiung des Menschenwesens als Grundlage für eine soziale Neugestaltung.,2081,480,False
__shared__,acb8ff25-de1d-549d-b67c-acb5ba08ec11,d64fa532-6040-4fc2-9c43-ed4e5368bb92,book,Die Rätsel der Philosophie,1962,463,False
__shared__,acd15e2b-f3a5-5ca3-ae34-501a1b70ff67,lecture:19200814,book,Geisteswissenschaft als Erkenntnis der Grundimpulse sozialer Gestaltung,1899,458,False
__shared__,ace4b2a0-095f-579e-95e7-0e2efa2392a8,0c20163d-b14e-4750-988b-3b58c0fa3126,book,Code Version 2 0,1877,404,False
__shared__,ad040e60-05be-5d8f-8a65-80685ccb539a,4b8e4c2a-3f1b-4d2e-9c4a-8e4f4b2c3a1d,book,Die Philosophie der Freiheit,1828,421,False
__shared__,ad061d02-c9fd-5b74-abb3-43cb253a565f,f287d43a-5108-4e0c-baa8-5e7d3badfef7,book,Gesammelte Aufsätze zur Kultur- und Zeitgeschichte,2176,510,False
__shared__,ad1fc406-1b6e-5176-888c-0364ef09e357,47b137d3-f414-406f-b142-ed72c7e8989c,book,Einleitungen zu Goethes Naturwissenschaftlichen Schriften,1920,466,False
__shared__,ad58f939-c33e-5917-9584-07796b1c2c08,f287d43a-5108-4e0c-baa8-5e7d3badfef7,book,Gesammelte Aufsätze zur Kultur- und Zeitgeschichte,2005,468,False
__shared__,ad620214-3320-5f51-b64a-ec750c41dd53,d64fa532-6040-4fc2-9c43-ed4e5368bb92,book,Die Rätsel der Philosophie,1794,433,False
__shared__,ad90e890-836f-50d8-9070-94f134a66e4f,lecture:19220803b,book,Nationalökonomischer Kurs.,2146,469,False
__shared__,adfb7095-8364-5bb0-b1cf-67654c4a8df9,3b38df84-e9bc-4e70-9032-d3fa65517cfd,book,Aufsätze über die Dreigliederung des sozialen Organismus und zur Zeitlage,2243,474,False
__shared__,ae2d2c5d-0847-5b1b-b92d-650de2b4b8be,123ef8cb-a442-4bbc-9570-e8681dd67f9f,book,Rebel Code,1779,426,False
__shared__,ae3bd187-4422-5c8d-8892-75d63068daad,lecture:19211129a,book,Die Wirklichkeit der höheren Welten,1956,469,False
__shared__,ae57bead-a506-56db-98c1-1eb073410ea6,lecture:19200417b,book,Entsprechungen zwischen Mikrokosmos und Makrokosmos. Der Mensch — eine Hieroglyphe des Weltenalls.,2005,501,False
__shared__,ae596b4f-5611-543d-acaa-8835e8183890,f8e6c475-a0e5-4081-b265-61a7536a183e,book,Die Kernpunkte der sozialen Frage,1910,421,False
__shared__,ae69415c-43ce-5230-aa44-3bbf9e0daebc,908fc041-096e-4440-8593-b3267b712bf5,book,Die Wahrheit als Gesamtumfang aller Weltansichten,1572,410,False
__shared__,ae6f1b8c-ad72-593e-84bd-d8f8a8f75a84,lecture:19190619,book,Neugestaltung des sozialen Organismus,1933,411,False
__shared__,ae91bd62-d2e2-510d-98b2-6f98e34ee268,lecture:19190624,book,Betriebsräte und Sozialisierung,1952,452,False
__shared__,aeb89973-6f0a-57b7-988e-08d55062a101,lecture:19190830a,book,Allgemeine Menschenkunde als Grundlage der Pädagogik,1829,412,False
__shared__,aebbd15f-345d-5cb0-9dce-76cfa98c2a7f,f287d43a-5108-4e0c-baa8-5e7d3badfef7,book,Gesammelte Aufsätze zur Kultur- und Zeitgeschichte,2110,478,False
__shared__,aebd2b38-cea5-516b-a411-a874e266915e,lecture:19190828a,book,Allgemeine Menschenkunde als Grundlage der Pädagogik,1885,464,False
__shared__,aee7086c-ad8f-5468-99bd-514f3596fd3e,lecture:19190905b,book,Erziehungskunst. Methodisch-Didaktisches,1653,402,False
__shared__,aef31101-50a6-5d79-9a9e-162bca6a941b,lecture:19211015a,book,Anthroposophie soziale Dreigliederung und Redekunst.,2026,485,False
__shared__,af2ad7b0-7c92-575e-aab2-327c321dc446,lecture:19200410b,book,Entsprechungen zwischen Mikrokosmos und Makrokosmos. Der Mensch — eine Hieroglyphe des Weltenalls.,1962,476,False
__shared__,af3b0475-c4d7-5c75-a175-bf09fb1c6a36,64e881df-0501-4815-9b0c-6cf545c383b6,book,Goethes Weltanschauung,2201,484,False
__shared__,af54c0a3-742a-5b0b-a5fa-fc64eeec60b1,f287d43a-5108-4e0c-baa8-5e7d3badfef7,book,Gesammelte Aufsätze zur Kultur- und Zeitgeschichte,1756,427,False
__shared__,af55b995-cbbe-5071-9437-000720a705ec,f78a79d5-8e8f-435e-bb58-ef6577312f57,book,Lucifer-Gnosis. Grundlegende Aufsätze zur Anthroposophie und Berichte aus,1950,460,False
__shared__,af88570e-172b-533b-9090-16a1cf3b12e8,lecture:19200808b,book,Geisteswissenschaft als Erkenntnis der Grundimpulse sozialer Gestaltung,1789,427,False
__shared__,af990dc0-e91d-55a6-b7fc-2ea1e39fcf20,4b8e4c2a-3f1b-4d2e-9c4a-8e4f4b2c3a1d,book,Die Philosophie der Freiheit,1858,436,False
__shared__,af9dfc01-ad11-5dd8-a6db-e86682f39c12,lecture:19211129a,book,Die Wirklichkeit der höheren Welten,2226,511,False
__shared__,afdfd085-4ce6-509c-8c6f-d39acca6b6c8,d64fa532-6040-4fc2-9c43-ed4e5368bb92,book,Die Rätsel der Philosophie,1780,453,False
__shared__,b0160e44-5768-553f-8f35-ec34b0e9a642,lecture:19201110,book,Die Krisis der Gegenwart und der Weg zu gesundem Denken,2129,503,False
__shared__,b016c614-6d1a-54a1-8c3d-4e4c3292ab34,lecture:19191030,book,Soziale Zukunft,2080,439,False
__shared__,b03e7437-c930-50e0-8751-658b226b2e8b,lecture:19200325b,book,Fachwissenschaften und Anthroposophie,2027,476,False
__shared__,b04a375b-3887-5fcd-ae38-2d8597c9883e,44217040-65bf-4150-9fa8-bac9c57cd1b1,book,Grundlinien einer Erkenntnistheorie der Goetheschen Weltanschauung,1832,432,False
__shared__,b05259da-ef8b-5bd1-ba4c-6d3282dd25a2,lecture:19220412a,book,Damit der Mensch ganz Mensch werde,1832,409,False
__shared__,b05972f7-21cd-5dd5-baf0-06f63fac1f3f,lecture:19200426b,book,Vom Einheitsstaat zum dreigliedrigen sozialen Organismus,1780,405,False
__shared__,b071310a-5eab-54ec-99ce-f5fa22630124,d64fa532-6040-4fc2-9c43-ed4e5368bb92,book,Die Rätsel der Philosophie,2069,482,False
__shared__,b080253a-343a-55cd-98db-70327fa9679d,f78a79d5-8e8f-435e-bb58-ef6577312f57,book,Lucifer-Gnosis. Grundlegende Aufsätze zur Anthroposophie und Berichte aus,1849,462,False
__shared__,b08132de-a06d-57e8-8721-93a9edb3e5ff,7758c53c-72bd-41f1-ae51-843eb2a0f718,book,Various Interviews and Articles,2085,460,False
__shared__,b0a6f067-b6f3-5e3f-ba4c-32a264b54fd3,lecture:19200814,book,Geisteswissenschaft als Erkenntnis der Grundimpulse sozialer Gestaltung,2203,502,False
__shared__,b0dd5548-b4d5-50d2-9a91-68f0c04b61d6,lecture:19200609b,book,Soziale Ideen.,2092,454,False
__shared__,b0f073e8-b4bc-56c4-8e9b-9fcc30c79643,lecture:19190308,book,Die soziale Frage,1967,432,False
__shared__,b112c16e-d1c1-5433-a3d5-f1694243d0c6,lecture:19191029,book,Soziale Zukunft,2051,484,False
__shared__,b11f9153-cfd0-5557-911f-1bb2b44fa5f7,lecture:19191014,book,Die Befreiung des Menschenwesens als Grundlage für eine soziale Neugestaltung.,2015,500,False
__shared__,b1242c2c-d872-5389-a536-6d84efc025ba,lecture:19220803b,book,Nationalökonomischer Kurs.,2118,464,False
__shared__,b1278e7f-c986-51c7-9991-2dd180145e37,f78a79d5-8e8f-435e-bb58-ef6577312f57,book,Lucifer-Gnosis. Grundlegende Aufsätze zur Anthroposophie und Berichte aus,1722,449,False
__shared__,b12c26b6-849c-5a3d-8e53-f3181c475b79,lecture:19220412a,book,Damit der Mensch ganz Mensch werde,2004,494,False
__shared__,b1345090-c540-5f80-bad7-ae96350f5f75,lecture:19190723,book,Betriebsräte und Sozialisierung,1804,420,False
__shared__,b1626db3-d57f-56d4-a841-dd12e3870874,c2a4e407-cdf7-4802-be84-010cc485ef00,book,Methodische Grundlagen der Anthroposophie,1634,404,False
__shared__,b19b7027-52fa-50ed-8f19-9ac1fa527884,36371313-0400-4c90-9656-67d54052cf89,book,Julian Assange in his own words,1382,465,False
__shared__,b1b89c46-257c-5a6a-9070-6f72ea5284aa,f287d43a-5108-4e0c-baa8-5e7d3badfef7,book,Gesammelte Aufsätze zur Kultur- und Zeitgeschichte,1482,407,False
__shared__,b1cea08e-8a42-5cdf-a5c7-7c78b756f436,f78a79d5-8e8f-435e-bb58-ef6577312f57,book,Lucifer-Gnosis. Grundlegende Aufsätze zur Anthroposophie und Berichte aus,1877,435,False
__shared__,b1d15911-0a70-59b9-99e1-ce81d610104d,lecture:19190903a,book,Allgemeine Menschenkunde als Grundlage der Pädagogik,2057,483,False
__shared__,b1e69b5c-1375-5245-a418-90244c829b39,lecture:19200515b,book,Entsprechungen zwischen Mikrokosmos und Makrokosmos. Der Mensch — eine Hieroglyphe des Weltenalls.,2009,472,False
__shared__,b1faaabe-0dd3-5673-b343-9d41ab498979,f78a79d5-8e8f-435e-bb58-ef6577312f57,book,Lucifer-Gnosis. Grundlegende Aufsätze zur Anthroposophie und Berichte aus,1977,470,False
__shared__,b20e5248-cd4d-5fb6-bfc8-ef1a5fccf18c,f78a79d5-8e8f-435e-bb58-ef6577312f57,book,Lucifer-Gnosis. Grundlegende Aufsätze zur Anthroposophie und Berichte aus,1977,470,False
__shared__,b2798154-346e-5685-9c39-6cfd8bd2d82e,lecture:19190210,book,Die soziale Frage,1972,464,False
__shared__,b28fb46e-6ccb-56e8-be64-9ce2c433d8a7,f287d43a-5108-4e0c-baa8-5e7d3badfef7,book,Gesammelte Aufsätze zur Kultur- und Zeitgeschichte,1757,468,False
__shared__,b2909138-beb7-5952-b6b1-c3563c4d82e4,4b8e4c2a-3f1b-4d2e-9c4a-8e4f4b2c3a1d,book,Die Philosophie der Freiheit,1737,404,False
__shared__,b2923813-d7f9-589a-ae8e-73982357154d,e58f6369-f7a7-4213-845f-c5b9bf82ffe5,book,Wahrheit und Wissenschaft,1961,461,False
__shared__,b2aa83e3-762c-524b-b66a-c5dd6149cb03,44217040-65bf-4150-9fa8-bac9c57cd1b1,book,Grundlinien einer Erkenntnistheorie der Goetheschen Weltanschauung,2185,497,False
__shared__,b2afad62-edbc-560d-a88b-5af58bd6fbff,lecture:19211011,book,Anthroposophie soziale Dreigliederung und Redekunst.,1755,434,False
__shared__,b2ba36dc-b85e-50be-a603-f68d03be57fd,lecture:19191024,book,Soziale Zukunft,2326,510,False
__shared__,b2c21d5b-c287-514b-a139-a26e0ae07e7f,lecture:19200418a,book,Vom Einheitsstaat zum dreigliedrigen sozialen Organismus,2013,444,False
__shared__,b2ceb69e-9c9b-5b12-bb1b-191038dc06b4,lecture:19200303b,book,Soziale Ideen.,2290,476,False
__shared__,b30d675a-bbdb-54c3-ba34-5e8610d75b98,f78a79d5-8e8f-435e-bb58-ef6577312f57,book,Lucifer-Gnosis. Grundlegende Aufsätze zur Anthroposophie und Berichte aus,1872,441,False
__shared__,b3189c8d-6582-5acb-a789-845c44c634e1,d64fa532-6040-4fc2-9c43-ed4e5368bb92,book,Die Rätsel der Philosophie,1950,472,False
__shared__,b31d8d6d-39b8-58ce-bc76-b08812141e16,lecture:19191028,book,Soziale Zukunft,2073,459,False
__shared__,b32b00c2-4f13-5842-ad22-0feb351fb024,lecture:19200903,book,Geisteswissenschaft als Erkenntnis der Grundimpulse sozialer Gestaltung,1857,466,False
__shared__,b34d1391-f424-5faa-975e-a1ccfb3bfcbc,lecture:19191020,book,Die Befreiung des Menschenwesens als Grundlage für eine soziale Neugestaltung.,2073,457,False
__shared__,b353f0bb-60f9-5418-b0da-ea18b762c204,c2a4e407-cdf7-4802-be84-010cc485ef00,book,Methodische Grundlagen der Anthroposophie,1747,424,False
__shared__,b35ce70b-9664-5363-afce-a3ce12b686fd,lecture:19200106,book,Vom Einheitsstaat zum dreigliedrigen sozialen Organismus,1966,465,False
__shared__,b37cf843-9790-5856-ae37-239b48cdc672,lecture:19190829b,book,Erziehungskunst. Methodisch-Didaktisches,1826,413,False
__shared__,b388b00c-7fa4-5f11-b966-6e801f6a25d7,lecture:19191026,book,Soziale Zukunft,2067,458,False
__shared__,b38968c4-8ad3-5c8b-a142-ab774d62fa02,f78a79d5-8e8f-435e-bb58-ef6577312f57,book,Lucifer-Gnosis. Grundlegende Aufsätze zur Anthroposophie und Berichte aus,1829,488,False
__shared__,b3b60738-b670-532d-a30a-ed270b1aad18,f78a79d5-8e8f-435e-bb58-ef6577312f57,book,Lucifer-Gnosis. Grundlegende Aufsätze zur Anthroposophie und Berichte aus,2230,488,False
__shared__,b3b8381d-6018-5694-a6a5-f534aaa43cb6,lecture:19211013,book,Anthroposophie soziale Dreigliederung und Redekunst.,2010,443,False
__shared__,b3d24ce7-52ae-532f-a5a9-d77b3ca34204,lecture:19190711,book,Neugestaltung des sozialen Organismus,2061,471,False
__shared__,b3e7f1c9-849d-5c98-82ae-d23363dc8991,lecture:19211128,book,Die Wirklichkeit der höheren Welten,1738,409,False
__shared__,b3f28d38-38f3-59df-b68e-051819c9ddf9,lecture:19191028,book,Soziale Zukunft,1918,449,False
__shared__,b40bf128-3852-5743-8b01-26de5aa508f9,lecture:19200616,book,Soziale Ideen.,2000,450,False
__shared__,b40db9fe-778d-5ea4-b37b-748d887ef7ba,908fc041-096e-4440-8593-b3267b712bf5,book,Die Wahrheit als Gesamtumfang aller Weltansichten,2152,505,False
__shared__,b41f969b-c99f-5ce6-9133-fb30fb70ff3e,lecture:19190317,book,Die Befreiung des Menschenwesens als Grundlage für eine soziale Neugestaltung.,1844,417,False
__shared__,b424d774-7c4c-5554-9a20-45ba12f61d40,lecture:19200504b,book,Vom Einheitsstaat zum dreigliedrigen sozialen Organismus,1950,422,False
__shared__,b429ffe6-467d-5519-992d-54373f173a25,lecture:19190717,book,Betriebsräte und Sozialisierung,2022,478,False
__shared__,b449e222-5eda-5cd8-8b77-5fba2b764f43,f287d43a-5108-4e0c-baa8-5e7d3badfef7,book,Gesammelte Aufsätze zur Kultur- und Zeitgeschichte,1881,429,False
__shared__,b473cb1e-884b-5524-9a43-ca645177296d,lecture:19190422b,book,Neugestaltung des sozialen Organismus,1843,410,False
__shared__,b4956a19-c908-5748-b79b-5768f9e5ed97,47b137d3-f414-406f-b142-ed72c7e8989c,book,Einleitungen zu Goethes Naturwissenschaftlichen Schriften,1977,453,False
__shared__,b49acdab-d0d0-559d-a506-022185d45d1c,908fc041-096e-4440-8593-b3267b712bf5,book,Die Wahrheit als Gesamtumfang aller Weltansichten,1767,457,False
__shared__,b4b29241-e569-5868-95b9-b2f0e0e5d47c,lecture:19190717,book,Betriebsräte und Sozialisierung,1752,406,False
__shared__,b4bd11e8-ddd9-5425-bcc1-a59f4860883a,lecture:19191028,book,Soziale Zukunft,2165,479,False
__shared__,b4bf5c76-ce5f-5eb1-93ad-94947e201ca3,e58f6369-f7a7-4213-845f-c5b9bf82ffe5,book,Wahrheit und Wissenschaft,2021,481,False
__shared__,b4d18ba4-7e5e-54b5-bfd7-2d5a4cbf01be,lecture:19140122,book,Der menschliche und der kosmische Gedanke,1832,425,False
__shared__,b4daa04d-7d8d-58e2-8de1-76532d53f1f2,c2a4e407-cdf7-4802-be84-010cc485ef00,book,Methodische Grundlagen der Anthroposophie,2165,501,False
__shared__,b534b305-0938-5948-8bf8-f7329f19cee9,f78a79d5-8e8f-435e-bb58-ef6577312f57,book,Lucifer-Gnosis. Grundlegende Aufsätze zur Anthroposophie und Berichte aus,1721,443,False
__shared__,b56ae0d8-8c7d-5c70-80c0-a5e82db6a52a,47b137d3-f414-406f-b142-ed72c7e8989c,book,Einleitungen zu Goethes Naturwissenschaftlichen Schriften,1522,410,False
__shared__,b580d287-d1c1-5880-a558-b3ba79ed000f,lecture:19190901c,book,Erziehungskunst. Seminarbesprechungen und Lehrplanvorträge,1763,465,False
__shared__,b5b10cce-f7d9-5142-bc94-1505198f74a5,0c20163d-b14e-4750-988b-3b58c0fa3126,book,Code Version 2 0,1829,416,False
__shared__,b5ba5c91-dadc-58c4-83dc-e7709ad014e2,lecture:19190702,book,Betriebsräte und Sozialisierung,2038,437,False
__shared__,b5dee390-c8ce-5ee6-ac44-299a59dd7791,lecture:19200616,book,Soziale Ideen.,1831,427,False
__shared__,b5ea3d08-c331-5167-9356-15a811cd55a7,lecture:19200820a,book,Geisteswissenschaft als Erkenntnis der Grundimpulse sozialer Gestaltung,2214,510,False
__shared__,b60d117b-4a29-55fc-83e7-8bc4082c4712,4b8e4c2a-3f1b-4d2e-9c4a-8e4f4b2c3a1d,book,Die Philosophie der Freiheit,2239,493,False
__shared__,b61e97d0-044a-5e09-b41d-c2f2a054fc7b,7758c53c-72bd-41f1-ae51-843eb2a0f718,book,Various Interviews and Articles,1800,430,False
__shared__,b620f22d-a307-5214-b82f-e3ab661365ec,lecture:19200501b,book,Entsprechungen zwischen Mikrokosmos und Makrokosmos. Der Mensch — eine Hieroglyphe des Weltenalls.,1974,471,False
__shared__,b62a5e0f-1fee-551d-9cf5-713ffcd96db0,f3b36ec2-031d-4715-ad66-dfc7f43cc491,book,Cypherpunks,2190,484,False
__shared__,b6374d40-d0dd-5b16-a6f4-b173ec5f18d8,3b38df84-e9bc-4e70-9032-d3fa65517cfd,book,Aufsätze über die Dreigliederung des sozialen Organismus und zur Zeitlage,2023,421,False
__shared__,b648c803-d6f0-541b-83e8-fd0913ecb697,4c09f3d5-3f5c-42b7-beba-f12fc46594bc,book,Free Software Free Society,1805,442,False
__shared__,b64ac131-88b1-5188-895d-cde40a20446d,lecture:19211015a,book,Anthroposophie soziale Dreigliederung und Redekunst.,1674,412,False
__shared__,b64b10c5-f49f-54e8-8e98-fb485d006c8e,lecture:19200506b,book,Vom Einheitsstaat zum dreigliedrigen sozialen Organismus,2007,480,False
__shared__,b6698e1f-5543-5279-93a3-7043f569eb37,4b8e4c2a-3f1b-4d2e-9c4a-8e4f4b2c3a1d,book,Die Philosophie der Freiheit,1867,426,False
__shared__,b67ca29e-ba3e-58ce-9442-ef948f30566d,4b8e4c2a-3f1b-4d2e-9c4a-8e4f4b2c3a1d,book,Die Philosophie der Freiheit,2139,501,False
__shared__,b68ecf94-6cc2-51ae-88da-6b1029f4b74c,c2a4e407-cdf7-4802-be84-010cc485ef00,book,Methodische Grundlagen der Anthroposophie,1674,409,False
__shared__,b6b58e36-91fa-57cd-bd29-bf6402baa289,lecture:19201004,book,Fachwissenschaften und Anthroposophie,2177,465,False
__shared__,b6ca3f7d-aa34-531b-8e02-d56457cbad29,7758c53c-72bd-41f1-ae51-843eb2a0f718,book,Various Interviews and Articles,1794,424,False
__shared__,b6d532ae-af43-5bb0-8443-596d4b1076ae,908fc041-096e-4440-8593-b3267b712bf5,book,Die Wahrheit als Gesamtumfang aller Weltansichten,2026,456,False
__shared__,b6dd1744-9e2a-51a2-90e0-fd2feadef5d6,908fc041-096e-4440-8593-b3267b712bf5,book,Die Wahrheit als Gesamtumfang aller Weltansichten,1555,427,False
__shared__,b703489d-15b6-5cc9-b204-811503ea463d,64e881df-0501-4815-9b0c-6cf545c383b6,book,Goethes Weltanschauung,1635,408,False
__shared__,b71428aa-1b0e-59ff-ae74-c79102028a88,lecture:19201015b,book,Fachwissenschaften und Anthroposophie,1775,418,False
__shared__,b71e85f4-2c6b-5e30-a32c-69ed4f6566d2,lecture:19190210,book,Die soziale Frage,1925,424,False
__shared__,b7486783-38e5-51aa-a4c9-c3f122bfaae9,lecture:19200506b,book,Vom Einheitsstaat zum dreigliedrigen sozialen Organismus,1825,410,False
__shared__,b758bc0f-205c-5738-a46d-6282865421ca,3b38df84-e9bc-4e70-9032-d3fa65517cfd,book,Aufsätze über die Dreigliederung des sozialen Organismus und zur Zeitlage,1884,436,False
__shared__,b76ca230-8536-5a4f-bedd-be89204696ab,d64fa532-6040-4fc2-9c43-ed4e5368bb92,book,Die Rätsel der Philosophie,1652,403,False
__shared__,b7805e11-d94d-5b3d-9f1f-77e862961481,7758c53c-72bd-41f1-ae51-843eb2a0f718,book,Various Interviews and Articles,1886,431,False
__shared__,b7b57fd9-ef3c-58a9-afa4-5ee3afc43825,908fc041-096e-4440-8593-b3267b712bf5,book,Die Wahrheit als Gesamtumfang aller Weltansichten,1720,452,False
__shared__,b7fda285-639b-5b90-828d-411f8a4226a9,lecture:19211130,book,Die Wirklichkeit der höheren Welten,1869,443,False
__shared__,b812d8ef-9672-5f1c-99ec-400e0072dfb3,3b38df84-e9bc-4e70-9032-d3fa65517cfd,book,Aufsätze über die Dreigliederung des sozialen Organismus und zur Zeitlage,2052,485,False
__shared__,b81d96ba-e644-5b59-9afe-6f2a1df35b38,lecture:19191026,book,Soziale Zukunft,2189,464,False
__shared__,b828c50c-4e28-53cb-9c79-787af83fcf98,c2a4e407-cdf7-4802-be84-010cc485ef00,book,Methodische Grundlagen der Anthroposophie,1791,452,False
__shared__,b854ccb9-cdc1-5436-8167-6527f5e90779,lecture:19200915b,book,Soziale Ideen.,2243,476,False
__shared__,b871f92d-9f67-5a8e-aa2d-cbf99c2d7e2c,lecture:19220407,book,Damit der Mensch ganz Mensch werde,1800,441,False
__shared__,b8997c25-82cf-5d81-8733-ff9d2ce0aeea,64e881df-0501-4815-9b0c-6cf545c383b6,book,Goethes Weltanschauung,1807,429,False
__shared__,b8c3b25d-6239-58d0-830d-56e42dc08a97,64e881df-0501-4815-9b0c-6cf545c383b6,book,Goethes Weltanschauung,1939,459,False
__shared__,b8c5af6f-463e-5907-9412-8ce783f26999,c2a4e407-cdf7-4802-be84-010cc485ef00,book,Methodische Grundlagen der Anthroposophie,1899,421,False
__shared__,b8e42266-446d-5ca3-9c29-9c12b47ced5a,44217040-65bf-4150-9fa8-bac9c57cd1b1,book,Grundlinien einer Erkenntnistheorie der Goetheschen Weltanschauung,2033,497,False
__shared__,b95031fc-be70-5ca3-bf9f-011560f5692a,lecture:19191028,book,Soziale Zukunft,2081,485,False
__shared__,b9587c97-af1f-5270-b236-57ab9f71954d,lecture:19200506b,book,Vom Einheitsstaat zum dreigliedrigen sozialen Organismus,1700,404,False
__shared__,b97fc7d8-5210-5428-8c69-763725866d60,f78a79d5-8e8f-435e-bb58-ef6577312f57,book,Lucifer-Gnosis. Grundlegende Aufsätze zur Anthroposophie und Berichte aus,1951,465,False
__shared__,b98a328a-3167-5676-93ae-2c17645445c9,lecture:19190528,book,Betriebsräte und Sozialisierung,2102,445,False
__shared__,b9abedfc-5f17-58a5-ac5d-a0aa30565a5c,lecture:19201110,book,Die Krisis der Gegenwart und der Weg zu gesundem Denken,1773,421,False
__shared__,b9c20d8b-4f81-5e38-8051-5ceb6509efbb,3b38df84-e9bc-4e70-9032-d3fa65517cfd,book,Aufsätze über die Dreigliederung des sozialen Organismus und zur Zeitlage,1928,457,False
__shared__,b9c3cb5f-0683-570c-a72d-3897410ab836,f78a79d5-8e8f-435e-bb58-ef6577312f57,book,Lucifer-Gnosis. Grundlegende Aufsätze zur Anthroposophie und Berichte aus,1774,456,False
__shared__,b9e22059-843e-582b-937f-4593f9610448,lecture:19190225,book,Die soziale Frage,1958,419,False
__shared__,b9e7d167-768a-548d-af88-211a18b949c8,lecture:19191030,book,Soziale Zukunft,2102,423,False
__shared__,b9f89998-72fa-5f53-a646-cb5a58602727,lecture:19190210,book,Die soziale Frage,2322,502,False
__shared__,ba3ef6a9-bed5-59f6-8a83-a3c7c64473d8,e58f6369-f7a7-4213-845f-c5b9bf82ffe5,book,Wahrheit und Wissenschaft,2053,477,False
__shared__,ba49113c-4225-5b7b-87ce-323ae3a2837f,908fc041-096e-4440-8593-b3267b712bf5,book,Die Wahrheit als Gesamtumfang aller Weltansichten,2020,496,False
__shared__,ba5a6117-df4a-5914-8de4-b2740d3c3491,f78a79d5-8e8f-435e-bb58-ef6577312f57,book,Lucifer-Gnosis. Grundlegende Aufsätze zur Anthroposophie und Berichte aus,1783,412,False
__shared__,ba8e0d9b-fc4d-5f87-9acd-8163983c1bef,7758c53c-72bd-41f1-ae51-843eb2a0f718,book,Various Interviews and Articles,2111,488,False
__shared__,baa011bd-643e-518b-947f-887971a0d370,lecture:19200906,book,Soziale Ideen.,1881,429,False
__shared__,bab60ec3-01be-5c15-b9ba-6340988c2658,d64fa532-6040-4fc2-9c43-ed4e5368bb92,book,Die Rätsel der Philosophie,2052,507,False
__shared__,bade6e77-a8f2-569f-9daa-39b452a8d419,lecture:19190825a,book,Allgemeine Menschenkunde als Grundlage der Pädagogik,1980,451,False
__shared__,bae58948-3840-5f0e-8abe-a2ede85c9fe8,f287d43a-5108-4e0c-baa8-5e7d3badfef7,book,Gesammelte Aufsätze zur Kultur- und Zeitgeschichte,1950,446,False
__shared__,baed7447-57a8-52d3-950a-a9ff3d8d5741,lecture:19200401b,book,Fachwissenschaften und Anthroposophie,1720,403,False
__shared__,bb835209-dbeb-506c-9326-24a1662281e9,lecture:19200828,book,Geisteswissenschaft als Erkenntnis der Grundimpulse sozialer Gestaltung,2057,511,False
__shared__,bb8c3c27-c60f-5e27-b1a7-84f8b5a9279f,f287d43a-5108-4e0c-baa8-5e7d3badfef7,book,Gesammelte Aufsätze zur Kultur- und Zeitgeschichte,2164,511,False
__shared__,bb8e6c3f-8ac8-5998-a1e9-72cc327e9f7d,lecture:19200623b,book,Soziale Ideen.,2106,487,False
__shared__,bba2f7e1-df27-5cd2-bf62-3828cc6c2e8b,f78a79d5-8e8f-435e-bb58-ef6577312f57,book,Lucifer-Gnosis. Grundlegende Aufsätze zur Anthroposophie und Berichte aus,2016,470,False
__shared__,bbd18e68-2b1e-5896-a00a-f3857723b427,lecture:19191110,book,Die Befreiung des Menschenwesens als Grundlage für eine soziale Neugestaltung.,1737,404,False
__shared__,bbdffb2b-7547-5986-b71d-4c7327bbcd77,c2a4e407-cdf7-4802-be84-010cc485ef00,book,Methodische Grundlagen der Anthroposophie,2109,478,False
__shared__,bbfe7fa3-f5bc-53ad-9405-7c62b2bf5faf,lecture:19191028,book,Soziale Zukunft,1831,418,False
__shared__,bc4627c8-c394-5c49-878a-70242e06745b,lecture:19200815b,book,Geisteswissenschaft als Erkenntnis der Grundimpulse sozialer Gestaltung,1956,489,False
__shared__,bc5ff338-e021-53a8-98d3-96801e7fbd2f,lecture:19200806,book,Geisteswissenschaft als Erkenntnis der Grundimpulse sozialer Gestaltung,1819,428,False
__shared__,bc63506f-6d64-5575-86db-a49360aa442e,lecture:19211011,book,Anthroposophie soziale Dreigliederung und Redekunst.,1762,431,False
__shared__,bc66b182-f4e3-5227-b7ec-bffe22e1e5e0,908fc041-096e-4440-8593-b3267b712bf5,book,Die Wahrheit als Gesamtumfang aller Weltansichten,1961,469,False
__shared__,bc77ac82-6090-5b4e-8037-fb4b02919ee8,f78a79d5-8e8f-435e-bb58-ef6577312f57,book,Lucifer-Gnosis. Grundlegende Aufsätze zur Anthroposophie und Berichte aus,1775,409,False
__shared__,bc796ebd-9533-562f-95de-c2a62cf5bc5a,lecture:19200905,book,Geisteswissenschaft als Erkenntnis der Grundimpulse sozialer Gestaltung,1760,420,False
__shared__,bc8b07ce-f9cd-5887-8354-b67dd612f624,lecture:19190624,book,Betriebsräte und Sozialisierung,2088,447,False
__shared__,bcac94a5-20d4-5d21-9cf6-af21261cc36e,c2a4e407-cdf7-4802-be84-010cc485ef00,book,Methodische Grundlagen der Anthroposophie,1913,443,False
__shared__,bcb4d719-df81-5ec6-b898-58a997be5221,123ef8cb-a442-4bbc-9570-e8681dd67f9f,book,Rebel Code,1929,434,False
__shared__,bcc2f23e-b782-542f-83b8-35786faa37e3,lecture:19200423b,book,Entsprechungen zwischen Mikrokosmos und Makrokosmos. Der Mensch — eine Hieroglyphe des Weltenalls.,1751,410,False
__shared__,bcdf6aeb-7127-5607-8c8d-c6637a5a635d,lecture:19140122,book,Der menschliche und der kosmische Gedanke,1656,403,False
__shared__,bd0b1e29-959d-5f12-9bea-1671d73a186e,lecture:19210408a,book,Soziale Ideen.,2153,503,False
__shared__,bd40f1ed-fd82-5bf0-a230-a6a6f6f6e1e4,c2a4e407-cdf7-4802-be84-010cc485ef00,book,Methodische Grundlagen der Anthroposophie,2059,499,False
__shared__,bd690969-b09a-5e84-8e32-759a7aafcf79,lecture:19200106,book,Vom Einheitsstaat zum dreigliedrigen sozialen Organismus,2016,462,False
__shared__,bdae5ed3-9c75-55c6-900c-d2f25971971b,36371313-0400-4c90-9656-67d54052cf89,book,Julian Assange in his own words,1953,465,False
__shared__,bde0858e-4030-59be-a0af-5b4c9081ac06,lecture:19190605,book,Betriebsräte und Sozialisierung,2270,499,False
__shared__,bdf12e3c-27c8-570a-a1e9-0d2c6e21d5bf,lecture:19200809,book,Soziale Ideen.,1882,455,False
__shared__,be0390f2-1d1e-5fb1-95e9-361fe708dbe1,lecture:19190614,book,Betriebsräte und Sozialisierung,1950,445,False
__shared__,be19c80c-75a9-5b58-82b0-2bcabe8af7bc,7758c53c-72bd-41f1-ae51-843eb2a0f718,book,Various Interviews and Articles,1709,415,False
__shared__,be1d249f-baf3-55f6-b62a-f5d95a5f93af,lecture:19190422b,book,Neugestaltung des sozialen Organismus,2092,480,False
__shared__,be459deb-65e9-5d3f-99d5-e56d27534790,lecture:19220411,book,Damit der Mensch ganz Mensch werde,2172,508,False
__shared__,be48bdd3-deb8-5812-94ef-6a3c5494a42b,lecture:19200920,book,Die Krisis der Gegenwart und der Weg zu gesundem Denken,2161,471,False
__shared__,be4fe321-4fe3-5b36-86ff-6230d92765ec,47b137d3-f414-406f-b142-ed72c7e8989c,book,Einleitungen zu Goethes Naturwissenschaftlichen Schriften,1691,425,False
__shared__,be5e13aa-344a-5059-a621-216d49932704,lecture:19200610b,book,Die Krisis der Gegenwart und der Weg zu gesundem Denken,1841,402,False
__shared__,be61d599-2644-5d13-a4a6-e689a284cb47,lecture:19190902a,book,Allgemeine Menschenkunde als Grundlage der Pädagogik,2187,510,False
__shared__,be68aed8-d1f3-5160-86ad-f919966619c5,908fc041-096e-4440-8593-b3267b712bf5,book,Die Wahrheit als Gesamtumfang aller Weltansichten,1620,427,False
__shared__,be718386-1c60-536f-a666-0cc8ed6bbd2c,f78a79d5-8e8f-435e-bb58-ef6577312f57,book,Lucifer-Gnosis. Grundlegende Aufsätze zur Anthroposophie und Berichte aus,2138,443,False
__shared__,be7bd015-ff17-5896-9af6-06edb5d2389f,3b38df84-e9bc-4e70-9032-d3fa65517cfd,book,Aufsätze über die Dreigliederung des sozialen Organismus und zur Zeitlage,1810,413,False
__shared__,be894900-b864-5957-b72b-5318d4f3c2d4,lecture:19191030,book,Soziale Zukunft,2027,446,False
__shared__,be8f860a-aa21-53a0-ba6f-46dc9dbf022a,lecture:19190422b,book,Neugestaltung des sozialen Organismus,1875,415,False
__shared__,be92f3fb-fbd6-54c9-a8c2-835336655852,lecture:19190409,book,Die Befreiung des Menschenwesens als Grundlage für eine soziale Neugestaltung.,2282,511,False
__shared__,beb5952a-8b03-51af-8a59-f9f514c9ef24,lecture:19201010a,book,Soziale Ideen.,2106,440,False
__shared__,bed0a787-6b80-5a1b-98ce-32ad8dd68492,lecture:19200728,book,Soziale Ideen.,1892,413,False
__shared__,bed1cf66-cde9-50f5-87ec-c37c37619274,c2a4e407-cdf7-4802-be84-010cc485ef00,book,Methodische Grundlagen der Anthroposophie,1694,405,False
__shared__,bed818f7-6a67-5262-999a-689b668f12c8,lecture:19140120b,book,Der menschliche und der kosmische Gedanke,1855,415,False
__shared__,bef4cacf-b08a-5306-a0f2-c9dc4fb6d637,lecture:19200302b,book,Die Krisis der Gegenwart und der Weg zu gesundem Denken,2089,476,False
__shared__,bf30292a-ddea-5c6d-a167-30574870ea44,lecture:19200417b,book,Entsprechungen zwischen Mikrokosmos und Makrokosmos. Der Mensch — eine Hieroglyphe des Weltenalls.,1989,469,False
__shared__,bf364e25-ad83-5ed8-8473-182126650b6d,d64fa532-6040-4fc2-9c43-ed4e5368bb92,book,Die Rätsel der Philosophie,1890,501,False
__shared__,bf5c00e3-bd0b-50ba-bd1f-f43644152ada,908fc041-096e-4440-8593-b3267b712bf5,book,Die Wahrheit als Gesamtumfang aller Weltansichten,1695,409,False
__shared__,bf6ce5c4-fc95-5cf5-b24a-f6b975521bad,lecture:19220729b,book,Nationalökonomischer Kurs.,1834,409,False
__shared__,bf935e75-2af2-55fc-af43-16c1b2abda6b,c2a4e407-cdf7-4802-be84-010cc485ef00,book,Methodische Grundlagen der Anthroposophie,2074,470,False
__shared__,bfb09608-399a-5949-b1ec-1cf876f38f8c,lecture:19200310b,book,Die Krisis der Gegenwart und der Weg zu gesundem Denken,2004,451,False
__shared__,bfd005c0-dbf2-554d-9dd2-97fffb136d8d,lecture:19200920,book,Die Krisis der Gegenwart und der Weg zu gesundem Denken,1840,442,False
__shared__,bfddae98-567a-5d19-a9f7-e3ce459b7eb3,d64fa532-6040-4fc2-9c43-ed4e5368bb92,book,Die Rätsel der Philosophie,1905,471,False
__shared__,bfffaeca-3732-5931-90af-14df2a638705,4b8e4c2a-3f1b-4d2e-9c4a-8e4f4b2c3a1d,book,Die Philosophie der Freiheit,1937,471,False
__shared__,c009a0de-c0d9-5bdb-9b9d-f47f575badf5,lecture:19200508b,book,Entsprechungen zwischen Mikrokosmos und Makrokosmos. Der Mensch — eine Hieroglyphe des Weltenalls.,1697,413,False
__shared__,c03eba08-ec98-59eb-9bc8-791edfe30fda,lecture:19190205,book,Die soziale Frage,1995,455,False
__shared__,c0621fd2-1a0f-50d7-ab8f-6e76bf768d16,lecture:19200502b,book,Entsprechungen zwischen Mikrokosmos und Makrokosmos. Der Mensch — eine Hieroglyphe des Weltenalls.,2045,467,False
__shared__,c07457e5-cec9-5cc3-89f4-b8c21afba112,lecture:19200830,book,Soziale Ideen.,1806,430,False
__shared__,c0950fad-0d30-57b7-8da2-c3af1fa069fb,c2a4e407-cdf7-4802-be84-010cc485ef00,book,Methodische Grundlagen der Anthroposophie,2193,511,False
__shared__,c0f25585-af39-55ac-88fc-42243207e4de,lecture:19200105,book,Vom Einheitsstaat zum dreigliedrigen sozialen Organismus,1923,438,False
__shared__,c101718e-0116-594a-a13d-8a9b8d6d2e68,lecture:19190616,book,Neugestaltung des sozialen Organismus,1777,420,False
__shared__,c11bffd5-a13e-5db7-bfd2-d5cbb811bd1b,lecture:19190828c,book,Erziehungskunst. Seminarbesprechungen und Lehrplanvorträge,1797,424,False
__shared__,c1283bac-1781-5f40-834f-5900d837905e,47b137d3-f414-406f-b142-ed72c7e8989c,book,Einleitungen zu Goethes Naturwissenschaftlichen Schriften,1641,405,False
__shared__,c156c42e-a5bd-5e86-9a6e-61422d78f1cc,lecture:19190402,book,Die Befreiung des Menschenwesens als Grundlage für eine soziale Neugestaltung.,1999,460,False
__shared__,c16496c5-5165-532f-8450-10c2afc20cb7,44217040-65bf-4150-9fa8-bac9c57cd1b1,book,Grundlinien einer Erkenntnistheorie der Goetheschen Weltanschauung,1963,495,False
__shared__,c189e43e-0783-5fc6-b743-eb9ba2e2dbef,3b38df84-e9bc-4e70-9032-d3fa65517cfd,book,Aufsätze über die Dreigliederung des sozialen Organismus und zur Zeitlage,2048,468,False
__shared__,c194559e-61a8-5cb6-a13c-3a716d99ace7,lecture:19210115b,book,Fachwissenschaften und Anthroposophie,1923,424,False
__shared__,c1a0e46c-9a6d-55ae-ba82-c73738505f36,lecture:19191026,book,Soziale Zukunft,2147,485,False
__shared__,c1a662ea-0ade-51a7-80fd-407dc8236816,lecture:19210405a,book,Die befruchtende Wirkung der Anthroposophie auf die Fachwissenschaften,1927,466,False
__shared__,c1c7310e-7c38-5075-80b7-cc3f0f322620,lecture:19190619,book,Neugestaltung des sozialen Organismus,2115,456,False
__shared__,c1e76af9-5203-5503-89ec-cb1430d75df5,lecture:19201010a,book,Soziale Ideen.,2192,465,False
__shared__,c21f2cf8-cb41-5d42-b55a-88601cab610e,lecture:19200920,book,Die Krisis der Gegenwart und der Weg zu gesundem Denken,2133,489,False
__shared__,c22541ca-bb60-59c4-87b3-e7d3749d5d47,f78a79d5-8e8f-435e-bb58-ef6577312f57,book,Lucifer-Gnosis. Grundlegende Aufsätze zur Anthroposophie und Berichte aus,1774,431,False
__shared__,c2635523-7680-5944-b75a-0d0daceacee4,lecture:19190522,book,Betriebsräte und Sozialisierung,1903,426,False
__shared__,c2802b82-d69f-57ce-a961-9fe1fc79251e,123ef8cb-a442-4bbc-9570-e8681dd67f9f,book,Rebel Code,1771,415,False
__shared__,c286b204-641d-5906-968a-4aa045d78637,lecture:19191020,book,Die Befreiung des Menschenwesens als Grundlage für eine soziale Neugestaltung.,1915,428,False
__shared__,c298a8f5-0774-5326-8adf-376309b1c5bb,lecture:19191026,book,Soziale Zukunft,1925,411,False
__shared__,c2d097ca-25ae-51b7-bc8b-b170cbb4a930,f78a79d5-8e8f-435e-bb58-ef6577312f57,book,Lucifer-Gnosis. Grundlegende Aufsätze zur Anthroposophie und Berichte aus,1961,477,False
__shared__,c2ffbd07-2e9f-5ed7-9f2e-1d82dbc05a21,3b38df84-e9bc-4e70-9032-d3fa65517cfd,book,Aufsätze über die Dreigliederung des sozialen Organismus und zur Zeitlage,2038,476,False
__shared__,c3072228-baef-55fe-8658-00c586df030b,lecture:19200815b,book,Geisteswissenschaft als Erkenntnis der Grundimpulse sozialer Gestaltung,1967,426,False
__shared__,c362912c-d744-5fb9-9c91-2b80fcb6c558,lecture:19190829a,book,Allgemeine Menschenkunde als Grundlage der Pädagogik,1705,431,False
__shared__,c36f6c84-6403-58b4-8d47-673ef3bd451c,3b38df84-e9bc-4e70-9032-d3fa65517cfd,book,Aufsätze über die Dreigliederung des sozialen Organismus und zur Zeitlage,2159,487,False
__shared__,c38d7488-62ef-5879-9c07-2bdc499b55bc,lecture:19200830,book,Soziale Ideen.,1787,415,False
__shared__,c3a0981b-8597-5439-9ddc-328d620a1102,3b38df84-e9bc-4e70-9032-d3fa65517cfd,book,Aufsätze über die Dreigliederung des sozialen Organismus und zur Zeitlage,2019,450,False
__shared__,c3a179e4-ced8-5fe7-8af0-c95f4e31d55a,908fc041-096e-4440-8593-b3267b712bf5,book,Die Wahrheit als Gesamtumfang aller Weltansichten,1863,461,False
__shared__,c3b9c1c4-20ba-554a-bcc3-41edaec1c738,lecture:19200504b,book,Vom Einheitsstaat zum dreigliedrigen sozialen Organismus,1947,430,False
__shared__,c3c035b7-542b-5d36-8503-8366563e3eab,f287d43a-5108-4e0c-baa8-5e7d3badfef7,book,Gesammelte Aufsätze zur Kultur- und Zeitgeschichte,1820,411,False
__shared__,c3d94640-3d82-5ea3-a3ec-b50de2f3e5a4,lecture:19191110,book,Die Befreiung des Menschenwesens als Grundlage für eine soziale Neugestaltung.,1784,430,False
__shared__,c42249e1-bd9d-56f4-80d9-5efb45d8c939,lecture:19211012,book,Anthroposophie soziale Dreigliederung und Redekunst.,1704,415,False
__shared__,c43359c9-a544-5cb6-91af-bcfefae93e55,lecture:19200610b,book,Die Krisis der Gegenwart und der Weg zu gesundem Denken,2177,485,False
__shared__,c43f9d78-48fe-5348-a3e6-1804deca115b,lecture:19191030,book,Soziale Zukunft,1892,406,False
__shared__,c450f9e1-c7cc-5454-b48e-e968f8d4fade,36371313-0400-4c90-9656-67d54052cf89,book,Julian Assange in his own words,1198,410,False
__shared__,c45c221c-f59f-5d40-bd0f-bddb6120cdb7,lecture:19191028,book,Soziale Zukunft,2027,484,False
__shared__,c46c55d9-7ec9-5ece-ba35-b038c9500fd0,lecture:19210404a,book,Die befruchtende Wirkung der Anthroposophie auf die Fachwissenschaften,1822,433,False
__shared__,c46c5d79-e2da-5da3-9c12-f08c255d702d,lecture:19200821,book,Geisteswissenschaft als Erkenntnis der Grundimpulse sozialer Gestaltung,1842,425,False
__shared__,c47adbb5-8a5b-52e6-962c-db4e6e05d860,lecture:19200407b,book,Fachwissenschaften und Anthroposophie,2091,439,False
__shared__,c4abc8e4-39d9-56f8-be11-294dd463f971,lecture:19200822b,book,Geisteswissenschaft als Erkenntnis der Grundimpulse sozialer Gestaltung,1878,456,False
__shared__,c4abfdec-bdf5-5c38-95fd-e78ad3bc5903,f78a79d5-8e8f-435e-bb58-ef6577312f57,book,Lucifer-Gnosis. Grundlegende Aufsätze zur Anthroposophie und Berichte aus,1752,413,False
__shared__,c4b76cc8-d9d5-5526-84f7-e1bc3b49cdd0,lecture:19220410,book,Damit der Mensch ganz Mensch werde,1843,453,False
__shared__,c50338aa-84de-5eeb-bcc4-7da227bbb90c,lecture:19200426b,book,Vom Einheitsstaat zum dreigliedrigen sozialen Organismus,1775,413,False
__shared__,c5066242-f995-5439-b56b-e7a1caf27dc4,lecture:19190624,book,Betriebsräte und Sozialisierung,1986,427,False
__shared__,c50c6545-a03a-58ad-bbac-6d4231bcca78,lecture:19201005,book,Soziale Ideen.,2093,459,False
__shared__,c545a2e9-30ab-5c32-abff-b2cfe0c314ce,lecture:19210405a,book,Die befruchtende Wirkung der Anthroposophie auf die Fachwissenschaften,1851,440,False
__shared__,c5697b9d-1e69-5244-915c-15050b2bd1b5,47b137d3-f414-406f-b142-ed72c7e8989c,book,Einleitungen zu Goethes Naturwissenschaftlichen Schriften,2018,489,False
__shared__,c57a36f7-3ab2-5f8d-84f5-412b819d3c86,d64fa532-6040-4fc2-9c43-ed4e5368bb92,book,Die Rätsel der Philosophie,2014,460,False
__shared__,c59aca80-32f1-597e-ab8e-f5ae355b64c1,lecture:19200729b,book,Die Krisis der Gegenwart und der Weg zu gesundem Denken,1837,430,False
__shared__,c5a63073-2a9c-5e80-a3b2-67c831094b29,lecture:19211128,book,Die Wirklichkeit der höheren Welten,1973,446,False
__shared__,c5c1bb08-4400-56ad-b4a0-d8bcd5df4baa,lecture:19190829a,book,Allgemeine Menschenkunde als Grundlage der Pädagogik,2087,482,False
__shared__,c5c631f7-8976-55fe-886b-87387fb8aad1,lecture:19190822c,book,Erziehungskunst. Seminarbesprechungen und Lehrplanvorträge,2070,486,False
__shared__,c5cbc338-3305-5ff8-8d9b-97567d9d82bb,f78a79d5-8e8f-435e-bb58-ef6577312f57,book,Lucifer-Gnosis. Grundlegende Aufsätze zur Anthroposophie und Berichte aus,1901,447,False
__shared__,c5dcc779-55ef-5812-8702-c6e8dbb3907e,0c20163d-b14e-4750-988b-3b58c0fa3126,book,Code Version 2 0,1732,401,False
__shared__,c5de41b2-a7f2-57b7-94b7-b5b020aefd73,lecture:19140121a,book,Der menschliche und der kosmische Gedanke,1931,437,False
__shared__,c5ec1b86-ffab-5ccd-9402-2a2d279aa809,f287d43a-5108-4e0c-baa8-5e7d3badfef7,book,Gesammelte Aufsätze zur Kultur- und Zeitgeschichte,1809,448,False
__shared__,c5f7410a-6c9d-54c3-98c1-28bbc8b24073,d64fa532-6040-4fc2-9c43-ed4e5368bb92,book,Die Rätsel der Philosophie,1454,406,False
__shared__,c5ff4689-a2d9-512a-a107-40e4a56cdbc1,lecture:19210115b,book,Fachwissenschaften und Anthroposophie,1825,431,False
__shared__,c601cfad-7692-560e-94ca-0adc72a505bc,lecture:19190528,book,Betriebsräte und Sozialisierung,2270,500,False
__shared__,c64b016f-fe65-5ec5-b477-c1c04f9dc00a,lecture:19190829a,book,Allgemeine Menschenkunde als Grundlage der Pädagogik,2217,504,False
__shared__,c6ae0685-2846-5a2f-94b2-c5f6d54d1c90,lecture:19140120b,book,Der menschliche und der kosmische Gedanke,1802,462,False
__shared__,c6b3722d-9622-52ed-ae6d-77934f56819a,908fc041-096e-4440-8593-b3267b712bf5,book,Die Wahrheit als Gesamtumfang aller Weltansichten,1813,415,False
__shared__,c6baaf6b-d9f4-53ba-acfe-a75d0317b2e1,lecture:19210112b,book,Fachwissenschaften und Anthroposophie,2274,477,False
__shared__,c6bc9e99-2515-54fb-9bbd-43ff465c114c,d64fa532-6040-4fc2-9c43-ed4e5368bb92,book,Die Rätsel der Philosophie,1754,407,False
__shared__,c6d09238-d1d3-5222-be0b-c876534e6a36,4b8e4c2a-3f1b-4d2e-9c4a-8e4f4b2c3a1d,book,Die Philosophie der Freiheit,1940,433,False
__shared__,c6e4ac47-9ff6-5aaf-adc8-827f20decca8,7758c53c-72bd-41f1-ae51-843eb2a0f718,book,Various Interviews and Articles,1784,438,False
__shared__,c7006cdf-f028-53f8-b56d-c6e44eb82313,36371313-0400-4c90-9656-67d54052cf89,book,Julian Assange in his own words,1364,461,False
__shared__,c729009a-edc4-5ddf-938a-7b06e7beeb5d,lecture:19190829b,book,Erziehungskunst. Methodisch-Didaktisches,1996,454,False
__shared__,c7340af3-8e03-5592-a2f8-e00c7668b3a1,4c09f3d5-3f5c-42b7-beba-f12fc46594bc,book,Free Software Free Society,1812,449,False
__shared__,c7440f99-fe01-5392-8b00-31780bd90d46,lecture:19211129a,book,Die Wirklichkeit der höheren Welten,2027,486,False
__shared__,c74f1dda-b5b0-5b75-853b-7084c5b297c1,lecture:19190425,book,Neugestaltung des sozialen Organismus,1819,418,False
__shared__,c77a6d14-fc22-5d3c-94eb-51a3534f6356,lecture:19200807,book,Geisteswissenschaft als Erkenntnis der Grundimpulse sozialer Gestaltung,1964,455,False
__shared__,c782b711-3c8e-50ba-a30e-952def71d8dc,4b8e4c2a-3f1b-4d2e-9c4a-8e4f4b2c3a1d,book,Die Philosophie der Freiheit,2012,502,False
__shared__,c7954724-046a-54a0-8f24-0ec2a128a0ae,lecture:19190616,book,Neugestaltung des sozialen Organismus,1867,405,False
__shared__,c7a9f303-a14d-56e1-94d2-34fec62eb1c5,44217040-65bf-4150-9fa8-bac9c57cd1b1,book,Grundlinien einer Erkenntnistheorie der Goetheschen Weltanschauung,1793,446,False
__shared__,c7b6d22a-9db1-5d00-a4a0-fcbb385185c3,908fc041-096e-4440-8593-b3267b712bf5,book,Die Wahrheit als Gesamtumfang aller Weltansichten,1587,403,False
__shared__,c7c6cf1d-41da-58ac-b828-7623a5e25aec,44217040-65bf-4150-9fa8-bac9c57cd1b1,book,Grundlinien einer Erkenntnistheorie der Goetheschen Weltanschauung,1967,491,False
__shared__,c7cc30a9-c34e-5f1a-9fcd-5983d5ba8494,f78a79d5-8e8f-435e-bb58-ef6577312f57,book,Lucifer-Gnosis. Grundlegende Aufsätze zur Anthroposophie und Berichte aus,2024,478,False
__shared__,c7e340e4-64df-553d-b09e-017409cffe29,lecture:19190225,book,Die soziale Frage,2141,458,False
__shared__,c7f0a243-c402-5b11-8df4-fe8c5d5a127b,f8e6c475-a0e5-4081-b265-61a7536a183e,book,Die Kernpunkte der sozialen Frage,2127,450,False
__shared__,c82e0b14-d193-5a3a-8cf8-e108b9a31777,lecture:19190825c,book,Erziehungskunst. Seminarbesprechungen und Lehrplanvorträge,1857,470,False
__shared__,c835018e-8a65-577a-8517-7193e1a79fc9,908fc041-096e-4440-8593-b3267b712bf5,book,Die Wahrheit als Gesamtumfang aller Weltansichten,1585,427,False
__shared__,c8589ba8-bca6-5936-aaad-c411c40c8e0e,lecture:19200501b,book,Entsprechungen zwischen Mikrokosmos und Makrokosmos. Der Mensch — eine Hieroglyphe des Weltenalls.,2024,437,False
__shared__,c85d8986-21f7-52fd-922a-357ab3a21bc8,lecture:19210405a,book,Die befruchtende Wirkung der Anthroposophie auf die Fachwissenschaften,1689,409,False
__shared__,c8954b9d-d32a-57c0-965e-1129bd573686,c2a4e407-cdf7-4802-be84-010cc485ef00,book,Methodische Grundlagen der Anthroposophie,1973,468,False
__shared__,c8c251db-2aa8-5e3b-a74f-ee6555d14b5c,lecture:19190203,book,Die soziale Frage,2055,446,False
__shared__,c8d755df-67ce-5f7a-891f-e6ce17f0a875,lecture:19200324b,book,Fachwissenschaften und Anthroposophie,1874,410,False
__shared__,c8d806d7-0c96-55c6-9a1a-738c128a3158,lecture:19190825a,book,Allgemeine Menschenkunde als Grundlage der Pädagogik,1879,428,False
__shared__,c8dd3dd0-473d-5ee6-8f15-266095dfe85f,47b137d3-f414-406f-b142-ed72c7e8989c,book,Einleitungen zu Goethes Naturwissenschaftlichen Schriften,1583,442,False
__shared__,c8ec8f8e-af82-5d9a-807f-f092495fc6e1,lecture:19220411,book,Damit der Mensch ganz Mensch werde,2032,469,False
__shared__,c8fe9439-059a-55ad-971d-5a970277d25d,lecture:19140120b,book,Der menschliche und der kosmische Gedanke,1722,406,False
__shared__,c94ea0ca-d6c2-5fe5-9864-c60784d48584,lecture:19191025,book,Soziale Zukunft,1873,405,False
__shared__,c958c626-da8f-5bff-914e-cb4e82bba569,lecture:19200514,book,Entsprechungen zwischen Mikrokosmos und Makrokosmos. Der Mensch — eine Hieroglyphe des Weltenalls.,1898,444,False
__shared__,c95f260e-789d-538f-b7fb-16c1f9a56040,908fc041-096e-4440-8593-b3267b712bf5,book,Die Wahrheit als Gesamtumfang aller Weltansichten,1971,507,False
__shared__,c96adc08-f4b1-566f-b1e9-331671a8ab4a,lecture:19200729b,book,Die Krisis der Gegenwart und der Weg zu gesundem Denken,1810,428,False
__shared__,c98e7845-8ee9-5fbb-bb3e-97bb9f8cdaa6,lecture:19210115b,book,Fachwissenschaften und Anthroposophie,1706,402,False
__shared__,c9f98cb1-039f-59af-a19f-436145e38bf9,0c20163d-b14e-4750-988b-3b58c0fa3126,book,Code Version 2 0,1733,402,False
__shared__,ca082f70-d304-59ea-a79c-6bde284a7f46,lecture:19200615,book,Die Krisis der Gegenwart und der Weg zu gesundem Denken,2076,509,False
__shared__,ca325214-9d7b-5949-b5e0-edc106bc80b7,44217040-65bf-4150-9fa8-bac9c57cd1b1,book,Grundlinien einer Erkenntnistheorie der Goetheschen Weltanschauung,1677,410,False
__shared__,ca503343-04f9-52e2-a932-6348260d85b5,f287d43a-5108-4e0c-baa8-5e7d3badfef7,book,Gesammelte Aufsätze zur Kultur- und Zeitgeschichte,1856,456,False
__shared__,caa30811-ed68-561b-a6cf-9a2fa43bfe30,lecture:19200411b,book,Entsprechungen zwischen Mikrokosmos und Makrokosmos. Der Mensch — eine Hieroglyphe des Weltenalls.,1618,401,False
__shared__,caa997f5-4ce9-5b78-b33b-103b688a454f,f78a79d5-8e8f-435e-bb58-ef6577312f57,book,Lucifer-Gnosis. Grundlegende Aufsätze zur Anthroposophie und Berichte aus,1685,408,False
__shared__,caede314-1c35-5cb6-92c8-25d51b660f18,908fc041-096e-4440-8593-b3267b712bf5,book,Die Wahrheit als Gesamtumfang aller Weltansichten,1861,484,False
__shared__,cb13e9fc-56c4-549d-9597-df3699f5316d,lecture:19200806,book,Geisteswissenschaft als Erkenntnis der Grundimpulse sozialer Gestaltung,2156,470,False
__shared__,cb45be38-2dcc-5e7c-a1a9-ab448a16179c,lecture:19220412a,book,Damit der Mensch ganz Mensch werde,1909,470,False
__shared__,cb503624-8af6-59fd-86c2-089d2bbe7c12,lecture:19210410a,book,Die befruchtende Wirkung der Anthroposophie auf die Fachwissenschaften,2062,445,False
__shared__,cba03a2d-c649-52af-a47e-f20450d36b33,lecture:19211012,book,Anthroposophie soziale Dreigliederung und Redekunst.,1911,458,False
__shared__,cba6eb6c-35d4-52fb-8a6e-2c78af4889c4,lecture:19190903a,book,Allgemeine Menschenkunde als Grundlage der Pädagogik,1773,408,False
__shared__,cbabdff9-8ba9-5ba4-89b4-32b928ca69fd,4c09f3d5-3f5c-42b7-beba-f12fc46594bc,book,Free Software Free Society,1713,406,False
__shared__,cbd38050-59b7-50f9-9c0f-3e1302a327cf,f78a79d5-8e8f-435e-bb58-ef6577312f57,book,Lucifer-Gnosis. Grundlegende Aufsätze zur Anthroposophie und Berichte aus,2211,505,False
__shared__,cc20eab5-534a-5e15-a7a8-123f6d12e5bb,lecture:19220725b,book,Nationalökonomischer Kurs.,2249,484,False
__shared__,cc28a128-d715-55a3-a972-75e63b194478,lecture:19190618,book,Neugestaltung des sozialen Organismus,2079,441,False
__shared__,cc3a7a69-5c9b-574e-9719-50e84f6e97b4,lecture:19211202,book,Die Wirklichkeit der höheren Welten,2112,484,False
__shared__,cc598ccc-f97c-501c-ac4d-7af560b92554,lecture:19201004,book,Fachwissenschaften und Anthroposophie,1677,419,False
__shared__,cc7ae396-5e9a-50c8-b3f3-64e2d6ef55d2,3b38df84-e9bc-4e70-9032-d3fa65517cfd,book,Aufsätze über die Dreigliederung des sozialen Organismus und zur Zeitlage,2195,451,False
__shared__,cc7ed52a-4d5f-5c73-8453-daa90711425a,lecture:19200505b,book,Vom Einheitsstaat zum dreigliedrigen sozialen Organismus,1721,427,False
__shared__,cc989561-1753-54f0-9870-8e8b578bbe15,908fc041-096e-4440-8593-b3267b712bf5,book,Die Wahrheit als Gesamtumfang aller Weltansichten,2099,497,False
__shared__,ccbed2c5-461e-5d30-b8c5-3fb6fd0186e5,lecture:19190711,book,Neugestaltung des sozialen Organismus,1861,428,False
__shared__,ccc53d65-72e0-5103-8ef5-12131391b4fa,f287d43a-5108-4e0c-baa8-5e7d3badfef7,book,Gesammelte Aufsätze zur Kultur- und Zeitgeschichte,1804,406,False
__shared__,ccde6301-704c-505d-bcef-17c008bb3422,lecture:19190823a,book,Allgemeine Menschenkunde als Grundlage der Pädagogik,1995,464,False
__shared__,cce1e7ab-be28-5116-aa03-29bbfd62cf8b,4c09f3d5-3f5c-42b7-beba-f12fc46594bc,book,Free Software Free Society,1577,408,False
__shared__,cce2c7f5-0940-5974-8ff7-74c9fcaa2711,lecture:19200407b,book,Fachwissenschaften und Anthroposophie,2015,450,False
__shared__,cce7a83d-e0ac-5ca0-a4bf-0c16c2394816,f8e6c475-a0e5-4081-b265-61a7536a183e,book,Die Kernpunkte der sozialen Frage,2129,477,False
__shared__,ccea2f6d-6f0b-5dd1-a078-88e678f96732,lecture:19220803b,book,Nationalökonomischer Kurs.,2098,462,False
__shared__,cd0039a5-6945-5a1c-9c8e-fa8cf1c08535,lecture:19190308,book,Die soziale Frage,2070,496,False
__shared__,cd0bed5b-251d-5708-b3e0-4a87908216f3,lecture:19191020,book,Die Befreiung des Menschenwesens als Grundlage für eine soziale Neugestaltung.,2091,453,False
__shared__,cd28f2c4-bb84-5732-ace0-10a5556b99b2,lecture:19211129a,book,Die Wirklichkeit der höheren Welten,2078,503,False
__shared__,cd2eda87-4f52-57f5-add0-f0ee6fc55953,7758c53c-72bd-41f1-ae51-843eb2a0f718,book,Various Interviews and Articles,1774,420,False
__shared__,cd31451a-60cd-55c9-862d-72d4e11ab0a2,c2a4e407-cdf7-4802-be84-010cc485ef00,book,Methodische Grundlagen der Anthroposophie,1926,494,False
__shared__,cd324d65-43dd-5dd3-9220-3593590e96db,lecture:19211125,book,Die Wirklichkeit der höheren Welten,2035,509,False
__shared__,cd42c10e-83bb-55fb-9bb2-c8c07a67a80c,f78a79d5-8e8f-435e-bb58-ef6577312f57,book,Lucifer-Gnosis. Grundlegende Aufsätze zur Anthroposophie und Berichte aus,2162,491,False
__shared__,cd4878de-96aa-5bd2-8ded-67f7c4c59205,f78a79d5-8e8f-435e-bb58-ef6577312f57,book,Lucifer-Gnosis. Grundlegende Aufsätze zur Anthroposophie und Berichte aus,1858,428,False
__shared__,cd64ff76-4772-5994-ace8-23fdc2f89800,123ef8cb-a442-4bbc-9570-e8681dd67f9f,book,Rebel Code,1607,409,False
__shared__,cd7448b1-22fc-5011-8219-3c425dd4b4d4,lecture:19200821,book,Geisteswissenschaft als Erkenntnis der Grundimpulse sozialer Gestaltung,1933,465,False
__shared__,cdb463b2-4564-5b0b-86b5-98f4b7f0c09f,lecture:19200302b,book,Die Krisis der Gegenwart und der Weg zu gesundem Denken,1820,421,False
__shared__,cdc3364c-00e4-518a-860f-de8a04339beb,f78a79d5-8e8f-435e-bb58-ef6577312f57,book,Lucifer-Gnosis. Grundlegende Aufsätze zur Anthroposophie und Berichte aus,2196,496,False
__shared__,cdcd698e-a086-52e4-bfcd-42757bfd2da4,lecture:19190822a,book,Allgemeine Menschenkunde als Grundlage der Pädagogik,1863,440,False
__shared__,cded3244-17f2-5162-b356-aa09e842fdad,lecture:19200401b,book,Fachwissenschaften und Anthroposophie,2157,492,False
__shared__,cded54f8-d53c-5bf1-af6f-29cd7ac97491,lecture:19190828a,book,Allgemeine Menschenkunde als Grundlage der Pädagogik,1848,435,False
__shared__,cdf600f5-52bb-56b3-8c4f-ebc0df20c91c,lecture:19200302b,book,Die Krisis der Gegenwart und der Weg zu gesundem Denken,1866,444,False
__shared__,cdf72b31-956c-59a0-8fb7-fa52405015e7,c2a4e407-cdf7-4802-be84-010cc485ef00,book,Methodische Grundlagen der Anthroposophie,1788,458,False
__shared__,ce0f7c35-ee07-5be4-be45-ef7065b369f4,f78a79d5-8e8f-435e-bb58-ef6577312f57,book,Lucifer-Gnosis. Grundlegende Aufsätze zur Anthroposophie und Berichte aus,1759,478,False
__shared__,ce4e5b7e-ff7f-5f98-9693-4f2264dc6703,lecture:19190531,book,Neugestaltung des sozialen Organismus,1865,405,False
__shared__,ce72dd84-b4cb-56c8-8f2d-898d484f3168,f287d43a-5108-4e0c-baa8-5e7d3badfef7,book,Gesammelte Aufsätze zur Kultur- und Zeitgeschichte,2028,464,False
__shared__,ce78b06b-97b3-5ca5-81bc-1f27cae19e45,f3b36ec2-031d-4715-ad66-dfc7f43cc491,book,Cypherpunks,1384,414,False
__shared__,ce98fa82-6e7f-5a97-9cca-89777251b97a,lecture:19191030,book,Soziale Zukunft,1948,472,False
__shared__,ce9bd926-49ca-5dd7-a86d-40918ef293ad,lecture:19191106,book,Die Befreiung des Menschenwesens als Grundlage für eine soziale Neugestaltung.,2007,485,False
__shared__,cea42ed2-dfb5-5be2-a4cd-0377cf8375f3,lecture:19200508b,book,Entsprechungen zwischen Mikrokosmos und Makrokosmos. Der Mensch — eine Hieroglyphe des Weltenalls.,1746,437,False
__shared__,cf0399b5-2b32-5dc7-a775-993f704d717a,f78a79d5-8e8f-435e-bb58-ef6577312f57,book,Lucifer-Gnosis. Grundlegende Aufsätze zur Anthroposophie und Berichte aus,1894,440,False
__shared__,cf095c6b-7507-5a22-b23d-d099ed4605b1,d64fa532-6040-4fc2-9c43-ed4e5368bb92,book,Die Rätsel der Philosophie,1759,415,False
__shared__,cf172ee0-9b1b-55a7-b0a7-e3fc1f09f335,lecture:19220411,book,Damit der Mensch ganz Mensch werde,2296,509,False
__shared__,cf1cfaea-e70e-50d0-a3d8-79ce6792efa6,lecture:19191028,book,Soziale Zukunft,2090,467,False
__shared__,cf227769-3f9d-513a-b8c5-2dcc2afe0cb1,908fc041-096e-4440-8593-b3267b712bf5,book,Die Wahrheit als Gesamtumfang aller Weltansichten,1852,503,False
__shared__,cf43450c-c899-5e32-b9b6-c402a4538ba0,c2a4e407-cdf7-4802-be84-010cc485ef00,book,Methodische Grundlagen der Anthroposophie,2044,504,False
__shared__,cf681b49-73ad-5f85-8a7b-bb571b097846,lecture:19190317,book,Die Befreiung des Menschenwesens als Grundlage für eine soziale Neugestaltung.,1867,412,False
__shared__,cf887b66-32a7-51c5-8a71-796d224dfb5e,908fc041-096e-4440-8593-b3267b712bf5,book,Die Wahrheit als Gesamtumfang aller Weltansichten,2050,477,False
__shared__,cfb055c4-de64-5340-89fe-9c724b54bc2b,lecture:19200310b,book,Die Krisis der Gegenwart und der Weg zu gesundem Denken,2065,484,False
__shared__,cfbbc84e-e0ee-5b08-afec-8a0cf94e1db8,f78a79d5-8e8f-435e-bb58-ef6577312f57,book,Lucifer-Gnosis. Grundlegende Aufsätze zur Anthroposophie und Berichte aus,2067,487,False
__shared__,cfdb7c91-8abd-5686-91ec-6fd8d5212ec5,lecture:19190205,book,Die soziale Frage,2063,449,False
__shared__,d00f5d23-a5ac-5b63-a8da-acac659cc569,c2a4e407-cdf7-4802-be84-010cc485ef00,book,Methodische Grundlagen der Anthroposophie,1928,455,False
__shared__,d0189ec8-4005-53a2-838b-a953c38978a9,c2a4e407-cdf7-4802-be84-010cc485ef00,book,Methodische Grundlagen der Anthroposophie,2000,456,False
__shared__,d02df4a4-998e-549e-814b-9028d3cbba21,lecture:19190828c,book,Erziehungskunst. Seminarbesprechungen und Lehrplanvorträge,2129,485,False
__shared__,d037e81f-1744-5340-b0be-20891354dd65,lecture:19200609b,book,Soziale Ideen.,1829,433,False
__shared__,d05750ec-1dc9-599f-be10-d68a1d22392c,lecture:19190205,book,Die soziale Frage,1924,431,False
__shared__,d05a2343-74a6-5b1d-b9a5-79452dcb5b38,c2a4e407-cdf7-4802-be84-010cc485ef00,book,Methodische Grundlagen der Anthroposophie,1826,435,False
__shared__,d0626085-6a12-5991-946e-f764e0ce229c,lecture:19200828,book,Geisteswissenschaft als Erkenntnis der Grundimpulse sozialer Gestaltung,2171,500,False
__shared__,d0758462-8d33-5969-be94-1ef85f0ee608,lecture:19200304b,book,Die Krisis der Gegenwart und der Weg zu gesundem Denken,2021,462,False
__shared__,d16ba1fb-ee92-5d2b-b8d8-898fe1c0855c,lecture:19200411b,book,Entsprechungen zwischen Mikrokosmos und Makrokosmos. Der Mensch — eine Hieroglyphe des Weltenalls.,1773,448,False
__shared__,d16daeb9-a1b6-5cc6-b01c-6841a1f7cbdf,3b38df84-e9bc-4e70-9032-d3fa65517cfd,book,Aufsätze über die Dreigliederung des sozialen Organismus und zur Zeitlage,2287,492,False
__shared__,d182b6de-6c8e-5225-bf9d-e30ee6fefd25,lecture:19191106,book,Die Befreiung des Menschenwesens als Grundlage für eine soziale Neugestaltung.,2101,486,False
__shared__,d1989705-e02c-5b99-b91f-18e9eceef052,lecture:19190516,book,Neugestaltung des sozialen Organismus,2007,445,False
__shared__,d1cafbae-b696-5400-9128-748a004d8789,f287d43a-5108-4e0c-baa8-5e7d3badfef7,book,Gesammelte Aufsätze zur Kultur- und Zeitgeschichte,1601,419,False
__shared__,d1e335a9-44d5-5931-a4b7-826160386806,d64fa532-6040-4fc2-9c43-ed4e5368bb92,book,Die Rätsel der Philosophie,1826,425,False
__shared__,d203fdbe-fdf3-5920-bb58-bbcebfa7e9ad,f287d43a-5108-4e0c-baa8-5e7d3badfef7,book,Gesammelte Aufsätze zur Kultur- und Zeitgeschichte,1761,431,False
__shared__,d20c875c-5218-5e24-9df1-f9654ba7e0e1,lecture:19190508,book,Betriebsräte und Sozialisierung,1859,408,False
__shared__,d244c8f8-052d-5290-a8f9-c778c4018c11,lecture:19190210,book,Die soziale Frage,1880,412,False
__shared__,d25719f2-98de-515d-b079-0fb6435247a2,lecture:19220801b,book,Nationalökonomischer Kurs.,2141,457,False
__shared__,d264af8b-aaca-5061-95ca-881cdc4512df,64e881df-0501-4815-9b0c-6cf545c383b6,book,Goethes Weltanschauung,2128,496,False
__shared__,d2caa3d0-1cc3-5868-94c3-0f1b09c515fa,lecture:19211202,book,Die Wirklichkeit der höheren Welten,2105,457,False
__shared__,d2e4e453-556f-5f7a-881e-1c3d37c03e3b,lecture:19190826b,book,Erziehungskunst. Methodisch-Didaktisches,1928,470,False
__shared__,d2ec0411-d012-5d48-95e1-dc140b14d33a,c2a4e407-cdf7-4802-be84-010cc485ef00,book,Methodische Grundlagen der Anthroposophie,2053,497,False
__shared__,d2f67c1d-9a5e-5b08-8a27-2ee3714cb92c,lecture:19220804b,book,Nationalökonomischer Kurs.,1757,441,False
__shared__,d2fbf71c-36c1-55e3-a867-a1e513d57052,lecture:19201011,book,Soziale Ideen.,2143,455,False
__shared__,d2fc135b-be3b-5370-907f-1ba7b2f9e51a,lecture:19190409,book,Die Befreiung des Menschenwesens als Grundlage für eine soziale Neugestaltung.,2354,510,False
__shared__,d3251e31-4198-5a95-95c5-286ad7260799,lecture:19190821c,book,Erziehungskunst. Seminarbesprechungen und Lehrplanvorträge,1976,461,False
__shared__,d3760744-da82-520d-b8f5-ec7147c5f0f3,lecture:19200918,book,Geisteswissenschaft als Erkenntnis der Grundimpulse sozialer Gestaltung,2063,501,False
__shared__,d391c3d3-447a-5e42-99cf-4e941cbb54c5,c2a4e407-cdf7-4802-be84-010cc485ef00,book,Methodische Grundlagen der Anthroposophie,1795,441,False
__shared__,d3953677-494b-5598-a904-130a531876db,7758c53c-72bd-41f1-ae51-843eb2a0f718,book,Various Interviews and Articles,1037,480,False
__shared__,d3a68d58-1cef-5c51-a1e4-2a918bdc2df9,lecture:19201015b,book,Fachwissenschaften und Anthroposophie,2044,452,False
__shared__,d3ac7e6c-d221-5957-b4fe-af53307f65ac,4c09f3d5-3f5c-42b7-beba-f12fc46594bc,book,Free Software Free Society,1851,426,False
__shared__,d3bbb235-dc28-5690-aa1a-cdf98c3e33d4,c2a4e407-cdf7-4802-be84-010cc485ef00,book,Methodische Grundlagen der Anthroposophie,1903,477,False
__shared__,d3bc6fc6-e753-5519-a8a9-82c80b5a70ae,lecture:19200508b,book,Entsprechungen zwischen Mikrokosmos und Makrokosmos. Der Mensch — eine Hieroglyphe des Weltenalls.,1740,407,False
__shared__,d3c33a2d-abe6-5ad4-9e28-10088e53ecbc,d64fa532-6040-4fc2-9c43-ed4e5368bb92,book,Die Rätsel der Philosophie,2047,495,False
__shared__,d3d7138f-7e84-5dc9-9186-577fd1066288,lecture:19200501b,book,Entsprechungen zwischen Mikrokosmos und Makrokosmos. Der Mensch — eine Hieroglyphe des Weltenalls.,2048,462,False
__shared__,d3ecc93f-d590-5a88-acee-83f8771b2fbe,lecture:19190605,book,Betriebsräte und Sozialisierung,2176,471,False
__shared__,d413facf-d585-5237-94e6-5deddcafbdaf,lecture:19201110,book,Die Krisis der Gegenwart und der Weg zu gesundem Denken,1937,464,False
__shared__,d43d4061-1dd1-55bb-90df-50474b34e91d,lecture:19190317,book,Die Befreiung des Menschenwesens als Grundlage für eine soziale Neugestaltung.,2008,459,False
__shared__,d4e7e7b8-1d8f-5dff-a19c-d8d5cc5f608a,lecture:19220731c,book,Nationalökonomisches Seminar.,2138,466,False
__shared__,d554eecb-0e02-505d-9866-e8b21dffe233,lecture:19211128,book,Die Wirklichkeit der höheren Welten,2030,472,False
__shared__,d575f4f6-8df1-5205-9756-7a31c6a06a55,lecture:19211202,book,Die Wirklichkeit der höheren Welten,1721,427,False
__shared__,d58bf0ba-cff5-555d-b3ec-bfc1c72c9d61,lecture:19200820a,book,Geisteswissenschaft als Erkenntnis der Grundimpulse sozialer Gestaltung,1967,482,False
__shared__,d5d62d18-2974-5189-9c61-1bf64767b70a,44217040-65bf-4150-9fa8-bac9c57cd1b1,book,Grundlinien einer Erkenntnistheorie der Goetheschen Weltanschauung,2114,482,False
__shared__,d5da99ad-f4b4-5ac1-96e5-a0c39c57d017,lecture:19190618,book,Neugestaltung des sozialen Organismus,2134,484,False
__shared__,d60eb44b-6d89-51ab-bedf-8144dce7ae4e,908fc041-096e-4440-8593-b3267b712bf5,book,Die Wahrheit als Gesamtumfang aller Weltansichten,2045,502,False
__shared__,d61247f1-8180-5aea-8c1b-357a8a197fbd,lecture:19190825c,book,Erziehungskunst. Seminarbesprechungen und Lehrplanvorträge,1680,423,False
__shared__,d630bca4-102d-52b7-b8ae-6842c3c51d35,lecture:19211129a,book,Die Wirklichkeit der höheren Welten,1996,482,False
__shared__,d6328aeb-a1f4-5c37-9e72-411f8e29aae8,lecture:19200426b,book,Vom Einheitsstaat zum dreigliedrigen sozialen Organismus,1964,443,False
__shared__,d63f4112-973e-5fb8-9077-8e98eabf7b09,d64fa532-6040-4fc2-9c43-ed4e5368bb92,book,Die Rätsel der Philosophie,2030,473,False
__shared__,d66ef62f-f2fa-57e5-9fa7-11421a7dffa8,908fc041-096e-4440-8593-b3267b712bf5,book,Die Wahrheit als Gesamtumfang aller Weltansichten,1768,456,False
__shared__,d688c8d0-3638-5d5b-94e7-c74d8be78ab2,lecture:19211128,book,Die Wirklichkeit der höheren Welten,2128,502,False
__shared__,d6908023-1a2c-5abf-a95d-168f23e5bb5b,47b137d3-f414-406f-b142-ed72c7e8989c,book,Einleitungen zu Goethes Naturwissenschaftlichen Schriften,2050,481,False
__shared__,d69e5d54-735c-56ba-b152-db080e4b5ea2,f8e6c475-a0e5-4081-b265-61a7536a183e,book,Die Kernpunkte der sozialen Frage,1863,414,False
__shared__,d6be93ac-d92d-5a7a-b9cf-0a65805f0173,7758c53c-72bd-41f1-ae51-843eb2a0f718,book,Various Interviews and Articles,1980,441,False
__shared__,d6faaae8-3840-5fb7-b1e8-86cd5124694b,d64fa532-6040-4fc2-9c43-ed4e5368bb92,book,Die Rätsel der Philosophie,1756,422,False
__shared__,d719ee68-81ab-5dc0-ba9a-dbfaf26b9281,lecture:19211125,book,Die Wirklichkeit der höheren Welten,2156,512,False
__shared__,d7303c7e-4de8-53f7-bad3-cbc55837330c,lecture:19200418a,book,Vom Einheitsstaat zum dreigliedrigen sozialen Organismus,2123,486,False
__shared__,d79b3d6e-9daf-5984-8cda-c66a5cf64f8b,4b8e4c2a-3f1b-4d2e-9c4a-8e4f4b2c3a1d,book,Die Philosophie der Freiheit,2079,492,False
__shared__,d7c3eb90-7ecf-5768-9fe3-6a1c24f5cde3,lecture:19211015a,book,Anthroposophie soziale Dreigliederung und Redekunst.,1903,433,False
__shared__,d7d5a7a5-7302-5cab-94f8-5bfe582eb2a3,lecture:19220805d,book,Nationalökonomisches Seminar.,1847,413,False
__shared__,d7e55b70-3124-5d74-96df-72a8f6aa4ddc,f287d43a-5108-4e0c-baa8-5e7d3badfef7,book,Gesammelte Aufsätze zur Kultur- und Zeitgeschichte,1622,410,False
__shared__,d7f5395f-5df6-5d11-bcd4-420efe7ef7e8,lecture:19190830c,book,Erziehungskunst. Seminarbesprechungen und Lehrplanvorträge,1775,431,False
__shared__,d7ffcd3e-91a3-52f6-bf91-f7a140350316,lecture:19220412a,book,Damit der Mensch ganz Mensch werde,1999,432,False
__shared__,d8053b9e-2c32-5a23-9dfb-f07ca9759399,64e881df-0501-4815-9b0c-6cf545c383b6,book,Goethes Weltanschauung,1584,415,False
__shared__,d8080f03-62e8-534e-b5c5-3c27c4c70b07,lecture:19201110,book,Die Krisis der Gegenwart und der Weg zu gesundem Denken,2178,498,False
__shared__,d8236b2f-70d8-5992-b6e6-f0c7e4829ce9,lecture:19190618,book,Neugestaltung des sozialen Organismus,1853,410,False
__shared__,d8313808-0ac7-5510-9a66-ee05e50e833a,c2a4e407-cdf7-4802-be84-010cc485ef00,book,Methodische Grundlagen der Anthroposophie,1802,414,False
__shared__,d831508b-82b1-50dd-93c1-0ac2df4d0966,lecture:19190425,book,Neugestaltung des sozialen Organismus,2247,502,False
__shared__,d84a603f-9376-58d8-ad19-d59ab9e7afd6,lecture:19191028,book,Soziale Zukunft,1989,458,False
__shared__,d899824f-c7d6-54b8-b2c1-e4efdc124139,c2a4e407-cdf7-4802-be84-010cc485ef00,book,Methodische Grundlagen der Anthroposophie,1816,459,False
__shared__,d8b6b02f-5b22-509d-b855-574c3aefaf3f,123ef8cb-a442-4bbc-9570-e8681dd67f9f,book,Rebel Code,1555,410,False
__shared__,d8e94cc5-fe40-537a-83ad-ecec0f09931a,lecture:19200317,book,Vom Einheitsstaat zum dreigliedrigen sozialen Organismus,2038,443,False
__shared__,d9237f15-d188-588a-bb3c-bfef0debcc16,lecture:19190904b,book,Erziehungskunst. Methodisch-Didaktisches,1866,452,False
__shared__,d958059a-3a47-5136-b272-d4f64790b7ee,lecture:19190528,book,Betriebsräte und Sozialisierung,1982,449,False
__shared__,d969a8a1-eb30-5735-8a99-d8d96b9eba72,f78a79d5-8e8f-435e-bb58-ef6577312f57,book,Lucifer-Gnosis. Grundlegende Aufsätze zur Anthroposophie und Berichte aus,1767,420,False
__shared__,d97ab622-a99e-5070-86b6-d9ff1e15aa91,44217040-65bf-4150-9fa8-bac9c57cd1b1,book,Grundlinien einer Erkenntnistheorie der Goetheschen Weltanschauung,1941,473,False
__shared__,d9a6b006-b677-5e01-98f0-73738647ef99,908fc041-096e-4440-8593-b3267b712bf5,book,Die Wahrheit als Gesamtumfang aller Weltansichten,1612,413,False
__shared__,d9e84d50-4659-5a73-b430-f665683ee7b5,c2a4e407-cdf7-4802-be84-010cc485ef00,book,Methodische Grundlagen der Anthroposophie,2008,504,False
__shared__,da4501dd-68f8-587f-948f-ffd73bf3dd6c,lecture:19190516,book,Neugestaltung des sozialen Organismus,2016,456,False
__shared__,da526aa8-4af6-593e-a8e0-d271d7a761fb,lecture:19200903,book,Geisteswissenschaft als Erkenntnis der Grundimpulse sozialer Gestaltung,2206,500,False
__shared__,da56c0e8-f990-50f0-8b25-6e7420aa484a,lecture:19190513,book,Neugestaltung des sozialen Organismus,1761,407,False
__shared__,da8473cd-b190-53b7-81e3-1a72991ef3ed,lecture:19190829c,book,Erziehungskunst. Seminarbesprechungen und Lehrplanvorträge,1797,429,False
__shared__,dab0742c-7bd6-531e-9a2b-3c091b8ee5f3,lecture:19220729b,book,Nationalökonomischer Kurs.,2005,460,False
__shared__,dab50bb7-1b26-52e5-8012-8a301b07d496,908fc041-096e-4440-8593-b3267b712bf5,book,Die Wahrheit als Gesamtumfang aller Weltansichten,1795,492,False
__shared__,dad3d783-e430-5018-a49c-ffd2c4d8a2f4,d64fa532-6040-4fc2-9c43-ed4e5368bb92,book,Die Rätsel der Philosophie,2023,510,False
__shared__,dadce153-9fa3-5f21-85fa-657972f47be4,f287d43a-5108-4e0c-baa8-5e7d3badfef7,book,Gesammelte Aufsätze zur Kultur- und Zeitgeschichte,2105,500,False
__shared__,db18fc81-49d9-5f71-8038-f0d3c52e98c4,lecture:19220412a,book,Damit der Mensch ganz Mensch werde,1725,403,False
__shared__,db2dd404-07a1-53ad-9e33-5c5cc9f9bcc0,47b137d3-f414-406f-b142-ed72c7e8989c,book,Einleitungen zu Goethes Naturwissenschaftlichen Schriften,1484,433,False
__shared__,db59d989-f850-5384-8312-cc899d2d36a6,123ef8cb-a442-4bbc-9570-e8681dd67f9f,book,Rebel Code,1595,413,False
__shared__,db610892-7be3-5749-ad01-3e85b109bf7c,lecture:19220803b,book,Nationalökonomischer Kurs.,2360,498,False
__shared__,db6405f8-a57f-5178-9ef0-afb7a16cc8c3,lecture:19190902c,book,Erziehungskunst. Seminarbesprechungen und Lehrplanvorträge,1538,410,False
__shared__,dbb56e2c-dcda-53de-9280-f713b73aa205,f287d43a-5108-4e0c-baa8-5e7d3badfef7,book,Gesammelte Aufsätze zur Kultur- und Zeitgeschichte,1853,454,False
__shared__,dbc05734-2a45-5250-b8b1-cdc33636e83e,c2a4e407-cdf7-4802-be84-010cc485ef00,book,Methodische Grundlagen der Anthroposophie,1959,443,False
__shared__,dbc5f777-bfd9-581c-8fff-e41d1e37ae8b,f78a79d5-8e8f-435e-bb58-ef6577312f57,book,Lucifer-Gnosis. Grundlegende Aufsätze zur Anthroposophie und Berichte aus,2044,497,False
__shared__,dbe434fb-a8c1-5942-9d29-7bdbeabaf717,f78a79d5-8e8f-435e-bb58-ef6577312f57,book,Lucifer-Gnosis. Grundlegende Aufsätze zur Anthroposophie und Berichte aus,1645,404,False
__shared__,dbed1bbd-e2df-574e-98b8-f2f2f89c7399,f287d43a-5108-4e0c-baa8-5e7d3badfef7,book,Gesammelte Aufsätze zur Kultur- und Zeitgeschichte,2045,471,False
__shared__,dbf46c84-3a25-5cba-b7dd-56d55c8f7046,f287d43a-5108-4e0c-baa8-5e7d3badfef7,book,Gesammelte Aufsätze zur Kultur- und Zeitgeschichte,1824,408,False
__shared__,dc3ccf64-1517-5daa-a56c-96ff843dd290,lecture:19190717,book,Betriebsräte und Sozialisierung,2173,509,False
__shared__,dc4119c8-5f6f-5d4b-9c3c-e32045bff508,f78a79d5-8e8f-435e-bb58-ef6577312f57,book,Lucifer-Gnosis. Grundlegende Aufsätze zur Anthroposophie und Berichte aus,1847,453,False
__shared__,dc681154-d86b-504f-b129-0ec821cf103e,lecture:19200505b,book,Vom Einheitsstaat zum dreigliedrigen sozialen Organismus,1805,410,False
__shared__,dc850889-9915-5f62-8f45-d20788227886,47b137d3-f414-406f-b142-ed72c7e8989c,book,Einleitungen zu Goethes Naturwissenschaftlichen Schriften,1968,466,False
__shared__,dcb7f885-c5b4-548a-ae36-0181f65a0bbe,123ef8cb-a442-4bbc-9570-e8681dd67f9f,book,Rebel Code,1621,402,False
__shared__,dcc066b3-c3d7-5e68-9352-e246511a6f76,lecture:19200827,book,Geisteswissenschaft als Erkenntnis der Grundimpulse sozialer Gestaltung,1725,429,False
__shared__,dce799d5-6cee-53be-a07b-ca81eac7b779,lecture:19220802c,book,Nationalökonomischer Kurs.,2034,455,False
__shared__,dd0ab317-5fe2-5f96-99ca-4a2d07372b7b,d64fa532-6040-4fc2-9c43-ed4e5368bb92,book,Die Rätsel der Philosophie,1896,449,False
__shared__,dd0de9a1-ca6a-5bef-a44a-8a65b466f637,lecture:19190826b,book,Erziehungskunst. Methodisch-Didaktisches,2182,492,False
__shared__,dd128d2d-08fe-5c0d-a541-9d76251b8dde,lecture:19211125,book,Die Wirklichkeit der höheren Welten,1737,402,False
__shared__,dd196e8a-ac75-574a-a290-06e2d7e38697,lecture:19190903b,book,Erziehungskunst. Methodisch-Didaktisches,1931,436,False
__shared__,dd1ee47c-6536-55e2-91f1-17a7cbfff665,lecture:19191029,book,Soziale Zukunft,1989,428,False
__shared__,dd4f2213-31e0-58dc-95e5-f0467810b549,47b137d3-f414-406f-b142-ed72c7e8989c,book,Einleitungen zu Goethes Naturwissenschaftlichen Schriften,1876,456,False
__shared__,dd522664-fdde-523b-be5c-16bb3e6e7d25,lecture:19201012,book,Soziale Ideen.,1772,406,False
__shared__,dd7b2fc9-9c31-5038-aaef-9e920cb221b6,d64fa532-6040-4fc2-9c43-ed4e5368bb92,book,Die Rätsel der Philosophie,1665,406,False
__shared__,dd83b79e-81fa-567a-97a5-d2a873270b81,lecture:19210410a,book,Die befruchtende Wirkung der Anthroposophie auf die Fachwissenschaften,1835,427,False
__shared__,dde81b9a-9b64-5403-b832-63a7102807d1,lecture:19211015a,book,Anthroposophie soziale Dreigliederung und Redekunst.,2237,508,False
__shared__,de057b35-f4fc-54ba-bbd8-5275eb8403c6,lecture:19190308,book,Die soziale Frage,1785,408,False
__shared__,de0a380d-53aa-583c-8e83-191666ad75fa,lecture:19200327c,book,Fachwissenschaften und Anthroposophie,1889,454,False
__shared__,de281ede-698f-5f5a-b241-fab6a1bcba22,c2a4e407-cdf7-4802-be84-010cc485ef00,book,Methodische Grundlagen der Anthroposophie,1821,419,False
__shared__,de58a3e5-0f1d-5536-b0e2-42096eeeffe5,lecture:19191029,book,Soziale Zukunft,1788,410,False
__shared__,de6263cd-6e68-5eba-9c91-1e3c7d84f42c,7758c53c-72bd-41f1-ae51-843eb2a0f718,book,Various Interviews and Articles,1458,408,False
__shared__,de880f1d-cd60-5ce5-87d3-6453211f5d7a,lecture:19190428,book,Neugestaltung des sozialen Organismus,2136,469,False
__shared__,debc5201-7173-5320-b97d-544bb6cee809,lecture:19200319,book,Vom Einheitsstaat zum dreigliedrigen sozialen Organismus,2022,442,False
__shared__,ded38017-0033-5b42-8163-b24689093eda,123ef8cb-a442-4bbc-9570-e8681dd67f9f,book,Rebel Code,1845,440,False
__shared__,dee7f29a-02b3-56a9-9700-ac36445507cb,f78a79d5-8e8f-435e-bb58-ef6577312f57,book,Lucifer-Gnosis. Grundlegende Aufsätze zur Anthroposophie und Berichte aus,2256,509,False
__shared__,def350e4-4e9c-55ee-9ec8-6edafa34489a,d64fa532-6040-4fc2-9c43-ed4e5368bb92,book,Die Rätsel der Philosophie,1790,404,False
__shared__,df3f3930-73f8-5356-9e93-9bc69cabd8ab,lecture:19220804b,book,Nationalökonomischer Kurs.,2087,489,False
__shared__,df496493-6f17-5f29-b024-b61068f817ff,lecture:19190317,book,Die Befreiung des Menschenwesens als Grundlage für eine soziale Neugestaltung.,1858,432,False
__shared__,df69f99a-4ded-58a3-a6b2-68ba8c100081,lecture:19190717,book,Betriebsräte und Sozialisierung,1961,443,False
__shared__,df6d875f-4187-5d8e-af0a-041dc84a7ca7,64e881df-0501-4815-9b0c-6cf545c383b6,book,Goethes Weltanschauung,1584,417,False
__shared__,df7635de-5bfd-5d04-b762-609216f29e5d,lecture:19200502b,book,Entsprechungen zwischen Mikrokosmos und Makrokosmos. Der Mensch — eine Hieroglyphe des Weltenalls.,1809,415,False
__shared__,dfd0f314-4af3-5795-af6e-861ab4cde182,64e881df-0501-4815-9b0c-6cf545c383b6,book,Goethes Weltanschauung,1852,487,False
__shared__,dfe0031b-f9d6-5407-8d43-5400aa1c4482,lecture:19210115b,book,Fachwissenschaften und Anthroposophie,1652,420,False
__shared__,dff8de23-1eba-500d-b45f-550ddccb4a4d,4c09f3d5-3f5c-42b7-beba-f12fc46594bc,book,Free Software Free Society,1931,485,False
__shared__,e01ff97e-e996-5830-877b-dda76d5d983e,f78a79d5-8e8f-435e-bb58-ef6577312f57,book,Lucifer-Gnosis. Grundlegende Aufsätze zur Anthroposophie und Berichte aus,1652,409,False
__shared__,e043d3e1-f95d-5dc3-8982-493644bb7b03,lecture:19200107,book,Vom Einheitsstaat zum dreigliedrigen sozialen Organismus,1937,464,False
__shared__,e086746a-24a6-5928-a32d-3a73a76b092a,lecture:19190503,book,Neugestaltung des sozialen Organismus,2385,510,False
__shared__,e087ecfa-698e-55f1-aad4-bc437f641d90,lecture:19200410b,book,Entsprechungen zwischen Mikrokosmos und Makrokosmos. Der Mensch — eine Hieroglyphe des Weltenalls.,2203,506,False
__shared__,e0c794f1-b19f-5cec-aeb8-14f6b19a06bf,c2a4e407-cdf7-4802-be84-010cc485ef00,book,Methodische Grundlagen der Anthroposophie,1871,435,False
__shared__,e0ff99e3-526b-5450-a822-06715ab51002,47b137d3-f414-406f-b142-ed72c7e8989c,book,Einleitungen zu Goethes Naturwissenschaftlichen Schriften,1696,402,False
__shared__,e106d073-9019-5fb8-9323-9218dac2fa45,lecture:19190530b,book,Soziale Ideen.,1933,427,False
__shared__,e11a9d9a-7cf6-57fb-9a9e-157cf30b2ee4,d64fa532-6040-4fc2-9c43-ed4e5368bb92,book,Die Rätsel der Philosophie,2022,498,False
__shared__,e11af76c-2d7f-5e8a-ad3b-b65ed371671e,lecture:19190522,book,Betriebsräte und Sozialisierung,2243,477,False
__shared__,e134e56a-7676-5220-8471-41b2f88a4bb5,lecture:19220410,book,Damit der Mensch ganz Mensch werde,1993,494,False
__shared__,e136a73c-9b08-5df0-882f-2ff235f1d103,lecture:19190619,book,Neugestaltung des sozialen Organismus,1885,416,False
__shared__,e140906c-5e54-5825-aa0b-b7983558b113,64e881df-0501-4815-9b0c-6cf545c383b6,book,Goethes Weltanschauung,2181,501,False
__shared__,e161ab1e-5252-57da-8e75-6a5567c56c08,f3b36ec2-031d-4715-ad66-dfc7f43cc491,book,Cypherpunks,1971,431,False
__shared__,e17e6cf5-6a61-53f9-91d7-59e32c3639ab,7758c53c-72bd-41f1-ae51-843eb2a0f718,book,Various Interviews and Articles,1908,429,False
__shared__,e19fa882-2aa7-5d52-ab3d-4fff36acc13e,64e881df-0501-4815-9b0c-6cf545c383b6,book,Goethes Weltanschauung,1868,447,False
__shared__,e1b73944-a5d6-5e9b-9957-7ff9396a0673,lecture:19200425b,book,Entsprechungen zwischen Mikrokosmos und Makrokosmos. Der Mensch — eine Hieroglyphe des Weltenalls.,1948,452,False
__shared__,e1c5b3e4-43f4-5d14-9ff6-9858f8454097,lecture:19140121a,book,Der menschliche und der kosmische Gedanke,1671,422,False
__shared__,e1d3218b-e02a-5eae-b8f6-2578fbcb00c1,lecture:19200920,book,Die Krisis der Gegenwart und der Weg zu gesundem Denken,1926,448,False
__shared__,e1d6da36-8033-5a4b-9ed6-29fa9cecf4c3,lecture:19210114b,book,Fachwissenschaften und Anthroposophie,2002,473,False
__shared__,e213c080-b6de-56f8-bb14-a8e769af1432,908fc041-096e-4440-8593-b3267b712bf5,book,Die Wahrheit als Gesamtumfang aller Weltansichten,1694,465,False
__shared__,e21aa682-cf9c-53e7-b39f-651b7bdd424d,lecture:19190317,book,Die Befreiung des Menschenwesens als Grundlage für eine soziale Neugestaltung.,2260,474,False
__shared__,e22729b6-a10a-5ac5-920c-6a311a341d3d,lecture:19190428,book,Neugestaltung des sozialen Organismus,1961,458,False
__shared__,e27c0694-ac45-5e0b-ba98-963b672c2328,0c20163d-b14e-4750-988b-3b58c0fa3126,book,Code Version 2 0,1707,411,False
__shared__,e2a92740-fe82-598f-8c87-7de1e1e48889,lecture:19210408a,book,Soziale Ideen.,2252,500,False
__shared__,e2b6d350-650e-5702-b118-a2a70f04bff5,lecture:19190531,book,Neugestaltung des sozialen Organismus,1720,415,False
__shared__,e2b9e5c0-bb02-544a-b0e3-fd1a661b7286,d64fa532-6040-4fc2-9c43-ed4e5368bb92,book,Die Rätsel der Philosophie,1772,424,False
__shared__,e2be7e98-2f30-5e88-a927-93457e097fda,lecture:19200506b,book,Vom Einheitsstaat zum dreigliedrigen sozialen Organismus,2091,464,False
__shared__,e2f8a585-8f9e-506b-ab9f-0acdb165225f,47b137d3-f414-406f-b142-ed72c7e8989c,book,Einleitungen zu Goethes Naturwissenschaftlichen Schriften,1748,426,False
__shared__,e30aefe5-db93-5857-bf90-c736daa94745,lecture:19191028,book,Soziale Zukunft,1830,411,False
__shared__,e30e72e7-6b1e-53ae-87f1-87a4e411276a,c2a4e407-cdf7-4802-be84-010cc485ef00,book,Methodische Grundlagen der Anthroposophie,1925,435,False
__shared__,e3127273-72e5-5529-8d56-cfe08cdb7fc4,lecture:19200830,book,Soziale Ideen.,2126,485,False
__shared__,e33656cd-8080-519a-b5bc-0d4b2d38a182,lecture:19220410,book,Damit der Mensch ganz Mensch werde,1992,458,False
__shared__,e3848e4c-7a8c-5fb6-8602-6c1f194da049,47b137d3-f414-406f-b142-ed72c7e8989c,book,Einleitungen zu Goethes Naturwissenschaftlichen Schriften,1986,449,False
__shared__,e3d04ec5-0fff-5365-a523-810c4f98fba0,f78a79d5-8e8f-435e-bb58-ef6577312f57,book,Lucifer-Gnosis. Grundlegende Aufsätze zur Anthroposophie und Berichte aus,1666,446,False
__shared__,e3e24168-f2b8-53c8-a8bb-a28f0713a624,d64fa532-6040-4fc2-9c43-ed4e5368bb92,book,Die Rätsel der Philosophie,2036,484,False
__shared__,e3e61a87-97ce-53f8-a312-561fa8f61b87,lecture:19200418b,book,Entsprechungen zwischen Mikrokosmos und Makrokosmos. Der Mensch — eine Hieroglyphe des Weltenalls.,1759,407,False
__shared__,e3ec77a7-f98f-582e-b5ab-7a2d107fe079,lecture:19220806a,book,Nationalökonomischer Kurs.,1868,420,False
__shared__,e3ff9144-7efa-5f66-948b-c9ff525df79f,3b38df84-e9bc-4e70-9032-d3fa65517cfd,book,Aufsätze über die Dreigliederung des sozialen Organismus und zur Zeitlage,1986,441,False
__shared__,e409be2a-3834-52f0-9031-07466b18cbbf,lecture:19200623b,book,Soziale Ideen.,1922,435,False
__shared__,e40d253b-9857-5639-be1a-35fa7f008379,f287d43a-5108-4e0c-baa8-5e7d3badfef7,book,Gesammelte Aufsätze zur Kultur- und Zeitgeschichte,1997,458,False
__shared__,e437ec90-8a37-5aad-9ec3-4e83af245c45,lecture:19200325b,book,Fachwissenschaften und Anthroposophie,1704,406,False
__shared__,e48844ca-6764-50f2-893a-4f24a870ac31,e58f6369-f7a7-4213-845f-c5b9bf82ffe5,book,Wahrheit und Wissenschaft,2109,484,False
__shared__,e49248d6-dcee-51ac-8db9-124ad6195592,lecture:19210115b,book,Fachwissenschaften und Anthroposophie,2049,441,False
__shared__,e498c959-912a-5c5e-8da0-ca39199adc5e,f8e6c475-a0e5-4081-b265-61a7536a183e,book,Die Kernpunkte der sozialen Frage,2223,484,False
__shared__,e499b234-aae0-5560-a2fa-3a3036c9d664,lecture:19190822a,book,Allgemeine Menschenkunde als Grundlage der Pädagogik,1642,403,False
__shared__,e4a243f7-9520-5b9c-8e45-04813a63bde3,lecture:19200303b,book,Soziale Ideen.,2280,504,False
__shared__,e4bd6808-90ef-57bf-a8b9-65d85d61d316,lecture:19190624,book,Betriebsräte und Sozialisierung,2047,449,False
__shared__,e4f56156-c851-52cd-9439-a85a670c733b,47b137d3-f414-406f-b142-ed72c7e8989c,book,Einleitungen zu Goethes Naturwissenschaftlichen Schriften,1921,448,False
__shared__,e508f9f0-a22d-5466-b7ed-28c461c0f189,lecture:19191025,book,Soziale Zukunft,2042,457,False
__shared__,e50d74a0-1a6a-5452-a403-c5494fcd7d68,f78a79d5-8e8f-435e-bb58-ef6577312f57,book,Lucifer-Gnosis. Grundlegende Aufsätze zur Anthroposophie und Berichte aus,1869,428,False
__shared__,e527179b-bacf-54d4-ac33-50b6cd755e84,47b137d3-f414-406f-b142-ed72c7e8989c,book,Einleitungen zu Goethes Naturwissenschaftlichen Schriften,1708,416,False
__shared__,e5808301-d2c3-5408-9598-e00fa8e902be,d64fa532-6040-4fc2-9c43-ed4e5368bb92,book,Die Rätsel der Philosophie,1691,411,False
__shared__,e5821318-9a9a-5c76-ab89-e12948b72d34,lecture:19190531,book,Neugestaltung des sozialen Organismus,1892,423,False
__shared__,e5b1cfa4-0cb9-5b52-a5b0-64af9d194c44,c2a4e407-cdf7-4802-be84-010cc485ef00,book,Methodische Grundlagen der Anthroposophie,1756,404,False
__shared__,e5d93ed2-2447-5304-b3fc-d3159081f595,4b8e4c2a-3f1b-4d2e-9c4a-8e4f4b2c3a1d,book,Die Philosophie der Freiheit,1886,444,False
__shared__,e5f09855-2de7-5440-997f-9907ddd253bb,f287d43a-5108-4e0c-baa8-5e7d3badfef7,book,Gesammelte Aufsätze zur Kultur- und Zeitgeschichte,1879,454,False
__shared__,e60e4d9c-bce5-538e-8edd-d0d288d003ec,lecture:19191014,book,Die Befreiung des Menschenwesens als Grundlage für eine soziale Neugestaltung.,1901,440,False
__shared__,e641c284-fe48-5afb-aa13-7d1546f3d3d9,908fc041-096e-4440-8593-b3267b712bf5,book,Die Wahrheit als Gesamtumfang aller Weltansichten,1827,427,False
__shared__,e644f30e-1266-5b45-845e-552d1cb1ccb9,lecture:19190605,book,Betriebsräte und Sozialisierung,2272,489,False
__shared__,e65bd29e-f7d1-54bb-b5fa-9e961afe08e2,d64fa532-6040-4fc2-9c43-ed4e5368bb92,book,Die Rätsel der Philosophie,1932,462,False
__shared__,e6904ca6-9b3b-5ae3-8bea-84a7a3e3c3c0,908fc041-096e-4440-8593-b3267b712bf5,book,Die Wahrheit als Gesamtumfang aller Weltansichten,1745,436,False
__shared__,e693bb19-719a-5ef9-9a59-65287e4048ff,lecture:19210405a,book,Die befruchtende Wirkung der Anthroposophie auf die Fachwissenschaften,1912,424,False
__shared__,e6ab664f-9b27-52ea-b51e-90031e3c1884,4b8e4c2a-3f1b-4d2e-9c4a-8e4f4b2c3a1d,book,Die Philosophie der Freiheit,1746,428,False
__shared__,e6ebb3ac-553a-5505-9fc4-cde9afd66e80,0c20163d-b14e-4750-988b-3b58c0fa3126,book,Code Version 2 0,2103,459,False
__shared__,e712cdc7-682e-50b1-9b14-7c800145d47b,lecture:19220805d,book,Nationalökonomisches Seminar.,2040,458,False
__shared__,e76af08f-af3e-5189-a5d4-55b911ed9795,lecture:19200829b,book,Geisteswissenschaft als Erkenntnis der Grundimpulse sozialer Gestaltung,2068,472,False
__shared__,e76ce0ad-e648-53b8-a7ff-b02cfa40ffe5,d64fa532-6040-4fc2-9c43-ed4e5368bb92,book,Die Rätsel der Philosophie,1814,422,False
__shared__,e784bc6e-b5b8-5aee-b15f-476a1087c1e8,f78a79d5-8e8f-435e-bb58-ef6577312f57,book,Lucifer-Gnosis. Grundlegende Aufsätze zur Anthroposophie und Berichte aus,1818,441,False
__shared__,e787008d-3950-5333-85d7-9b170c41922f,lecture:19200319,book,Vom Einheitsstaat zum dreigliedrigen sozialen Organismus,1924,436,False
__shared__,e817f91d-b7b2-5a32-8dd7-96a3f6225041,c2a4e407-cdf7-4802-be84-010cc485ef00,book,Methodische Grundlagen der Anthroposophie,1831,434,False
__shared__,e81958ca-4291-5945-b312-36e8288de562,lecture:19191029,book,Soziale Zukunft,1888,406,False
__shared__,e825b500-fc6d-54a7-bdad-f9efc06737c4,7758c53c-72bd-41f1-ae51-843eb2a0f718,book,Various Interviews and Articles,2090,479,False
__shared__,e84ef7cc-105a-55c8-95d2-7ba0490ac357,lecture:19200609b,book,Soziale Ideen.,2173,465,False
__shared__,e8504a76-023d-5225-bcbf-ffbe881255ab,lecture:19190308,book,Die soziale Frage,2155,492,False
__shared__,e8794ace-982c-5429-903f-33ffc3723cdf,f3b36ec2-031d-4715-ad66-dfc7f43cc491,book,Cypherpunks,1804,440,False
__shared__,e8912d19-d66d-5375-b119-f107b4ee4831,lecture:19190616,book,Neugestaltung des sozialen Organismus,1683,401,False
__shared__,e8b0269e-4d76-59b7-813c-a68b9bce99aa,lecture:19200617,book,Fachwissenschaften und Anthroposophie,1814,431,False
__shared__,e8be33bf-e2fc-58f0-9d49-56ccc631e907,lecture:19220412a,book,Damit der Mensch ganz Mensch werde,2022,487,False
__shared__,e8c4b0fe-d7e7-5c19-b8d7-f4b479f41aec,f3b36ec2-031d-4715-ad66-dfc7f43cc491,book,Cypherpunks,1491,433,False
__shared__,e8ccca06-8d1a-5960-84a9-a0fc55b12938,lecture:19190901a,book,Allgemeine Menschenkunde als Grundlage der Pädagogik,1904,472,False
__shared__,e8eccdc8-9d13-5c4d-8b72-2ea3377537db,lecture:19190826c,book,Erziehungskunst. Seminarbesprechungen und Lehrplanvorträge,1830,417,False
__shared__,e9188af9-ab33-5cb8-b14f-e2e16af1e3d4,lecture:19210407a,book,Die befruchtende Wirkung der Anthroposophie auf die Fachwissenschaften,1775,408,False
__shared__,e931ecdc-0615-5650-b3f7-4c040c390b1a,lecture:19200623b,book,Soziale Ideen.,1913,448,False
__shared__,e95a21f3-8730-53a5-b183-9f4969f1c8b4,lecture:19190531,book,Neugestaltung des sozialen Organismus,2008,456,False
__shared__,e9613d69-3f70-535b-8a66-084ad7c80649,lecture:19190319,book,Die Befreiung des Menschenwesens als Grundlage für eine soziale Neugestaltung.,2073,468,False
__shared__,e97978cd-3007-5ce1-abaa-00c4a8dcedd7,lecture:19220802c,book,Nationalökonomischer Kurs.,2079,462,False
__shared__,e9ae6e12-593c-560e-b91b-7564242e3d9c,36371313-0400-4c90-9656-67d54052cf89,book,Julian Assange in his own words,1319,477,False
__shared__,e9b12e01-d7b0-56a9-b3de-1645e5b7f0d3,lecture:19190319,book,Die Befreiung des Menschenwesens als Grundlage für eine soziale Neugestaltung.,1844,418,False
__shared__,e9bfbf6b-6722-51cf-afb0-6957ee6177c4,lecture:19200608,book,Die Krisis der Gegenwart und der Weg zu gesundem Denken,1966,465,False
__shared__,e9c5ee8d-71ce-5150-9542-808112c54004,c2a4e407-cdf7-4802-be84-010cc485ef00,book,Methodische Grundlagen der Anthroposophie,1959,464,False
__shared__,e9f27173-5069-5985-b605-495f4738822d,lecture:19210404a,book,Die befruchtende Wirkung der Anthroposophie auf die Fachwissenschaften,1940,473,False
__shared__,e9fabb47-7ceb-50af-8a0b-214fee73ab5d,lecture:19211129a,book,Die Wirklichkeit der höheren Welten,1964,484,False
__shared__,e9fe9ccd-bf25-5e2c-81a6-34e20df1f77a,lecture:19210404a,book,Die befruchtende Wirkung der Anthroposophie auf die Fachwissenschaften,1916,461,False
__shared__,ea1ba82f-9b4f-5ce9-9366-3cb120568707,f8e6c475-a0e5-4081-b265-61a7536a183e,book,Die Kernpunkte der sozialen Frage,2255,476,False
__shared__,ea2ca2c4-24bb-5e01-8207-2cc40b1b4a79,3b38df84-e9bc-4e70-9032-d3fa65517cfd,book,Aufsätze über die Dreigliederung des sozialen Organismus und zur Zeitlage,2089,483,False
__shared__,ea328d36-b4a2-597e-ac9c-8ae90c112fc0,lecture:19191030,book,Soziale Zukunft,2173,494,False
__shared__,ea635aef-f5a4-5b30-b4f4-3c935345d5d1,36371313-0400-4c90-9656-67d54052cf89,book,Julian Assange in his own words,1443,442,False
__shared__,ea756214-b6a1-5849-8550-4a73c6896e6d,lecture:19191025,book,Soziale Zukunft,2165,483,False
__shared__,ea7b0540-b4b9-5cb2-a8da-d45c7a4363de,7758c53c-72bd-41f1-ae51-843eb2a0f718,book,Various Interviews and Articles,1661,422,False
__shared__,ea9e03ef-f1ef-5a63-ad26-f8898ce1875b,lecture:19200409b,book,Entsprechungen zwischen Mikrokosmos und Makrokosmos. Der Mensch — eine Hieroglyphe des Weltenalls.,2031,483,False
__shared__,eac3e739-4fe8-51d1-bde4-96f68b5b44a4,lecture:19200608,book,Die Krisis der Gegenwart und der Weg zu gesundem Denken,2034,464,False
__shared__,eb057cfa-ceb4-5bc8-b590-63b3d17eae29,lecture:19191026,book,Soziale Zukunft,1991,452,False
__shared__,eb1a5146-38f0-5225-9786-470083791c72,lecture:19211014a,book,Anthroposophie soziale Dreigliederung und Redekunst.,1931,436,False
__shared__,eb330be4-d94a-5640-a45e-45da82768e91,lecture:19190425,book,Neugestaltung des sozialen Organismus,2137,471,False
__shared__,eb730155-10f3-5e8c-8ef8-52370104f8e8,lecture:19201110,book,Die Krisis der Gegenwart und der Weg zu gesundem Denken,2062,488,False
__shared__,eb7f9ce7-5811-567b-8fcf-f16b31349a7d,36371313-0400-4c90-9656-67d54052cf89,book,Julian Assange in his own words,1484,447,False
__shared__,eb830841-3ce0-5df2-881a-4e6d70efae48,lecture:19200714,book,Soziale Ideen.,2095,469,False
__shared__,eb8df67e-a141-5768-9745-f1e73e3a0649,lecture:19200827,book,Geisteswissenschaft als Erkenntnis der Grundimpulse sozialer Gestaltung,1808,411,False
__shared__,eba2ce5f-1053-527a-9c76-cd58c6a8a0d7,lecture:19190829c,book,Erziehungskunst. Seminarbesprechungen und Lehrplanvorträge,1720,411,False
__shared__,eba88ec7-8f4a-5d20-812e-0e43e8b10cfe,lecture:19191030,book,Soziale Zukunft,1816,407,False
__shared__,ebe33ee9-2d2a-5322-ba9c-f4000a14cc4f,f287d43a-5108-4e0c-baa8-5e7d3badfef7,book,Gesammelte Aufsätze zur Kultur- und Zeitgeschichte,1936,429,False
__shared__,ec016df8-7991-58f2-8e5c-8cdac84c3a8f,lecture:19200906,book,Soziale Ideen.,2062,459,False
__shared__,ec292f5f-1c77-58e6-8448-e686bbfdaf6b,c2a4e407-cdf7-4802-be84-010cc485ef00,book,Methodische Grundlagen der Anthroposophie,1776,410,False
__shared__,ec34345d-7b52-5e62-ae85-0a3d1ca0e1e8,lecture:19210410a,book,Die befruchtende Wirkung der Anthroposophie auf die Fachwissenschaften,2013,438,False
__shared__,ec433521-a82b-5625-a54f-57b15101067d,lecture:19190319,book,Die Befreiung des Menschenwesens als Grundlage für eine soziale Neugestaltung.,2003,437,False
__shared__,eccc4518-4028-5348-9542-42599b91f09d,lecture:19200911,book,Geisteswissenschaft als Erkenntnis der Grundimpulse sozialer Gestaltung,2062,454,False
__shared__,eccf7b23-1d62-523c-a949-f1ca5364de70,lecture:19190402,book,Die Befreiung des Menschenwesens als Grundlage für eine soziale Neugestaltung.,1778,407,False
__shared__,ece7f3d9-a680-57e1-8d6e-41319a969446,lecture:19200319,book,Vom Einheitsstaat zum dreigliedrigen sozialen Organismus,2114,442,False
__shared__,ecfbc8ba-bc07-5c0c-abe8-fd464667a201,lecture:19211128,book,Die Wirklichkeit der höheren Welten,1902,467,False
__shared__,ed153577-f403-56ed-93f4-8fbe65d17b53,lecture:19200807,book,Geisteswissenschaft als Erkenntnis der Grundimpulse sozialer Gestaltung,1904,447,False
__shared__,ed180e3f-5fef-5dab-9942-6d8766a43d94,lecture:19211016a,book,Anthroposophie soziale Dreigliederung und Redekunst.,1678,403,False
__shared__,ed3093f2-8ff7-5aa6-963a-7bea843d49d4,3b38df84-e9bc-4e70-9032-d3fa65517cfd,book,Aufsätze über die Dreigliederung des sozialen Organismus und zur Zeitlage,2116,450,False
__shared__,ed4ff598-f88f-534c-a7e1-319d9eb4756c,lecture:19200505b,book,Vom Einheitsstaat zum dreigliedrigen sozialen Organismus,1767,412,False
__shared__,ed527ba3-a249-5ce4-bcf8-d93d8978e88e,lecture:19211125,book,Die Wirklichkeit der höheren Welten,2026,455,False
__shared__,ed61dcd7-855b-516b-805f-e9a7f3ba94ec,908fc041-096e-4440-8593-b3267b712bf5,book,Die Wahrheit als Gesamtumfang aller Weltansichten,1967,465,False
__shared__,ed765452-5ff6-563f-9415-5764836200dc,lecture:19200425b,book,Entsprechungen zwischen Mikrokosmos und Makrokosmos. Der Mensch — eine Hieroglyphe des Weltenalls.,2077,512,False
__shared__,edc97a7a-ef62-5c33-9a1f-28c64fecc979,lecture:19211129a,book,Die Wirklichkeit der höheren Welten,1642,411,False
__shared__,eddfbd39-0817-56a7-b785-374ddc14d757,lecture:19211202,book,Die Wirklichkeit der höheren Welten,2032,463,False
__shared__,ee04586c-0c15-57a2-8709-7ba059d678f2,lecture:19190619,book,Neugestaltung des sozialen Organismus,2142,504,False
__shared__,ee2867a2-9d9c-53e9-8793-f5f426123d2f,d64fa532-6040-4fc2-9c43-ed4e5368bb92,book,Die Rätsel der Philosophie,1769,422,False
__shared__,ee2cc5a1-5ea0-559b-972c-395c673d0ca9,0c20163d-b14e-4750-988b-3b58c0fa3126,book,Code Version 2 0,1802,413,False
__shared__,ee2d5f12-dfea-598e-bb7e-77deeba8d42d,lecture:19211126,book,Die Wirklichkeit der höheren Welten,1730,425,False
__shared__,ee44a2f7-ab13-5415-985a-c8e2d3bc9d48,f8e6c475-a0e5-4081-b265-61a7536a183e,book,Die Kernpunkte der sozialen Frage,2174,457,False
__shared__,ee4e2902-5d58-50f6-ab70-c4030f697e6b,f78a79d5-8e8f-435e-bb58-ef6577312f57,book,Lucifer-Gnosis. Grundlegende Aufsätze zur Anthroposophie und Berichte aus,1678,449,False
__shared__,ee7111ea-1faf-5401-925b-a7cf4c9fb896,c2a4e407-cdf7-4802-be84-010cc485ef00,book,Methodische Grundlagen der Anthroposophie,1886,463,False
__shared__,ee81407f-050c-5653-ae35-cdf14bb8c0e3,7758c53c-72bd-41f1-ae51-843eb2a0f718,book,Various Interviews and Articles,1825,481,False
__shared__,ee8b8628-3d15-55e3-b673-116165b15ef9,123ef8cb-a442-4bbc-9570-e8681dd67f9f,book,Rebel Code,1563,409,False
__shared__,ee922592-0ef5-5713-b8d7-ee16fe18d41a,lecture:19210407a,book,Die befruchtende Wirkung der Anthroposophie auf die Fachwissenschaften,2073,503,False
__shared__,ee9e8b6d-69ce-55c5-be02-709af529df19,lecture:19200616,book,Soziale Ideen.,2127,466,False
__shared__,eeac9aa4-cbba-5fac-bd19-9b125b1792fc,lecture:19200617,book,Fachwissenschaften und Anthroposophie,2056,498,False
__shared__,eeb6ed61-a1c0-57c9-bb8b-4d766bb11bda,lecture:19200609b,book,Soziale Ideen.,2051,483,False
__shared__,eed380ae-ad95-5078-a45f-833c514c7a07,lecture:19220727b,book,Nationalökonomischer Kurs.,1968,445,False
__shared__,eee0e335-0f4a-54a4-ac6b-d8fc14ad15d2,4b8e4c2a-3f1b-4d2e-9c4a-8e4f4b2c3a1d,book,Die Philosophie der Freiheit,1738,409,False
__shared__,eee94e17-8fab-5252-ab69-e9d8bb49fe7d,c2a4e407-cdf7-4802-be84-010cc485ef00,book,Methodische Grundlagen der Anthroposophie,1876,488,False
__shared__,eefb381e-bad5-55bc-b2aa-e2f7eef9089a,lecture:19220411,book,Damit der Mensch ganz Mensch werde,2084,470,False
__shared__,ef49a236-9a06-510a-a7c3-651be525b7fe,f287d43a-5108-4e0c-baa8-5e7d3badfef7,book,Gesammelte Aufsätze zur Kultur- und Zeitgeschichte,1904,479,False
__shared__,ef81fc20-37ed-5cc2-b3a0-5a99f3df72f8,36371313-0400-4c90-9656-67d54052cf89,book,Julian Assange in his own words,1803,416,False
__shared__,efa4f2c1-7bec-510f-b167-0c7890a3a934,f287d43a-5108-4e0c-baa8-5e7d3badfef7,book,Gesammelte Aufsätze zur Kultur- und Zeitgeschichte,1718,446,False
__shared__,efd7f0b1-4b28-5eeb-b7c4-869704f8e872,123ef8cb-a442-4bbc-9570-e8681dd67f9f,book,Rebel Code,1671,404,False
__shared__,eff32b43-f1df-50f0-8cd6-158f111a8fe8,c2a4e407-cdf7-4802-be84-010cc485ef00,book,Methodische Grundlagen der Anthroposophie,1753,408,False
__shared__,f00118a5-3b3b-50c5-935a-891b7b518f45,lecture:19200319,book,Vom Einheitsstaat zum dreigliedrigen sozialen Organismus,1991,455,False
__shared__,f01b8eb7-b85d-58cb-8127-0339f95c179d,lecture:19220801b,book,Nationalökonomischer Kurs.,2216,493,False
__shared__,f02a39e5-956c-5b12-a6a6-a97b1f8e89f5,lecture:19200325b,book,Fachwissenschaften und Anthroposophie,1791,431,False
__shared__,f0341d5e-4df1-5edd-b8ea-a7b5a10d9554,lecture:19190827b,book,Erziehungskunst. Methodisch-Didaktisches,2316,511,False
__shared__,f04f762d-8f36-57f5-b40e-68757fa98b2b,7758c53c-72bd-41f1-ae51-843eb2a0f718,book,Various Interviews and Articles,2133,470,False
__shared__,f09de075-0828-5cb5-a277-a57e3fc91245,lecture:19200728,book,Soziale Ideen.,2069,472,False
__shared__,f0b544d0-8c4a-550b-b48a-7b9ebe0303c3,c2a4e407-cdf7-4802-be84-010cc485ef00,book,Methodische Grundlagen der Anthroposophie,1934,444,False
__shared__,f0e614ba-7210-5334-b10b-9b6f5b0a6a1e,lecture:19210404a,book,Die befruchtende Wirkung der Anthroposophie auf die Fachwissenschaften,1793,438,False
__shared__,f0edc629-5746-52b9-91f1-8237d2fa19d5,lecture:19190402,book,Die Befreiung des Menschenwesens als Grundlage für eine soziale Neugestaltung.,2219,504,False
__shared__,f0fa5f1d-c9b3-5797-b56e-6ee625eff41c,d64fa532-6040-4fc2-9c43-ed4e5368bb92,book,Die Rätsel der Philosophie,1748,424,False
__shared__,f129ea58-65e3-5b74-ba37-a5973e2263ef,lecture:19200502b,book,Entsprechungen zwischen Mikrokosmos und Makrokosmos. Der Mensch — eine Hieroglyphe des Weltenalls.,2016,469,False
__shared__,f146a940-bb65-5041-94cf-706dc2bdd469,f287d43a-5108-4e0c-baa8-5e7d3badfef7,book,Gesammelte Aufsätze zur Kultur- und Zeitgeschichte,2007,445,False
__shared__,f1630f57-5e84-590d-aeab-260573fb1ae3,lecture:19190503,book,Neugestaltung des sozialen Organismus,2148,466,False
__shared__,f1721a79-94ad-5315-96c8-9aca6bbb01f6,lecture:19200821,book,Geisteswissenschaft als Erkenntnis der Grundimpulse sozialer Gestaltung,1983,460,False
__shared__,f1796790-0825-5aaa-8211-e5646471f671,64e881df-0501-4815-9b0c-6cf545c383b6,book,Goethes Weltanschauung,1931,456,False
__shared__,f19693d3-6e6a-5585-b1a4-8f3994dd775d,lecture:19201012,book,Soziale Ideen.,1906,449,False
__shared__,f19d08ec-c018-5f16-bdeb-8a53fa45cc44,lecture:19190730,book,Soziale Ideen.,1857,434,False
__shared__,f19f2dcd-3784-5484-aecf-bfc6bd48abae,908fc041-096e-4440-8593-b3267b712bf5,book,Die Wahrheit als Gesamtumfang aller Weltansichten,1954,470,False
__shared__,f1a9482f-16c4-5990-a55f-306d22837b6f,4c09f3d5-3f5c-42b7-beba-f12fc46594bc,book,Free Software Free Society,1732,422,False
__shared__,f1bf908f-096f-591e-8634-f8ac4e9c990e,lecture:19200407b,book,Fachwissenschaften und Anthroposophie,2040,439,False
__shared__,f1c756e3-fe24-5119-99ae-42527347057d,lecture:19211126,book,Die Wirklichkeit der höheren Welten,1799,421,False
__shared__,f1df8e7f-609a-52b4-9f63-007bee378503,f287d43a-5108-4e0c-baa8-5e7d3badfef7,book,Gesammelte Aufsätze zur Kultur- und Zeitgeschichte,1985,446,False
__shared__,f1e7ebaa-449b-5913-b2f8-a0ed9574431e,f78a79d5-8e8f-435e-bb58-ef6577312f57,book,Lucifer-Gnosis. Grundlegende Aufsätze zur Anthroposophie und Berichte aus,1749,430,False
__shared__,f2302b9a-5840-5ced-8ff5-e6edc4a71b45,44217040-65bf-4150-9fa8-bac9c57cd1b1,book,Grundlinien einer Erkenntnistheorie der Goetheschen Weltanschauung,1999,479,False
__shared__,f2338cd5-717a-5bea-a943-13f7f62aeea1,lecture:19210405a,book,Die befruchtende Wirkung der Anthroposophie auf die Fachwissenschaften,2185,508,False
__shared__,f254f60f-4703-5839-8ba7-47cff342b06d,lecture:19190904a,book,Allgemeine Menschenkunde als Grundlage der Pädagogik,2006,494,False
__shared__,f26e6bd4-eb7e-58bd-b33a-9296c94fad3f,f78a79d5-8e8f-435e-bb58-ef6577312f57,book,Lucifer-Gnosis. Grundlegende Aufsätze zur Anthroposophie und Berichte aus,1790,406,False
__shared__,f2874f64-ee90-595d-96f5-56a3e5e3caaa,c2a4e407-cdf7-4802-be84-010cc485ef00,book,Methodische Grundlagen der Anthroposophie,1686,416,False
__shared__,f2c2adb2-6977-5079-b8c6-671e23d57a91,47b137d3-f414-406f-b142-ed72c7e8989c,book,Einleitungen zu Goethes Naturwissenschaftlichen Schriften,1640,421,False
__shared__,f2d0e771-5ee3-5617-a5c0-b33ba1621c8b,lecture:19190308,book,Die soziale Frage,2328,494,False
__shared__,f2f59df0-302b-5648-becb-8d129e5dde40,lecture:19140123c,book,Der menschliche und der kosmische Gedanke,1866,422,False
__shared__,f2f5b3ef-687c-5413-8472-d999494a9310,lecture:19211201,book,Die Wirklichkeit der höheren Welten,2070,473,False
__shared__,f302390a-d6eb-5a54-aaec-25bc6ccf6616,f3b36ec2-031d-4715-ad66-dfc7f43cc491,book,Cypherpunks,1492,436,False
__shared__,f355b469-4b81-5cd6-82af-30833cf8c9b2,c2a4e407-cdf7-4802-be84-010cc485ef00,book,Methodische Grundlagen der Anthroposophie,1649,414,False
__shared__,f36708af-f1d0-5684-967e-474f7cffa8f5,d64fa532-6040-4fc2-9c43-ed4e5368bb92,book,Die Rätsel der Philosophie,1688,408,False
__shared__,f36d283f-aaf2-53bf-96f2-769be35f7ce4,f78a79d5-8e8f-435e-bb58-ef6577312f57,book,Lucifer-Gnosis. Grundlegende Aufsätze zur Anthroposophie und Berichte aus,2083,476,False
__shared__,f3712dce-8be3-549e-b6b4-98d037988c19,f3b36ec2-031d-4715-ad66-dfc7f43cc491,book,Cypherpunks,1455,410,False
__shared__,f3cc55af-24fc-5b2b-aa06-f0d213369c42,lecture:19200107,book,Vom Einheitsstaat zum dreigliedrigen sozialen Organismus,2094,470,False
__shared__,f3f380be-b419-5fd3-a276-be4b632f7042,lecture:19210902a,book,Fachwissenschaften und Anthroposophie,1923,438,False
__shared__,f4494bb2-0992-5a0a-b153-9380c541c06f,lecture:19200515b,book,Entsprechungen zwischen Mikrokosmos und Makrokosmos. Der Mensch — eine Hieroglyphe des Weltenalls.,1700,413,False
__shared__,f452d4ee-6a6b-5ac5-8ce2-f088ebe588bc,lecture:19190513,book,Neugestaltung des sozialen Organismus,1946,436,False
__shared__,f45b9fcc-2154-5ccc-883d-7e570d15ac34,f78a79d5-8e8f-435e-bb58-ef6577312f57,book,Lucifer-Gnosis. Grundlegende Aufsätze zur Anthroposophie und Berichte aus,2091,459,False
__shared__,f46462d4-5f0b-5658-9a31-4cbf5cc82bd6,lecture:19190616,book,Neugestaltung des sozialen Organismus,2133,477,False
__shared__,f46ab694-1730-5523-8d5c-151faa95b8bf,lecture:19191106,book,Die Befreiung des Menschenwesens als Grundlage für eine soziale Neugestaltung.,2007,468,False
__shared__,f48080a7-b332-557f-a614-916ac8128141,4b8e4c2a-3f1b-4d2e-9c4a-8e4f4b2c3a1d,book,Die Philosophie der Freiheit,2153,509,False
__shared__,f489ad7f-de0a-5524-b11b-94c9502a8bfc,64e881df-0501-4815-9b0c-6cf545c383b6,book,Goethes Weltanschauung,2120,484,False
__shared__,f4959d0c-9615-53b0-a49c-7e6365c1d177,lecture:19211129a,book,Die Wirklichkeit der höheren Welten,1726,411,False
__shared__,f4a3442a-6113-51b4-9c94-202e1913f6f2,f8e6c475-a0e5-4081-b265-61a7536a183e,book,Die Kernpunkte der sozialen Frage,1790,470,False
__shared__,f4b1a462-a0da-59e7-ad06-99710397fc24,123ef8cb-a442-4bbc-9570-e8681dd67f9f,book,Rebel Code,1857,447,False
__shared__,f4b34af7-31c6-5f7a-aec8-f8793a96aea9,lecture:19190503,book,Neugestaltung des sozialen Organismus,1867,477,False
__shared__,f4d2f0c3-446d-5375-ab5b-cda6d9f3f2fa,lecture:19190409,book,Die Befreiung des Menschenwesens als Grundlage für eine soziale Neugestaltung.,2304,480,False
__shared__,f4dfb26e-bac2-5770-9a0c-46dff4db6f8f,c2a4e407-cdf7-4802-be84-010cc485ef00,book,Methodische Grundlagen der Anthroposophie,1693,417,False
__shared__,f4ecd30b-2582-5c73-93c3-1b545cb83a2a,lecture:19140123c,book,Der menschliche und der kosmische Gedanke,1834,423,False
__shared__,f500e58f-cfa5-53f4-a77b-423f69d2e852,lecture:19190528,book,Betriebsräte und Sozialisierung,2040,446,False
__shared__,f5032be9-4345-5d6b-b99f-65412a46fa30,4c09f3d5-3f5c-42b7-beba-f12fc46594bc,book,Free Software Free Society,1753,402,False
__shared__,f512bd60-451d-534d-adc8-7660ed1e3c51,47b137d3-f414-406f-b142-ed72c7e8989c,book,Einleitungen zu Goethes Naturwissenschaftlichen Schriften,1911,451,False
__shared__,f5277833-58eb-52ce-b607-2d20afa5a8de,lecture:19191026,book,Soziale Zukunft,2100,460,False
__shared__,f53fcdd6-d036-58f9-bef3-f2f05e17c3da,123ef8cb-a442-4bbc-9570-e8681dd67f9f,book,Rebel Code,1602,415,False
__shared__,f55330cf-e443-5a19-9293-837827bd44e0,f78a79d5-8e8f-435e-bb58-ef6577312f57,book,Lucifer-Gnosis. Grundlegende Aufsätze zur Anthroposophie und Berichte aus,1851,493,False
__shared__,f553ab17-785e-515f-99f3-fc66d5b44c9f,lecture:19200827,book,Geisteswissenschaft als Erkenntnis der Grundimpulse sozialer Gestaltung,2266,512,False
__shared__,f5774038-9c2a-5fdb-b955-23cc9ecc5586,lecture:19190717,book,Betriebsräte und Sozialisierung,1992,458,False
__shared__,f57b86bc-e9c3-53bb-b5b3-5a8aec4e339d,lecture:19210407a,book,Die befruchtende Wirkung der Anthroposophie auf die Fachwissenschaften,1717,427,False
__shared__,f58d0cd6-36b0-5c1c-b7fb-9ace03c598d0,lecture:19190619,book,Neugestaltung des sozialen Organismus,2155,475,False
__shared__,f5a2dd2b-59fc-5d87-80c5-9801626840a0,lecture:19140123c,book,Der menschliche und der kosmische Gedanke,1832,429,False
__shared__,f5a7fbfd-daf6-5693-96ac-f755240baf3d,c2a4e407-cdf7-4802-be84-010cc485ef00,book,Methodische Grundlagen der Anthroposophie,2070,479,False
__shared__,f5d9af4c-8b4d-530f-b7af-62dc88c232c8,lecture:19190717,book,Betriebsräte und Sozialisierung,2041,478,False
__shared__,f5eb383f-edf1-529d-90b4-983d4eb49fab,lecture:19200617,book,Fachwissenschaften und Anthroposophie,2061,454,False
__shared__,f5f92454-9130-54b9-861a-9eb27c461d7d,lecture:19200809,book,Soziale Ideen.,1867,408,False
__shared__,f63e266d-ed79-535f-8830-ca914e7305b4,64e881df-0501-4815-9b0c-6cf545c383b6,book,Goethes Weltanschauung,1641,417,False
__shared__,f64bb9f0-99e8-54ac-a840-ffe30266f7e4,lecture:19190409,book,Die Befreiung des Menschenwesens als Grundlage für eine soziale Neugestaltung.,2258,512,False
__shared__,f67815f7-46da-5934-ab9f-3d129b2fc25a,e58f6369-f7a7-4213-845f-c5b9bf82ffe5,book,Wahrheit und Wissenschaft,1822,505,False
__shared__,f6b7bbf1-f2c2-57e2-b912-47ce9835b485,3b38df84-e9bc-4e70-9032-d3fa65517cfd,book,Aufsätze über die Dreigliederung des sozialen Organismus und zur Zeitlage,2167,481,False
__shared__,f6b8511b-3d05-54a1-b091-4928a6c74c8f,lecture:19200106,book,Vom Einheitsstaat zum dreigliedrigen sozialen Organismus,2045,449,False
__shared__,f6c2f1e5-c370-56d3-9e4e-a5b658ca8e06,lecture:19200616,book,Soziale Ideen.,2005,453,False
__shared__,f6e577c0-e2e8-5444-8391-3395f7ce40eb,lecture:19191030,book,Soziale Zukunft,2034,469,False
__shared__,f6e83fd3-66b4-5a49-b725-499d54e5fdb3,lecture:19211129a,book,Die Wirklichkeit der höheren Welten,1983,462,False
__shared__,f6f7bea8-60b4-5797-8a5d-a34fe25b5997,f78a79d5-8e8f-435e-bb58-ef6577312f57,book,Lucifer-Gnosis. Grundlegende Aufsätze zur Anthroposophie und Berichte aus,1704,407,False
__shared__,f70dfd16-c573-5912-8e02-d488f2a65951,3b38df84-e9bc-4e70-9032-d3fa65517cfd,book,Aufsätze über die Dreigliederung des sozialen Organismus und zur Zeitlage,2069,491,False
__shared__,f71fb2d9-7054-5ffc-9ef9-e3bb4eaa6540,lecture:19200729b,book,Die Krisis der Gegenwart und der Weg zu gesundem Denken,2099,487,False
__shared__,f72c94f1-48c0-5821-8531-86187024a123,36371313-0400-4c90-9656-67d54052cf89,book,Julian Assange in his own words,1297,445,False
__shared__,f7501917-319e-5370-ba5f-76d902416cd6,f287d43a-5108-4e0c-baa8-5e7d3badfef7,book,Gesammelte Aufsätze zur Kultur- und Zeitgeschichte,1835,436,False
__shared__,f77c0396-fa42-5c2d-9e4d-0155e90d8acd,lecture:19211130,book,Die Wirklichkeit der höheren Welten,1998,455,False
__shared__,f7a64749-a1f2-5f31-8a7e-b5bcf0fa0486,lecture:19200401b,book,Fachwissenschaften und Anthroposophie,2081,487,False
__shared__,f7b7e820-a914-5744-bf6e-e54d1008f32b,lecture:19211201,book,Die Wirklichkeit der höheren Welten,2094,472,False
__shared__,f7de99f8-c943-5430-b58a-df795a520ac7,lecture:19200615,book,Die Krisis der Gegenwart und der Weg zu gesundem Denken,1818,426,False
__shared__,f7e5cc00-2774-524f-ba18-3026734e2071,f3b36ec2-031d-4715-ad66-dfc7f43cc491,book,Cypherpunks,1773,406,False
__shared__,f7f25d96-d809-5255-a5db-917fa3fd8770,d64fa532-6040-4fc2-9c43-ed4e5368bb92,book,Die Rätsel der Philosophie,1953,470,False
__shared__,f832c2f0-c0be-5cd6-ac73-b35acb4a19e3,lecture:19200920,book,Die Krisis der Gegenwart und der Weg zu gesundem Denken,2319,509,False
__shared__,f868331c-96b9-5786-ab31-087d6330d02b,d64fa532-6040-4fc2-9c43-ed4e5368bb92,book,Die Rätsel der Philosophie,1979,498,False
__shared__,f8bbc2b9-6ef4-5e09-8cbe-aeb893ec95f9,c2a4e407-cdf7-4802-be84-010cc485ef00,book,Methodische Grundlagen der Anthroposophie,2036,496,False
__shared__,f8ca5b13-b9f1-517e-993c-b0bda5fcfa7f,f8e6c475-a0e5-4081-b265-61a7536a183e,book,Die Kernpunkte der sozialen Frage,2174,482,False
__shared__,f8cf5fb7-d70f-5ada-9fb8-623b457fb039,lecture:19190905a,book,Allgemeine Menschenkunde als Grundlage der Pädagogik,1856,480,False
__shared__,f8d81371-0a61-5e06-8d90-aa1a404e835c,908fc041-096e-4440-8593-b3267b712bf5,book,Die Wahrheit als Gesamtumfang aller Weltansichten,1934,487,False
__shared__,f8db638d-6b2c-5013-a8b6-8272ec6fa35e,lecture:19190822a,book,Allgemeine Menschenkunde als Grundlage der Pädagogik,1734,420,False
__shared__,f8df660c-2fe3-59e5-a030-0a71f31f48a7,47b137d3-f414-406f-b142-ed72c7e8989c,book,Einleitungen zu Goethes Naturwissenschaftlichen Schriften,1619,428,False
__shared__,f8eccb1c-bbad-5a9f-957f-325808b68a52,3b38df84-e9bc-4e70-9032-d3fa65517cfd,book,Aufsätze über die Dreigliederung des sozialen Organismus und zur Zeitlage,1843,426,False
__shared__,f8f7e7ed-aedb-5fe2-94d7-d5f6f3eaded2,lecture:19190829b,book,Erziehungskunst. Methodisch-Didaktisches,1822,437,False
__shared__,f9005803-a1bf-53a1-a3cc-33162cf09797,lecture:19200317,book,Vom Einheitsstaat zum dreigliedrigen sozialen Organismus,1808,416,False
__shared__,f90ed330-5d37-501d-bce7-7dc901967bc1,lecture:19201011,book,Soziale Ideen.,2058,414,False
__shared__,f927a1f0-6f54-5c8d-8900-d01c43c6230d,lecture:19201012,book,Soziale Ideen.,1944,448,False
__shared__,f9405f0b-241c-5453-9bb8-fcb342092b50,7758c53c-72bd-41f1-ae51-843eb2a0f718,book,Various Interviews and Articles,1967,454,False
__shared__,f96eb0ce-e420-56e4-aa2d-dc141cee241d,f287d43a-5108-4e0c-baa8-5e7d3badfef7,book,Gesammelte Aufsätze zur Kultur- und Zeitgeschichte,1482,437,False
__shared__,f9afd8cf-2f7c-5b6a-8ee2-7f179587560f,lecture:19200304b,book,Die Krisis der Gegenwart und der Weg zu gesundem Denken,1730,403,False
__shared__,f9c36590-feac-5825-86d0-a1001a0410a3,123ef8cb-a442-4bbc-9570-e8681dd67f9f,book,Rebel Code,1626,406,False
__shared__,fa0bed22-d07e-5b4e-87de-50c23e2230ad,lecture:19200610b,book,Die Krisis der Gegenwart und der Weg zu gesundem Denken,1729,414,False
__shared__,fa11cdfe-9b04-56b9-b903-3620368bd2bd,lecture:19200920,book,Die Krisis der Gegenwart und der Weg zu gesundem Denken,2144,472,False
__shared__,fa20473a-2d97-5d0c-a09f-1b6b5ddc756f,e58f6369-f7a7-4213-845f-c5b9bf82ffe5,book,Wahrheit und Wissenschaft,1735,423,False
__shared__,fa43216b-f900-5876-926f-2381655c1bab,f287d43a-5108-4e0c-baa8-5e7d3badfef7,book,Gesammelte Aufsätze zur Kultur- und Zeitgeschichte,1897,429,False
__shared__,fa4ab0bc-fe26-5acf-ae97-5617654fe974,f3b36ec2-031d-4715-ad66-dfc7f43cc491,book,Cypherpunks,2247,485,False
__shared__,fa723a5e-8fe1-5c68-8dec-6d5195ee1c50,lecture:19220805c,book,Nationalökonomischer Kurs.,2188,465,False
__shared__,fad6b405-bb5f-5d1f-b2ec-a2fcde623506,lecture:19201110,book,Die Krisis der Gegenwart und der Weg zu gesundem Denken,1960,453,False
__shared__,fadd9037-1e56-58ea-a7aa-b0022acb71f4,lecture:19200324b,book,Fachwissenschaften und Anthroposophie,2185,469,False
__shared__,faea9cd4-848f-54ca-b334-315a452581ef,d64fa532-6040-4fc2-9c43-ed4e5368bb92,book,Die Rätsel der Philosophie,1832,488,False
__shared__,fafe3001-e45b-5b9e-bd79-d2bd69f584b0,e58f6369-f7a7-4213-845f-c5b9bf82ffe5,book,Wahrheit und Wissenschaft,1919,439,False
__shared__,fb0c3336-7942-5ece-b13a-a3e370baad49,lecture:19220407,book,Damit der Mensch ganz Mensch werde,1867,435,False
__shared__,fb295f47-c8c7-5a04-87e3-c8cc587cdaaf,lecture:19211015a,book,Anthroposophie soziale Dreigliederung und Redekunst.,1834,461,False
__shared__,fb46cd83-4c9c-5f0e-9c04-1bb6144e361a,e58f6369-f7a7-4213-845f-c5b9bf82ffe5,book,Wahrheit und Wissenschaft,1673,408,False
__shared__,fb62799a-e8d8-560b-bde6-095730bb0bcb,lecture:19190730,book,Soziale Ideen.,1828,419,False
__shared__,fb6b41dc-1009-5464-bd3b-1e47a41c9834,0c20163d-b14e-4750-988b-3b58c0fa3126,book,Code Version 2 0,1752,405,False
__shared__,fb6b7eae-93be-5881-a461-0d88ba452649,lecture:19211128,book,Die Wirklichkeit der höheren Welten,2032,485,False
__shared__,fb726c04-4d4f-51e5-8ac7-7afd3545275f,lecture:19201010a,book,Soziale Ideen.,2112,464,False
__shared__,fb8e3879-7869-54e9-8a0c-76c583741a44,lecture:19190827b,book,Erziehungskunst. Methodisch-Didaktisches,1779,424,False
__shared__,fb9ed0e6-d2dc-5e1c-9fd0-1c06c06488f5,f287d43a-5108-4e0c-baa8-5e7d3badfef7,book,Gesammelte Aufsätze zur Kultur- und Zeitgeschichte,1836,475,False
__shared__,fbc09504-28db-546a-9f7a-6dba6ded14ba,lecture:19200327c,book,Fachwissenschaften und Anthroposophie,1996,471,False
__shared__,fbeaf11d-5369-5c58-86d9-624dfb287ab7,lecture:19190508,book,Betriebsräte und Sozialisierung,2042,442,False
__shared__,fc379522-4030-58c8-ae2a-1ce05677211c,d64fa532-6040-4fc2-9c43-ed4e5368bb92,book,Die Rätsel der Philosophie,1838,440,False
__shared__,fc40badc-f5d1-5cd8-856a-c6dbcec11263,f3b36ec2-031d-4715-ad66-dfc7f43cc491,book,Cypherpunks,1472,409,False
__shared__,fc514b47-b85a-57ca-8e38-3cee29e2228c,lecture:19211014a,book,Anthroposophie soziale Dreigliederung und Redekunst.,1905,475,False
__shared__,fc66052e-b764-587c-8520-4f479cc94a32,3b38df84-e9bc-4e70-9032-d3fa65517cfd,book,Aufsätze über die Dreigliederung des sozialen Organismus und zur Zeitlage,2353,493,False
__shared__,fc6ed727-77f8-5877-8d78-6a7478e6b3c9,lecture:19200610b,book,Die Krisis der Gegenwart und der Weg zu gesundem Denken,2058,451,False
__shared__,fc7ba374-7a45-5824-ad7b-dbe7b39e1dd8,lecture:19200310b,book,Die Krisis der Gegenwart und der Weg zu gesundem Denken,2088,455,False
__shared__,fc7faaf9-7368-59d4-b05e-60edf4298430,47b137d3-f414-406f-b142-ed72c7e8989c,book,Einleitungen zu Goethes Naturwissenschaftlichen Schriften,1785,478,False
__shared__,fcb3e851-021a-57ec-8149-4c645b058e84,lecture:19210407a,book,Die befruchtende Wirkung der Anthroposophie auf die Fachwissenschaften,2123,486,False
__shared__,fcbcbc2c-cfbb-5895-9866-c5103f21fcc9,lecture:19210115b,book,Fachwissenschaften und Anthroposophie,1909,421,False
__shared__,fcbd8748-0689-57f3-8645-e635bdf5b76e,lecture:19191014,book,Die Befreiung des Menschenwesens als Grundlage für eine soziale Neugestaltung.,1804,411,False
__shared__,fcc955da-507a-5d3e-9603-fc50b7e1228a,lecture:19200806,book,Geisteswissenschaft als Erkenntnis der Grundimpulse sozialer Gestaltung,1870,469,False
__shared__,fd1c04b2-a090-571c-961a-68031c21ab65,lecture:19190827b,book,Erziehungskunst. Methodisch-Didaktisches,2032,492,False
__shared__,fd3bbe7d-104b-50c1-b5b3-0c41eff22336,lecture:19191029,book,Soziale Zukunft,1907,434,False
__shared__,fd415d93-5b1d-559e-bbb4-fe3d29c2b8ec,lecture:19200501b,book,Entsprechungen zwischen Mikrokosmos und Makrokosmos. Der Mensch — eine Hieroglyphe des Weltenalls.,2239,503,False
__shared__,fd4d5d40-3241-5f01-88e9-127941906f7c,lecture:19190605,book,Betriebsräte und Sozialisierung,1714,404,False
__shared__,fd65045c-1d3e-531c-bd46-9c443817fdf8,d64fa532-6040-4fc2-9c43-ed4e5368bb92,book,Die Rätsel der Philosophie,1681,404,False
__shared__,fdbe58a2-48a5-57ab-b1bd-1ed571cf98f5,908fc041-096e-4440-8593-b3267b712bf5,book,Die Wahrheit als Gesamtumfang aller Weltansichten,2026,487,False
__shared__,fdce87c3-7a96-59d2-9a9c-2e7840c92c46,3b38df84-e9bc-4e70-9032-d3fa65517cfd,book,Aufsätze über die Dreigliederung des sozialen Organismus und zur Zeitlage,2027,444,False
__shared__,fdd85804-9c2b-5b12-a373-3845d62f450b,lecture:19190317,book,Die Befreiung des Menschenwesens als Grundlage für eine soziale Neugestaltung.,1931,449,False
__shared__,fde2ea0c-6a70-53e0-87a7-78113e1040ed,lecture:19200918,book,Geisteswissenschaft als Erkenntnis der Grundimpulse sozialer Gestaltung,1880,464,False
__shared__,fe1ad57f-6c17-5a77-b513-43c8b9c8a79b,lecture:19190409,book,Die Befreiung des Menschenwesens als Grundlage für eine soziale Neugestaltung.,2188,508,False
__shared__,fe38b84c-6b2a-5d82-b96d-25a0d30db080,lecture:19190308,book,Die soziale Frage,2048,480,False
__shared__,fe5e7200-35fe-531a-a457-6764c1ea16e0,e58f6369-f7a7-4213-845f-c5b9bf82ffe5,book,Wahrheit und Wissenschaft,1980,502,False
__shared__,fe62c3ad-3e0f-51d7-85bf-35358378c1a0,44217040-65bf-4150-9fa8-bac9c57cd1b1,book,Grundlinien einer Erkenntnistheorie der Goetheschen Weltanschauung,2015,470,False
__shared__,feb19a6c-e56c-529a-a45e-f52f237ced7b,f78a79d5-8e8f-435e-bb58-ef6577312f57,book,Lucifer-Gnosis. Grundlegende Aufsätze zur Anthroposophie und Berichte aus,1640,404,False
__shared__,fec6cc63-6d35-51f7-98ea-813aebd049ad,lecture:19200302b,book,Die Krisis der Gegenwart und der Weg zu gesundem Denken,2147,507,False
__shared__,fedc26d5-0044-5d01-9900-1c1da7916e86,lecture:19200911,book,Geisteswissenschaft als Erkenntnis der Grundimpulse sozialer Gestaltung,1845,448,False
__shared__,fee5e4a4-11e0-5798-af8d-195e515de73c,lecture:19200511b,book,Fachwissenschaften und Anthroposophie,1892,433,False
__shared__,ff0e5eae-95ab-51bc-a326-3de869e3c3bb,lecture:19190203,book,Die soziale Frage,2022,451,False
__shared__,ff182db3-1c32-5207-a54e-47b00cdfa7a4,f287d43a-5108-4e0c-baa8-5e7d3badfef7,book,Gesammelte Aufsätze zur Kultur- und Zeitgeschichte,1833,434,False
__shared__,ff2d88b2-b469-5764-8154-3bc7b7d10a41,lecture:19200516b,book,Entsprechungen zwischen Mikrokosmos und Makrokosmos. Der Mensch — eine Hieroglyphe des Weltenalls.,2124,503,False
__shared__,ff3e50b4-004f-5b9e-9619-7107f1a379b4,lecture:19191025,book,Soziale Zukunft,1986,408,False
__shared__,ff5b357b-2201-55ec-acac-aa5ab200170d,f3b36ec2-031d-4715-ad66-dfc7f43cc491,book,Cypherpunks,2278,511,False
__shared__,ff798d40-11aa-5adb-be36-4fa34df46856,lecture:19191014,book,Die Befreiung des Menschenwesens als Grundlage für eine soziale Neugestaltung.,1925,421,False
__shared__,ffaa2b7f-5849-582a-9408-9d8fd06a9de7,lecture:19190425,book,Neugestaltung des sozialen Organismus,1922,427,False
__shared__,ffad73af-1a8f-5a26-b2f0-f1cb5d379394,lecture:19200312b,book,Die Krisis der Gegenwart und der Weg zu gesundem Denken,1945,458,False
__shared__,ffc73746-118f-5f6b-a108-27111d9b95ab,lecture:19190212,book,Die soziale Frage,2048,462,False
__shared__,ffe2a63f-0cce-5624-b763-fe2763c6cc89,c2a4e407-cdf7-4802-be84-010cc485ef00,book,Methodische Grundlagen der Anthroposophie,1896,410,False
__shared__,ffece8b3-223d-536a-9526-00c1c16dbdea,f287d43a-5108-4e0c-baa8-5e7d3badfef7,book,Gesammelte Aufsätze zur Kultur- und Zeitgeschichte,1701,422,False
__shared__,fff545c1-9002-562a-a310-42b04b9ce3cb,lecture:19220728b,book,Nationalökonomischer Kurs.,2090,471,False
